代码,简称,2005/1/31,2005/2/28,2005/3/31,2005/4/29,2005/5/31,2005/6/30,2005/7/29,2005/8/31,2005/9/30,2005/10/31,2005/11/30,2005/12/30,2006/1/31,2006/2/28,2006/3/31,2006/4/28,2006/5/31,2006/6/30,2006/7/31,2006/8/31,2006/9/29,2006/10/31,2006/11/30,2006/12/29,2007/1/31,2007/2/28,2007/3/30,2007/4/30,2007/5/31,2007/6/29,2007/7/31,2007/8/31,2007/9/28,2007/10/31,2007/11/30,2007/12/31,2008/1/31,2008/2/29,2008/3/31,2008/4/30,2008/5/30,2008/6/30,2008/7/31,2008/8/29,2008/9/30,2008/10/31,2008/11/28,2008/12/31,2009/1/30,2009/2/27,2009/3/31,2009/4/30,2009/5/29,2009/6/30,2009/7/31,2009/8/31,2009/9/30,2009/10/30,2009/11/30,2009/12/31,2010/1/29,2010/2/26,2010/3/31,2010/4/30,2010/5/28,2010/6/30,2010/7/30,2010/8/31,2010/9/30,2010/10/29,2010/11/30,2010/12/31,2011/1/31,2011/2/28,2011/3/31,2011/4/29,2011/5/31,2011/6/30,2011/7/29,2011/8/31,2011/9/30,2011/10/31,2011/11/30,2011/12/30,2012/1/31,2012/2/29,2012/3/30,2012/4/30,2012/5/31,2012/6/29,2012/7/31,2012/8/31,2012/9/28,2012/10/31,2012/11/30,2012/12/31,2013/1/31,2013/2/28,2013/3/28,2013/4/30,2013/5/31,2013/6/28,2013/7/31,2013/8/30,2013/9/30,2013/10/31,2013/11/29,2013/12/31,2014/1/31,2014/2/28,2014/3/31,2014/4/30,2014/5/30,2014/6/30,2014/7/31,2014/8/29,2014/9/30,2014/10/31,2014/11/28,2014/12/31,2015/1/30,2015/2/27,2015/3/31,2015/4/30,2015/5/29,2015/6/30,2015/7/31,2015/8/31,2015/9/30,2015/10/30,2015/11/30,2015/12/31,2016/1/29,2016/2/29,2016/3/31,2016/4/29,2016/5/31,2016/6/30,2016/7/29,2016/8/31,2016/9/30,2016/10/31,2016/11/30,2016/12/30,2017/1/31,2017/2/28,2017/3/31,2017/4/28,2017/5/31,2017/6/30,2017/7/31,2017/8/31,2017/9/29,2017/10/31,2017/11/30,2017/12/29,2018/1/31,2018/2/28,2018/3/29,2018/4/30,2018/5/31,2018/6/29,2018/7/31,2018/8/31,2018/9/28,2018/10/31
A.N,安捷伦科技(AGILENT),22.11,24,22.2,20.75,24.01,23.02,26.24,32.16,32.75,32.01,35.66,33.29,33.91,36,37.55,38.42,34.89,31.56,28.44,32.16,32.69,35.6,31.84,34.85,32,31.75,33.69,34.37,38.17,38.44,38.15,36.4,36.88,36.85,37.83,36.74,33.86,30.61,29.83,30.21,37.39,35.54,36.06,34.76,29.66,22.19,18.83,15.63,18.08,13.87,15.37,18.26,18.23,20.31,23.22,25.68,27.83,24.74,28.92,31.07,28.03,31.46,34.39,36.26,32.36,28.43,27.93,26.97,33.37,34.8,35.02,41.43,41.83,42.08,44.78,49.91,49.87,51.11,42.16,36.87,31.25,37.07,37.5,34.93,42.47,43.62,44.6103,42.2751,40.7516,39.433,38.4783,37.3428,38.7395,36.261,38.5783,41.3494,45.2278,41.8948,42.5109,41.9741,46.0358,43.4321,45.433,47.373,52.1757,51.6768,54.5376,58.357,59.3366,58.0917,57.0611,55.2762,58.2426,58.8885,57.5044,58.6014,58.5527,56.8058,61.4187,58.832,54.4095,60.8056,60.0022,59.7423,59.4824,55.8527,59.2838,52.5664,49.8442,54.8243,60.719,60.8705,54.814,54.3773,58.017,59.7472,67.0039,64.9406,70.4304,68.7761,69.1084,63.9425,64.5443,67.0566,72.0756,75.5049,78.0088,81.2254,89.0307,87.7058,88.4157,95.706,94.937,100.808,102.601,99.457,109.0507,101.8629,99.3531,97.8483,92.1625,92.0435,98.5322,100.7702,105.2462,96.8718
AAP.N,领先汽车配件,43.1,50.38,50.45,53.35,59.27,64.55,68.96,60.93,38.68,37.5,42.34,43.46,43.57,41.35,41.7007,40.2786,38.1756,28.9892,30.3634,30.2129,33.1028,35.193,35.7759,35.7959,38.2018,37.8998,38.8658,41.5376,41.7594,40.9217,35.106,35.9037,33.9425,34.5089,36.3699,38.4839,36.2452,33.9761,34.5565,35.1959,40.8995,39.465,41.762,43.7439,40.3694,31.7581,30.903,34.3179,33.3796,39.0092,41.9596,44.6868,43.502,42.4392,47.2877,43.2678,40.2385,38.1693,40.259,41.5277,40.4711,41.856,43.0638,46.3306,53.1723,51.6107,55.0562,56.023,60.4151,66.9014,67.9413,68.1666,65.8893,64.5909,67.683,67.5179,64.0523,60.3903,56.756,62.6928,60.0461,67.2495,71.5385,72.0249,79.276,88.3063,91.6783,95.0216,75.4998,70.6757,72.6752,73.6801,70.9665,73.5588,75.8504,75.0827,76.2969,79.2234,85.836,87.1134,84.6624,84.3594,85.7313,83.2162,85.9933,103.1545,105.0579,115.1791,119.477,132.5372,131.705,126.2806,129.2791,140.539,126.1539,142.1015,135.7868,153.1483,153.2734,166.0496,165.7577,161.5147,156.1144,149.1373,159.7959,166.1892,181.7554,182.8404,197.806,207.0946,169.8358,157.1452,158.7531,154.984,167.4719,163.0433,160.6828,168.8857,177.4852,164.4449,155.8783,146.4286,177.4119,176.8451,171.7422,163.7636,155.0937,148.6917,139.7894,122.0232,117.2298,102.4622,103.8886,85.6034,105.7737,104.4653,122.5941,119.7228,124.2935,119.9949,134.8514,142.3357,148.1361,172.0511,176.6238,167.6315
AAPL.O,苹果公司(APPLE),336.9521,393.1254,365.1702,316.0076,348.4234,322.5802,373.7583,410.9151,469.805,504.6833,594.3327,629.9997,661.7231,600.2042,549.6394,616.8546,523.7875,501.879,595.5596,594.5956,674.6053,710.5352,803.2518,743.4855,751.2849,741.4699,814.206,874.5857,1062.0433,1069.4834,1154.6635,1213.5534,1344.9165,1664.6048,1596.8638,1735.8511,1186.2116,1095.5983,1257.5456,1524.3906,1654.0887,1467.341,1392.9399,1485.6565,996.0462,942.8525,812.1028,747.9548,789.8438,782.6578,921.2069,1102.6966,1190.1552,1248.1688,1431.8493,1474.0888,1624.2932,1651.8979,1751.8881,1846.7254,1683.1218,1793.1636,2059.3952,2288.0319,2251.138,2204.2539,2254.3805,2130.3786,2486.6102,2637.6033,2726.7269,2826.7171,2973.5914,3095.3148,3054.1006,3068.3236,3048.1678,2941.6051,3421.9261,3372.413,3341.6535,3547.2425,3349.3653,3549.1705,4000.3095,4753.6099,5254.0868,5117.6409,5062.8698,5117.8162,5352.3243,5854.784,5871.1979,5239.4174,5174.573,4705.0429,4027.0747,3925.2463,3936.4511,3937.5182,4025.8393,3549.5704,4050.859,4390.1504,4295.8445,4709.9036,5039.8261,5084.6894,4537.0852,4798.0169,4893.7512,5380.1722,5803.6418,5964.1808,6135.5395,6611.0975,6498.2251,6965.8393,7704.0702,7150.2167,7589.4128,8354.2476,8092.1612,8138.9856,8507.9991,8190.9409,7921.5558,7397.1797,7235.801,7839.3311,7793.8293,6934.7293,6412.9446,6404.6871,7219.4317,6209.2809,6654.9393,6371.0414,6944.835,7109.0934,7574.7692,7607.601,7443.2697,7800.2126,8172.6455,9265.9638,9717.1207,9716.4443,10375.2923,9781.681,10101.5791,11182.4409,10508.7671,11526.0965,11759.8214,11580.5329,11457.3576,12238.5788,11528.1201,11354.9716,12889.3009,12767.9055,13125.1944,15755.7726,15624.9532,15148.7431
ABC.N,美源伯根,345.6913,355.4444,339.9567,363.6332,383.3006,410.4884,426.1599,443.4087,459.0263,452.9099,477.4403,491.9982,518.6184,546.8597,573.9708,513.0897,518.6175,498.7485,511.5979,525.6997,538.0803,561.8892,548.0683,535.7936,624.2186,627.4124,629.2016,596.2804,611.5509,590.6564,562.4787,571.9549,541.8331,563.1096,543.2353,537.2486,557.7232,500.3688,491.4936,486.3364,496.5958,480.4952,503.0841,493.625,453.1817,376.3876,378.6292,430.6832,438.6544,384.6102,395.5091,407.3768,450.5394,430.8662,478.9562,519.069,545.132,539.5297,603.3716,637.0959,666.177,687.2629,708.8318,756.1363,768.6327,780.1818,736.4425,672.1855,755.4695,808.9388,762.6297,843.466,886.4798,939.7245,980.6252,1007.3966,1024.5905,1029.0647,952.2577,986.7587,929.1687,1017.1742,929.3497,930.3503,974.879,938.101,995.587,934.0845,931.8627,991.3165,1000.1338,973.7755,978.5786,997.0328,1072.9139,1097.3099,1152.9632,1204.8559,1313.344,1381.5,1384.5095,1429.3115,1491.7783,1462.5093,1569.9108,1678.5969,1818.4456,1812.7734,1733.1052,1755.4382,1696.9667,1686.3591,1899.9722,1886.4714,1996.8141,2015.4971,2013.1532,2224.365,2379.0268,2355.7722,2483.542,2692.904,2978.8088,2995.3185,2957.2235,2793.809,2778.3083,2635.6154,2502.57,2542.6153,2607.7568,2741.793,2367.7078,2298.9167,2297.0589,2258.5755,1999.0323,2114.7405,2271.2398,2327.5941,2161.93,1881.9871,2096.9663,2102.3438,2346.7524,2470.3762,2389.1192,2214.9969,2487.9201,2562.7448,2543.4964,2185.5763,2253.6628,2095.7022,2321.0208,2512.5693,2727.3773,2614.1433,2368.2776,2488.326,2266.3615,2352.7228,2257.8082,2493.3156,2555.6692,2438.7215
ABMD.O,阿比奥梅德,23.76,21.4,21.16,20.3,18.74,17.1,19.5,20.04,20.14,17.26,17.48,18.48,21.9,20.8,25.8,25.86,26.8,25.94,27.32,29.84,29.56,28.4,25.22,28.2,29.42,27.96,27.32,25.64,22.32,21.56,20.68,24.62,24.86,27.34,25.7,31.08,30.2,28.6,26.28,29.18,29.56,35.5,35.46,36.04,35.5,29.16,28.08,32.84,26.98,13.62,9.8,13.34,11.88,17.64,15,16.56,19.42,18.1,16.92,17.46,15.84,20.22,20.64,19.28,19.5,19.36,22.18,18.065,21.22,20.62,22.96,19.22,19.6,24.94,29.06,34.76,37.56,32.4,33.02,24.88,22.06,30.12,40.28,36.94,37,41.76,44.38,48.66,40.66,45.64,45.1,44.66,41.98,39.64,26.7,26.88,27.9,32.08,37.34,36.94,43.14,43.12,50.16,47.1,38.12,48.02,57.18,53.48,54.98,56.38,52.08,47.38,45.6,50.28,51.2,52.1,49.66,65.58,71.04,76.12,103.48,121.58,143.16,126.44,119.44,131.46,154.92,191.8,185.52,147.32,163.14,180.56,170.66,160.02,189.62,194.28,198.62,218.58,235.94,235.88,257.16,209.98,224.48,225.36,212.74,235.94,250.4,260.64,274.86,286.6,296.18,301.6,337.2,385.84,389.68,374.82,470,536.36,581.98,601.9,762.28,818.1,709.06,813.16,899.5,682.4
ABT.N,雅培制药(ABBOTT),2444.6615,2497.3342,2531.5442,2684.8847,2634.6387,2676.6924,2560.7954,2478.4194,2328.495,2379.6179,2084.4458,2179.5199,2400.8653,2458.1745,2363.0301,2394.8019,2392.5606,2443.5496,2694.4803,2746.9372,2739.0404,2696.906,2648.6558,2765.024,3026.2168,3118.7163,3186.0924,3251.4324,3235.9275,3075.1361,2928.8865,2999.3785,3098.183,3174.9875,3342.9794,3263.9244,3283.4208,3129.7113,3223.2228,3103.6814,3315.4967,3116.6257,3335.8481,3400.3862,3409.2676,3288.9518,3124.3551,3182.7989,3330.1951,2843.6406,2865.2653,2536.9118,2731.4993,2851.5253,2751.493,2766.1709,3025.4803,3117.6956,3359.3678,3328.5423,3287.645,3370.8608,3271.4987,3203.8694,2978.4212,2929.5741,3102.1539,3118.5875,3301.8851,3270.6291,2964.0872,3053.3094,2904.7677,3093.8735,3154.9791,3379.0855,3392.7213,3416.7463,3362.6225,3440.5944,3350.8284,3562.1496,3607.1146,3718.2045,3611.5603,3775.6311,4087.766,4174.5222,4156.3604,4336.633,4495.3133,4443.1132,4647.8462,4472.8182,4438.6745,4472.8182,4855.4063,4842.5082,5061.7754,5311.1163,5275.1526,5017.6527,5290.7194,4814.078,4793.8568,5301.5408,5539.4212,5559.728,5347.2254,5802.3084,5617.0663,5684.1758,5870.5182,6001.1045,6213.2566,6230.9582,6135.0746,6464.2621,6600.6953,6676.3267,6672.9056,7062.0093,6906.9641,6955.7872,7282.4485,7354.3739,7632.3101,6819.241,6055.8594,6784.6331,6802.8062,6801.2918,5768.2797,5903.9143,6374.8254,5964.5139,6076.4444,6027.379,6903.7554,6482.5878,6524.2417,6092.1896,5910.5418,5963.3283,6526.8735,7044.0857,6939.3932,6860.7845,7178.3552,7642.1342,7774.5336,8052.7601,8435.3215,8614.7883,8954.7413,9065.9408,9921.7427,9629.6451,9564.2024,9323.1513,9868.4587,9781.851,10558.8514,10768.2885,11818.6961,11152.2758
ACN.N,埃森哲(ACCENTURE),26.05,25.55,24.15,21.7,23.28,22.67,25.04,24.4,25.46,26.6285,28.7843,29.2195,31.9117,33.0554,30.4341,29.422,28.4908,28.6629,29.6143,30.0191,32.0939,33.6782,34.4866,37.792,38.6312,36.6152,39.4396,40.0127,41.8956,43.8911,43.1134,42.1719,41.1895,40.3826,35.7394,37.2595,35.8014,36.4529,36.3702,38.8314,42.213,42.1096,43.1851,42.7714,39.2967,34.7217,32.547,34.4486,33.1563,30.6665,28.8805,30.9186,31.4439,35.1524,36.8439,34.6692,39.1552,39.7111,43.9521,44.4447,43.8985,42.8061,44.9266,47.1468,40.535,41.7558,42.8253,39.5411,45.9044,48.7828,47.2662,52.9071,56.1586,56.1695,59.9774,62.8406,63.1266,66.4595,65.0515,58.9467,57.9458,67.0775,64.4839,59.2522,63.8272,66.2761,71.7972,73.0793,64.2468,67.611,67.8473,69.31,78.7951,76.73,77.3105,75.6942,81.8294,84.6409,86.4735,93.6956,94.4664,82.789,84.9174,83.1226,84.7218,85.6816,90.3096,95.8468,93.119,97.1641,92.9325,94.6395,96.0906,95.371,93.5306,95.6305,95.9373,97.0003,103.2302,106.7936,100.48,107.6545,112.031,111.9723,116.0693,116.9637,124.6138,113.9302,118.7523,130.9488,130.9732,127.6506,128.921,122.4713,140.9654,139.2753,146.7374,139.7317,139.1396,141.8408,150.6842,144.8615,148.837,145.9707,141.908,152.6629,149.3978,152.7357,156.7273,155.7325,162.2046,164.6474,170.0743,180.9897,188.1728,194.6313,204.3063,204.7004,195.1525,193.9247,199.7476,209.8158,204.352,216.8443,218.2936,204.0066
ADBE.O,奥多比(ADOBE),9424.8977,10228.2502,11128.1163,9852.4501,10974.0423,9479.6906,9820.9727,8959.4838,9890.5545,10685.7749,10805.058,12246.3951,13164.212,12773.2286,11580.3979,12988.6008,9486.3174,10059.5388,9446.5564,10748.7299,12412.066,12673.8261,13306.689,13624.7772,12879.258,13005.1679,13816.9555,13770.5676,14598.9554,13303.3756,13349.7635,14164.8644,14466.3855,15871.275,13962.7459,14158.2376,11573.7711,11149.6535,11792.4567,12355.7379,14598.9223,13051.5558,13700.9858,14191.3718,13078.0631,8826.9471,7673.8774,7054.2682,6398.2113,5533.409,7087.4023,9062.1998,9337.2136,9376.9746,10742.103,10410.7612,10947.535,10914.4008,11623.4724,12186.7535,10702.342,11480.9954,11719.5615,11133.0864,10629.4468,8757.3653,9516.1382,9178.1695,8664.5896,9327.2733,9211.3036,10198.7024,10950.8484,11431.2941,10987.296,11116.5193,11474.3685,10420.7014,9181.4829,8363.0685,8008.5327,9744.764,9085.3937,9367.0343,10255.0305,10897.8337,11368.3391,11116.5193,10288.1647,10725.5359,10231.8366,10361.0599,10747.0732,11273.9067,11467.7417,12484.9612,12534.6625,13025.0484,14418.3409,14936.891,14217.8791,15095.935,15665.843,15158.89,17209.8961,17965.3555,18813.5907,19840.4191,19612.1246,22739.9917,21782.4137,20440.4792,21384.8035,23975.8968,22945.3905,23823.4796,22925.5431,23233.6911,24413.2681,24088.5531,23237.0045,26209.141,24499.417,25201.8617,26205.8275,26842.0039,27166.7189,26033.5298,27242.9276,29376.7691,30304.5263,31126.2541,29532.4998,28213.7592,31079.8663,31219.0299,32958.5746,31739.2366,32425.1142,33899.5855,35963.8453,35622.5631,34065.2564,34111.6443,37567.5398,39210.9955,43117.516,44313.6601,47004.156,46864.9924,48538.2688,51411.0027,49429.5784,58037.8398,60128.607,58064.3472,66188.8495,69293.5227,71596.3487,73425.3557,82596.8983,80784.4584,81072.7258,87311.893,89445.7345,81430.575
ADI.O,亚德诺(ANALOG),1128.5013,1156.5004,1138.2333,1074.2982,1171.0165,1178.28,1237.9678,1154.276,1176.1265,1101.3915,1204.6625,1139.537,1263.4343,1215.5022,1220.2826,1208.4909,1080.095,1029.1803,1035.2645,986.8624,946.602,1024.8682,1052.409,1063.7357,1059.8522,1175.0606,1121.7897,1256.1182,1183.5858,1230.3278,1158.7439,1211.5929,1187.9393,1099.238,1011.1939,1047.6292,937.2481,889.6586,982.0544,1071.5438,1174.8102,1063.051,1020.8903,942.2645,888.0068,719.8415,576.2776,648.9204,681.6734,635.9556,664.7386,734.0757,849.2268,862.0992,952.2056,989.831,966.3554,898.0307,1050.7976,1113.8436,950.8937,1031.3105,1023.4072,1062.8236,1043.8458,996.9675,1063.1696,1005.2259,1131.4199,1213.9869,1282.1317,1366.6638,1408.7485,1446.8424,1436.7721,1470.703,1511.4213,1436.8966,1262.883,1221.5427,1156.0633,1352.8715,1299.3874,1333.6799,1458.5493,1461.5313,1517.8457,1464.4957,1377.6372,1426.8791,1480.2877,1516.7928,1495.2279,1493.1783,1549.6172,1617.2779,1678.0316,1752.0228,1801.2282,1704.3672,1792.935,1758.9735,1927.6101,1820.0032,1850.2842,1938.7675,1896.2955,2016.704,1911.3744,2027.1126,2119.653,2045.86,2104.021,2171.9056,1993.5579,2053.4088,2002.5719,2007.8322,2210.9624,2261.7282,2122.6107,2400.8649,2583.7801,2536.2057,2803.9795,2648.2257,2406.6528,2323.1032,2345.9766,2500.2679,2563.0657,2315.69,2254.5745,2236.4093,2498.0764,2376.9498,2486.8958,2407.8253,2713.4797,2677.1143,2757.9926,2743.0151,3194.9379,3125.2208,3225.0626,3545.1415,3546.0069,3297.2022,3710.867,3385.4542,3438.1071,3640.8863,3770.236,3994.6912,3787.5077,3915.9425,4041.2984,3965.2052,4029.1638,3862.0373,4296.6547,4260.9781,4270.751,4412.2782,4127.0535,3736.4877
ADM.N,阿彻丹尼尔斯米德兰,445.2572,444.9547,453.8169,332.1467,368.0897,396.4613,425.3893,419.14,459.1734,453.7735,440.4418,460.8101,588.6261,594.6616,630.8437,681.2737,781.0916,775.6426,826.7508,775.4662,713.4967,725.1749,662.9766,603.6676,604.4231,650.9523,695.4862,733.3873,666.1717,629.0988,638.7948,642.8431,631.0164,682.5201,695.5914,888.4816,841.5986,865.5906,789.9714,845.6302,764.2456,649.705,551.1424,492.6326,423.9427,401.1105,532.4841,560.6836,532.4841,521.0357,542.9247,481.1665,540.8807,526.1402,591.9814,569.5755,577.2805,595.0612,611.3737,621.2953,594.7052,585.5512,576.377,557.2309,506.7787,517.8087,548.6928,620.9817,643.354,671.5713,587.2169,609.2957,661.7584,756.4145,732.6112,753.1593,662.6828,616.4729,621.1756,585.6388,510.172,595.0979,623.0236,591.5828,592.2033,649.0353,658.6044,641.3384,666.7111,617.3561,545.624,563.2279,572.2816,565.1229,566.097,580.7265,604.8969,679.6123,719.5017,723.9812,691.3695,727.4074,782.3223,759.2375,794.3853,881.9316,871.9425,940.1815,855.2619,884.7315,945.5295,952.9386,984.5962,966.4116,1016.5835,1097.6802,1124.9791,1034.7166,1165.1419,1150.1021,1031.3319,1065.3361,1054.6561,1087.5862,1182.1492,1078.5853,1060.6909,1012.3421,932.6868,1027.4181,827.2134,831.5206,801.3701,799.76,830.6432,913.6846,986.288,989.0552,1039.5572,1016.0341,979.117,1011.6227,1010.9966,1067.5918,1035.0846,1106.4236,1084.5166,1077.6853,986.9516,982.2044,1001.1933,988.3192,1016.7824,977.5558,961.6098,966.4323,1035.6354,1008.9787,1053.9356,1102.7806,1070.5162,1122.1811,1181.6814,1242.4151,1239.2104,1164.7641
ADP.O,自动数据处理,95.8333,94.6872,99.4296,96.0895,96.8858,93.1682,98.5847,94.8997,95.8907,103.9558,104.7133,102.6667,98.2827,103.3153,102.589,98.9957,102.1174,102.2618,98.6765,106.4335,107.1664,111.9203,109.1811,112.0264,108.5462,113.1637,110.6143,102.2954,113.5853,111.307,106.5994,105.0378,106.0219,114.4011,104.0136,103.4493,93.5759,92.8093,99.1967,103.4323,100.7412,98.7138,100.6221,104.5565,101.3715,82.8757,97.3641,94.0791,86.8809,81.6676,84.8923,84.9889,91.7735,86.3121,90.7202,93.3992,96.535,97.7632,106.7289,106.0193,100.9931,103.0234,110.9685,108.2236,102.0102,101.3015,103.8428,97.1498,106.6691,112.9124,113.1155,118.3715,122.515,127.8862,132.1721,140.0287,141.9607,136.6293,133.543,129.7564,123.2108,136.747,133.5067,142.2145,144.242,143.0308,146.3948,147.5354,138.331,148.7758,151.1547,155.2443,157.8543,155.5131,152.701,154.3559,160.7546,166.3671,177.5502,183.8572,187.625,189.2157,198.0967,195.5357,200.0683,207.3795,221.1863,224.7135,213.0355,216.3172,216.2032,218.1621,222.9753,223.2053,228.9206,235.03,235.2544,263.9714,276.4308,270.6592,267.9322,288.4175,279.6379,276.0461,279.2134,263.5255,262.0146,253.9673,265.6169,287.5313,285.1184,281.7581,276.3372,281.6584,300.2149,295.9648,293.9569,309.3306,299.4988,302.3945,298.7355,294.8743,325.222,350.1977,344.0987,349.6525,350.7864,357.981,350.7179,353.0146,409.6912,366.8306,378.6474,402.6852,396.4506,408.1245,430.5524,401.6121,397.3776,413.4856,455.2964,472.1171,475.1088,516.4991,532.7592,509.4912
ADS.N,联合数据系统,43.42,39.45,40.4,40.4,37.72,40.56,42.57,42.07,39.15,35.56,38.57,35.6,42.25,43.26,46.77,55,53.07,58.82,51.32,50.54,55.19,60.72,64.71,62.47,67.93,59.7,61.62,63.66,77.92,77.28,76.8,78.45,77.44,80.4,77.7,74.99,50.57,50.63,47.51,57.41,60.04,56.55,64.15,64.24,63.38,50.16,43.31,46.53,41.59,29.6,36.95,41.87,40.5,41.19,51,55.56,61.08,54.98,60.99,64.59,59.46,55.44,63.99,75.06,70.66,59.52,57.48,56.19,65.26,60.72,63.08,71.03,70.74,78.74,85.89,95,93.93,94.07,98.34,93.41,92.7,102.44,102.41,103.84,110.8,121.36,125.96,128.49,126,135,130,137.65,141.95,143.05,142.49,144.76,157.6,158.69,161.89,171.77,177.09,181.03,197.78,195.7,211.47,237.06,242.26,262.93,239.66,285.11,272.45,241.9,256.05,281.25,262.29,264.64,248.27,283.35,285.87,286.05,288.83,278.51,296.25,297.31,298.03,291.94,275.04,257.19,258.98,297.31,286.85,276.57,199.79,210.13,220,203.31,222.19,195.92,231.62,204.58,214.53,204.47,229.3634,229.0827,228.9624,244.159,250.2082,250.8412,242.7882,258.4552,243.0903,227.5599,223.5739,225.7738,242.014,256.3869,259.6034,244.284,215.7964,205.8511,214.3194,237.0709,228.6128,243.1476,240.6813,210.1273
ADSK.O,欧特克(AUTODESK),829.1183,838.9988,840.5613,899.0278,1117.9239,969.9219,965.6852,1220.1696,1311.6823,1274.3994,1179.7797,1212.5436,1146.451,1063.4117,1087.9846,1187.4058,1027.8234,973.3112,963.4256,981.7846,982.3495,1037.9915,1163.1154,1142.7792,1234.8568,1162.268,1061.9995,1165.6574,1283.7201,1329.7589,1196.7265,1308.293,1411.386,1381.1642,1330.0414,1405.4546,1162.268,878.1267,889.1421,1073.2973,1162.5505,954.9522,900.7224,1003.533,947.6086,601.8939,468.579,555.0077,467.7317,358.4248,474.7929,563.1987,606.1306,536.0838,616.0162,661.7725,672.2231,704.1395,662.3374,717.697,671.9406,787.4613,829.8283,960.0362,826.439,688.0401,834.3475,783.2246,902.982,1022.3863,996.7543,1078.9463,1148.9931,1187.6882,1245.8723,1270.4451,1213.9558,1090.2441,971.6165,796.4996,784.9193,977.2655,962.2958,856.6608,1016.808,1069.0606,1195.3143,1111.9925,904.3942,988.2809,958.0591,876.9969,941.9596,899.6491,935.7458,998.449,1098.1527,1037.1442,1165.0925,1112.275,1065.6713,958.624,999.5788,1037.9915,1162.8329,1126.9622,1278.0712,1421.2434,1447.5392,1482.2801,1389.0727,1356.3089,1479.1732,1592.4343,1506.853,1515.0439,1556.2812,1625.1981,1751.1694,1696.3747,1525.3532,1814.4374,1656.2673,1605.1444,1529.4487,1414.3517,1428.6153,1320.4382,1246.7196,1558.8232,1792.689,1720.9476,1322.4153,1461.3791,1646.9465,1689.596,1645.8167,1529.1663,1679.1455,1903.6906,2042.9368,2041.5245,2050.8453,2090.3878,2297.4212,2437.5148,2442.3164,2543.9972,3156.9064,2847.6273,3129.2267,3232.8846,3170.7463,3529.4536,3098.44,2960.8884,3265.6484,3317.901,3546.9653,3556.0036,3646.3865,3702.5934,3627.745,4359.5644,4409.275,3650.6232
AEE.N,阿曼瑞恩(AMEREN),77.5248,79.6129,76.7481,80.9606,85.4706,87.613,88.1199,87.0268,85.7198,84.2935,84.0691,83.1117,82.3331,82.1871,81.8352,82.7387,81.2932,84.0075,85.671,89.0812,88.872,91.0774,92.1043,91.5151,90.4591,88.9091,86.7398,90.6543,91.5165,85.5447,83.7468,88.6341,92.7967,95.5541,95.1829,96.9626,80.0241,76.3753,79.9612,82.3578,82.5212,77.8068,75.7064,77.125,73.0724,60.7532,66.6133,63.4656,63.4465,45.3762,45.078,44.7475,45.214,49.1687,50.2354,53.2776,50.6645,48.7806,52.0874,56.8255,51.946,50.2382,53.8224,53.5747,50.8919,49.8519,53.2075,58.8701,60.3735,61.6065,61.0538,60.7269,61.1147,60.2315,61.3148,64.0234,64.8972,63.8423,63.798,66.9857,66.771,71.5035,75.8322,75.2339,71.8503,72.8268,74.9238,75.4067,74.3029,78.0707,79.6302,76.162,76.9753,77.47,70.6137,73.3676,77.4754,80.6995,84.6361,87.6087,82.2676,84.1991,87.5485,82.6589,86.2173,89.5334,88.7167,90.4771,94.6806,101.1111,104.132,104.41,99.4561,104.3837,98.1789,102.1112,98.8542,109.1961,111.1819,120.1082,117.895,110.4224,110.9869,107.6731,105.8057,100.1695,109.2082,107.108,113.5794,117.368,117.583,117.3092,121.8952,127.4039,137.183,131.4328,135.677,147.9696,144.8213,136.4811,136.9907,139.1356,136.8236,147.4335,147.9675,153.7007,154.6772,154.9605,160.7974,156.1242,160.2079,171.3168,166.3788,178.3164,183.9832,170.9165,164.0786,157.3277,165.4715,171.2862,172.9518,179.2751,182.8399,186.287,187.561,191.5959
AEP.N,美国电力,256.2266,245.2091,250.0546,258.5708,264.6289,273.3782,286.947,278.2279,297.0858,284.0649,276.2007,280.358,282.0966,278.7626,259.822,255.5451,264.6186,264.4642,278.9036,284.5632,283.7052,323.1758,326.8867,335.3128,342.794,356.6703,387.2534,398.9305,381.2995,360.5654,348.1569,359.0152,371.9294,389.1214,388.0924,379.0556,347.8747,336.3155,342.1509,366.8075,351.1526,333.7319,327.6761,327.2149,310.368,273.4893,265.6879,282.5853,266.1974,241.1161,217.1335,226.7609,229.9468,252.2081,270.2791,278.0827,274.1898,267.377,288.5835,311.8926,310.6375,305.1223,310.2046,311.2937,293.754,296.879,330.703,329.2621,336.8869,348.1382,335.1178,338.6949,335.8709,341.1667,335.0643,347.8413,368.8702,363.849,355.9308,377.8182,371.8521,384.1754,392.7301,408.8629,391.5424,376.6817,386.3967,389.0007,390.4598,404.5533,428.279,440.8044,450.5454,455.6722,442.115,442.4259,469.4815,490.1673,509.443,538.7755,484.6558,473.6553,490.2618,457.609,463.4895,500.8039,508.6169,505.1584,527.5306,548.2706,553.2946,587.698,588.2392,614.9222,573.2438,597.9793,581.3873,649.6483,646.5876,682.2033,705.6849,652.4619,637.3911,644.4166,643.9498,605.9695,647.153,626.9356,656.6137,654.1886,653.274,679.6336,711.1251,726.6987,781.4217,747.2934,768.3731,831.9986,822.6209,772.8525,768.5436,776.0842,713.4385,760.6789,773.969,816.6643,818.6154,827.1516,882.9346,854.5203,867.6819,913.2381,871.1917,922.9125,970.8206,920.0473,860.1448,828.0925,866.1004,883.6523,866.003,882.5712,906.6587,922.2393,911.3108,943.1964
AES.N,爱依斯电力(AES),92.6981,110.446,108.0708,106.0915,98.2402,108.0708,105.8935,103.8482,108.4007,104.8379,104.0462,104.442,112.4253,114.1407,112.5572,111.9634,121.3982,121.7281,131.0309,140.1357,134.5277,145.084,154.1889,145.4139,137.1668,140.6636,141.9831,145.084,156.5641,144.3583,129.6454,119.4849,132.2185,141.2574,144.1604,141.1254,125.9506,118.6271,109.9841,114.5366,128.5237,126.7424,106.4873,100.6813,77.1274,52.5839,50.7365,54.3653,52.188,41.5657,38.3328,53.6667,75.8317,88.1288,97.0859,103.7658,112.4951,99.2113,96.7063,101.0331,95.8714,88.736,83.4984,87.5974,77.9572,70.1387,78.2608,77.7294,86.1552,90.6337,82.0562,92.4555,94.1255,93.8978,98.6799,100.5017,98.3763,96.7063,93.4423,82.4357,74.0859,85.1684,91.6964,89.8747,96.8582,102.9308,99.2113,95.0364,91.7723,97.3895,91.5446,86.4588,83.2707,79.6283,81.3047,81.5333,82.91,88.8759,96.142,106.3243,93.5899,91.9789,95.7399,97.8178,102.2816,108.7427,112.4472,111.9841,108.9072,105.7313,110.6112,112.3194,109.5989,120.8697,113.9404,118.3857,110.5869,110.1397,108.5741,107.7913,96.4331,102.3517,101.4047,104.5613,108.1394,105.4359,102.5778,96.1667,78.456,88.5484,80.7852,77.3889,77.7566,80.212,96.5818,92.235,91.6565,103.1446,102.9859,100.651,107.1554,99.0713,96.3778,97.8088,97.318,97.9986,95.1063,97.2312,100.412,95.5118,96.1136,95.9398,95.766,93.4206,92.9812,95.1783,102.7442,96.6116,101.0555,109.9491,114.5304,120.459,120.0098,122.0864,126.9843,133.4154
AET.N,安泰保险(AETNA)(退市),127.4841,146.519,150.4122,147.2414,156.5531,166.206,155.329,159.8845,172.8687,177.7252,185.6949,189.3489,194.3482,204.7884,197.3196,154.5951,154.4345,160.3372,126.4468,149.6561,158.8114,165.5172,166.0436,173.56,169.4601,177.7402,176.0118,188.432,212.7496,198.561,193.2151,204.6304,218.1357,225.7727,224.7737,232.2152,214.2349,199.5128,169.3043,175.3782,189.698,163.0293,164.9601,173.5279,145.2501,100.038,87.9193,114.835,124.9083,96.1794,98.0328,88.6849,107.9046,100.9339,108.6702,114.835,112.1354,104.8826,117.4504,127.9003,120.9203,121.001,141.6587,119.2257,117.6522,106.4357,112.3667,107.8075,127.5372,120.4765,119.6603,123.2558,133.0726,150.9288,151.2115,167.8515,177.1811,178.8442,168.8867,162.9437,147.9234,162.5063,170.9259,172.4382,179.3178,191.8742,205.8257,181.3638,168.3916,159.6611,149.1872,158.9096,163.8329,181.5088,179.4316,192.3935,201.242,196.9026,213.3424,240.5541,252.8666,266.1004,269.5911,266.3142,268.9609,264.224,290.4778,289.045,288.8643,307.3807,316.9348,302.9891,328.8567,343.8259,329.6715,349.2316,344.4266,351.8833,372.0555,378.8364,392.6846,425.7433,455.5945,458.1106,505.6921,546.3721,485.3231,491.9819,470.0292,494.2157,442.4174,465.5393,439.5425,468.8482,484.9037,485.68,489.833,528.3344,499.4708,507.7513,500.5113,466.4118,568.4706,538.7958,516.382,560.5712,555.3033,590.3253,633.1126,663.5751,676.6102,691.4745,697.2185,747.9341,792.5823,793.5061,824.0346,780.9848,745.4333,792.0401,779.1232,811.7249,835.5745,888.2664,899.7096,882.1834
AFL.N,家庭人寿保险(AFLAC),2294.2022,2231.8758,2169.5719,2366.9645,2425.9618,2526.9706,2633.2341,2529.8515,2651.6028,2796.7678,2815.9285,2723.2375,2754.33,2720.7043,2654.8191,2796.5899,2760.4502,2733.9074,2603.5528,2666.4356,2707.2574,2657.5613,2620.8275,2731.2656,2826.8599,2815.7798,2805.0508,3060.1638,3163.2085,3075.8403,3118.926,3202.6213,3426.7026,3771.5356,3776.2505,3775.6476,3682.8088,3776.963,3930.6801,4034.772,4077.1134,3814.1326,3377.4509,3458.6593,3583.7079,2701.0482,2840.5881,2812.3663,1423.9752,1041.457,1203.0195,1795.2084,2225.3369,1948.8937,2373.2748,2563.3516,2697.1356,2618.2535,2923.0878,2937.0587,3075.4973,3159.0473,3468.2443,3255.5117,2847.4164,2742.6469,3161.7249,3054.94,3343.3005,3613.5576,3348.1019,3668.6096,3743.373,3846.9495,3449.5752,3672.4447,3140.8836,3067.9315,3027.1834,2499.1302,2315.6044,2987.4278,2899.4318,2887.4175,3219.1435,3175.4147,3090.737,3026.8927,2714.2152,2884.1923,2964.779,3149.9733,3265.9317,3395.5321,3640.1129,3649.0431,3644.9215,3455.7163,3598.9262,3766.3503,3877.3971,4046.585,4294.4488,4047.0059,4341.1298,4550.5181,4673.4841,4703.7628,4420.6921,4539.1429,4465.4739,4442.8066,4363.5307,4436.2206,4257.3465,4391.2779,4176.8768,4283.0017,4311.3515,4409.5172,4120.0727,4521.7682,4649.6126,4579.1529,4547.4441,4545.9823,4681.1924,4308.8195,4274.2607,4687.4956,4828.3677,4433.158,4289.5799,4436.6753,4706.5135,5141.087,5208.6203,5411.0861,5420.0846,5594.0307,5419.8299,5193.5952,5414.9457,5279.9134,5309.4991,5522.464,5527.8071,5715.5785,5787.4325,5964.019,6122.9469,6372.2413,6282.698,6475.6792,6801.4148,6812.2797,6844.8743,6937.8885,6831.7282,7114.302,7074.8889,6754.5877,7307.2643,7300.7383,7431.7853,6800.2336
AGN.N,艾尔建医疗(ALLERGAN),59.66,63.48,61.46,60,60.12,59.12,66.8,69.38,73.22,69.12,66.72,65.02,66.18,59.96,57.48,56.88,50.66,46.56,44.78,51.28,52.34,53.82,51.34,52.06,54.44,52.72,52.86,54.6,61.72,65.06,60.84,59.64,64.8,61.12,58.62,54.28,52.22,55.62,58.64,62.08,57.12,54.34,57.82,60.62,57,52.34,47.5,53.14,54.56,56.54,62.22,61.88,60.5,67.38,69.46,70.58,73.28,68.84,74.18,79.22,76.74,79.58,83.54,85.64,88.32,81.14,81,86.14,84.62,93.3,97.48,103.3,109.04,111.98,112.02,124.04,128.7,137.46,134.26,134.24,136.5,134.32,129.24,120.68,117.26,116.64,134.12,150.72,142.58,147.98,155.66,162.7,170.32,171.9,176.02,172,172.78,170.32,184.22,211.46,246.58,252.44,268.54,270.36,288,309.16,326.14,336,377.96,441.64,411.7,408.66,423.08,446.1,428.52,453.96,482.56,485.48,541.22,514.82,533.08,582.72,595.24,565.72,613.62,606.92,662.3,607.48,543.62,616.94,627.78,625,568.86,580.22,536.06,433.12,471.5,462.18,505.9,469.08,460.62,417.88,388.6,420.02,437.78,491.0313,479.1978,489.1058,450.1523,489.0616,507.6511,463.0826,413.5819,357.644,352.2076,331.4394,365.2358,313.8377,342.4702,312.6778,308.3079,340.856,376.3687,393.4835,390.9589,324.3144
AIG.N,美国国际集团,2160.5532,2177.1754,1809.3458,1660.4446,1813.9174,1901.4631,1970.1907,1942.3783,2032.9351,2126.1168,2207.7589,2243.6013,2152.5156,2182.1103,2178.1554,2150.4712,2008.7829,1950.9643,2004.4878,2114.0458,2194.8711,2225.015,2334.8746,2379.3674,2272.7839,2233.8114,2237.4728,2327.0117,2413.4355,2336.3683,2141.1983,2201.9179,2263.7679,2112.1808,1945.2007,1957.9261,1846.0925,1573.7292,1458.8588,1558.3648,1214.3102,897.5028,883.5959,728.9242,114.094,65.4413,68.8676,53.7921,43.856,14.3902,34.2625,47.2822,57.9036,39.7445,22.5104,77.6559,75.5659,57.5952,48.6527,51.3595,41.509,42.4341,58.4861,66.6405,60.6103,59,65.9039,58.1263,66.9831,71.9683,70.7349,98.7102,69.1246,63.4884,60.1992,53.3638,48.824,50.2288,49.1667,43.3934,37.6031,42.297,39.9329,39.7445,43.0165,50.0575,52.8156,58.2976,49.989,54.9742,53.5694,58.8115,56.1733,59.8394,56.7558,60.4733,64.8075,65.1158,66.5035,70.9576,76.1655,76.5766,77.9643,79.5917,83.4789,88.6631,85.4015,87.8098,82.4948,85.6081,86.2312,91.6109,93.2318,94.3257,89.8324,96.8835,93.5693,92.7899,94.9204,97.2396,84.8437,96.059,95.3339,97.9439,101.9806,107.7918,111.8022,105.2112,99.5498,110.4824,111.3935,109.0536,99.3924,88.341,95.7098,98.8441,102.4919,94.1852,96.9454,106.5438,106.2476,110.4732,113.3917,117.5224,115.633,115.0212,112.9128,110.1637,115.0831,113.6422,118.968,109.9341,112.1792,118.0631,109.5661,109.4552,117.4283,105.3401,100.5509,103.4702,97.5392,98.5421,102.6124,98.8209,99.5559,77.21
AIV.N,公寓投资与管理,59.017,63.6098,61.8475,63.377,62.3834,68.8067,73.9856,67.8109,65.9075,65.2616,66.5431,65.7864,73.8642,76.9737,81.473,77.6339,75.8607,76.2115,84.3501,90.6371,96.2444,101.3918,102.7625,100.6492,112.5251,105.7517,103.6496,99.3556,99.3522,91.2946,76.5014,81.7868,82.5736,85.5011,73.5509,64.9593,73.825,64.4356,66.9793,69.1677,74.8133,64.3958,65.2932,67.72,66.9174,28.702,22.5025,27.2621,20.9836,12.3211,12.9348,17.2306,22.5669,21.134,22.3997,29.3383,35.5579,29.7722,32.8074,38.8923,37.5242,40.7734,44.9753,54.7472,50.6432,47.5501,52.7053,50.4235,52.7424,57.5035,59.7549,64.016,63.3223,63.8573,63.4092,67.1186,66.8529,63.8517,68.2785,66.7601,55.579,61.9861,55.0167,57.8711,62.039,63.2054,67.2003,69.0832,69.3397,69.2372,70.2618,68.3536,67.0887,68.8957,65.2306,70.4084,70.9809,77.709,80.4375,81.6181,79.9745,79.393,77.6487,73.3716,74.4643,74.5709,67.5359,69.6876,75.2282,81.091,81.9863,83.6412,86.1212,88.2824,93.5077,94.4928,87.7374,98.6839,103.446,103.1683,110.6942,105.4102,110.11,105.5501,106.9515,104.1318,110.1942,102.3631,105.1758,111.3409,109.1736,114.6738,112.1528,105.8302,120.891,115.8033,124.2665,128.666,133.9397,132.619,134.7618,129.3607,124.5801,134.4932,130.4096,138.7906,132.2881,130.4685,129.1127,129.2631,137.0243,137.4391,132.9821,133.3459,134.7685,133.6069,127.891,119.3426,125.7944,125.3313,127.2716,131.8538,132.9447,137.7262,138.7639,135.3364
AIZ.N,美国艾斯兰(ASSURANT),32.7885,34.745,34.038,33.4219,35.5861,36.5479,37.4084,37.8742,38.6148,38.7569,44.8449,44.2046,46.6745,46.2299,50.1503,49.0505,49.8758,49.3861,49.1514,52.603,54.607,53.8402,56.2932,56.5902,56.9282,54.8477,55.0324,59.0344,61.1277,60.5827,52.1513,53.1173,55.1373,60.2285,67.5544,69.0722,66.8833,64.7051,62.9569,67.2395,70.5246,68.3787,62.3245,60.7206,57.1562,26.4789,22.8243,31.4529,27.6785,21.5155,22.971,25.7765,25.0891,25.5775,27.0958,31.9596,34.2112,31.9382,32.778,31.6093,33.7001,32.885,37.0441,39.253,37.5586,37.5586,40.3619,39.7488,44.2499,42.9888,38.5233,42.0731,42.8486,44.5542,42.2294,43.5344,40.756,39.9626,39.2465,38.955,39.6528,42.6877,43.674,45.6997,44.0747,47.4652,45.2635,45.0846,37.5389,39.1808,40.7215,39.8843,42.2038,42.7809,38.9453,39.5032,43.5332,48.0466,51.5022,54.3972,57.2009,58.5463,62.2838,61.2751,62.4997,67.5598,75.6198,77.285,76.0973,76.724,75.9407,78.8049,79.5954,76.9426,74.372,78.6746,75.7869,80.4072,79.9826,80.9766,75.1545,72.8285,72.9949,73.0543,78.6272,80.0003,89.075,89.1362,94.723,97.7441,103.1299,97.1245,98.053,86.3521,93.6999,102.7116,106.7449,105.4257,101.3948,110.0167,113.3338,98.9229,106.7343,114.7944,120.073,123.0475,118.9086,119.6171,122.4326,129.5676,131.5419,118.9516,119.9942,126.4386,127.4402,127.4023,115.5767,108.6765,116.2293,118.0221,119.3843,132.3522,141.0615,132.2037,138.7997,124.9905
AJG.N,亚瑟加拉格尔,386.0261,388.7602,378.6421,366.0207,363.1283,360.4464,370.5437,379.4452,386.4283,394.6102,408.4256,417.9174,394.6397,399.1057,380.4484,375.3867,363.6217,350.7883,376.1215,370.9995,373.3544,389.8733,410.0319,417.8432,405.3998,404.8342,405.002,399.7125,420.2986,402.9519,398.616,426.7995,423.2033,388.7276,383.9069,357.7312,375.4773,349.006,353.9689,368.2056,382.5921,365.8092,385.997,401.9347,394.0957,374.1298,380.8875,403.0452,366.6452,246.8671,269.1778,355.948,331.722,342.9008,367.9676,381.9472,396.6966,363.1638,364.6288,371.6377,372.2981,391.7797,410.5541,439.318,412.8953,412.8115,430.4212,420.7697,451.9813,482.6619,481.2907,503.9249,514.3223,544.128,532.7174,521.6811,502.9371,505.939,498.4935,500.0889,471.9641,554.513,555.9486,606.0075,604.1952,618.3306,653.8623,687.1591,635.5673,647.9906,655.5662,660.0007,668.0476,660.9605,687.5335,652.3284,695.6287,731.0495,784.8144,806.4723,836.3713,836.5627,849.7746,798.2016,842.8035,916.1748,898.6043,913.0006,899.3824,905.8946,932.9538,882.757,898.6396,920.9389,889.3187,933.3894,903.3422,949.9432,954.9219,944.6839,891.5103,942.878,945.5073,967.35,979.8893,964.0065,966.656,891.0437,848.7334,899.1064,899.5176,848.9042,780.4776,826.3027,931.019,963.6717,1011.6041,1004.2201,1037.7644,1050.4634,1081.5032,1025.3764,1078.4443,1112.9288,1152.9822,1219.8094,1219.378,1203.6343,1231.9089,1243.2009,1276.6425,1265.8216,1345.6186,1384.5334,1447.6892,1391.6113,1502.4476,1519.8208,1520.4845,1548.3589,1475.3149,1453.0561,1588.1672,1605.7517,1666.2378,1656.6128
AKAM.O,阿卡迈技术(AKAMAI),13.1,11.01,12.73,11.81,14.04,13.13,15.27,13.84,15.95,17.34,19.96,19.93,21.8799,26.5,32.89,33.69,31.29,36.19,39.63,39.2,49.99,46.86,48.87,53.12,56.18,51.57,49.92,44.08,44.21,48.64,33.96,32.22,28.73,39.19,38.06,34.6,30.2,35.16,28.16,35.77,39.05,34.79,23.34,22.9,17.44,14.38,12.27,15.09,13.48,18.09,19.4,22.02,22.27,19.18,16.44,17.64,19.68,22,24,25.33,24.7,26.3,31.42,38.83,39.72,40.57,38.36,46.07,50.18,51.67,52.19,47.05,48.32,37.53,38,34.43,33.935,31.47,24.2,21.94,19.88,26.94,28.91,32.28,32.23,36,36.7,32.59,29.34,31.75,35.18,37.51,38.26,37.99,36.62,40.91,40.71,36.96,35.32,43.91,46.12,42.55,47.2,45.98,51.7,44.755,44.72,47.18,47.68,61.13,58.21,53.07,54.34,61.06,59.02,60.42,59.8,60.3,64.61,62.96,58.155,69.51,71.045,73.78,76.27,69.82,76.71,71.31,69.06,60.82,57.61,52.63,45.62,53.97,55.57,50.99,54.58,55.93,50.53,54.9,52.99,69.47,66.7,66.68,68.59,62.6,59.7,60.94,47.15,49.81,47.14,47.15,48.72,52.25,55.78,65.04,66.99,67.46,70.98,71.65,75.38,73.23,75.26,75.14,73.15,72.25
ALB.N,美国雅宝(ALBEMARLE),42.7031,46.2181,44.4,44.7053,46.4515,44.7214,46.7202,44.5252,46.4374,43.2225,45.3288,47.4408,54.1455,52.5126,56.3212,59.3887,59.6123,59.684,62.8502,68.4347,67.9523,81.3352,87.2261,90.0258,97.7745,102.7648,103.9236,106.714,102.1639,97.1188,101.4038,102.0087,111.7074,120.7047,111.5558,104.507,91.8395,96.1211,92.824,95.0862,113.0308,101.7246,99.2267,101.2913,78.8818,62.2819,51.9996,57.3667,57.2381,49.7778,56.4147,69.5013,73.1292,66.5613,77.3382,83.898,90.3978,82.5076,88.1771,95.3536,93.6494,98.29,112.1457,120.1167,113.2769,104.8149,115.1354,105.818,123.9784,132.7716,143.2598,148.1102,149.1192,152.8365,159.1832,187.8932,188.6656,184.7631,177.7677,135.395,108.2672,142.8109,146.1339,138.5168,172.9376,178.8806,172.4384,176.1613,163.7518,161.433,157.5894,148.1427,143.0978,149.6985,162.4111,169.3055,167.0979,177.3729,171.0281,167.554,183.0647,171.0523,170.2834,171.2719,173.4869,182.4451,189.3912,175.3328,177.5179,182.5243,184.4877,186.2098,192.1817,199.357,171.0288,177.2744,164.9266,163.4705,165.3186,169.1592,135.7662,159.1441,149.4603,168.8641,170.137,157.0748,154.034,128.4848,126.2016,153.1589,153.2734,161.2348,151.5336,161.8393,184.955,191.4066,227.1073,230.3307,244.4451,232.2475,249.2603,243.6039,255.9372,251.8216,271.0125,296.9611,310.0059,319.6018,333.3649,310.6063,340.8017,342.1555,402.1877,415.7012,396.3161,378.2746,330.0622,297.0531,275.2014,287.7241,277.3677,280.9189,280.5317,284.4628,298.1535,296.4802
ALGN.O,艾利科技,8.66,7.57,6.24,8.42,7.27,7.37,6.52,6.81,6.72,7.38,6.92,6.47,8.18,8.16,9.17,8.79,7.39,7.39,6.76,6.25,11.38,13.86,13.12,13.97,16.56,16.42,15.86,22.66,22.79,24.16,26.1,22.73,25.33,20.7,16.89,16.68,11.78,12.35,11.11,12.28,13.17,10.49,10.01,13.04,10.83,6.93,7,8.75,7.88,6.85,7.93,12.41,11.83,10.6,10.91,13.4,14.22,15.72,16.36,17.82,18.75,18.1,19.34,17,14.92,14.87,17.35,15.99,19.58,17.02,17.49,19.54,20.83,20.85,20.48,24.14,24.5,22.8,21.99,19.1,15.17,23.03,24.5,23.725,23.56,25.61,27.55,31.71,31.23,33.46,33.96,33.95,36.97,26.565,27.39,27.75,31.36,31.44,33.51,33.12,35.75,37.04,43.04,43.55,48.1,57.06,54.64,57.14,59.42,52.33,51.79,50.39,54.61,56.04,54.21,54.46,51.68,52.62,56.9,55.91,53.05,57.35,53.785,58.84,60.67,62.71,62.7,56.6,56.76,65.46,66.74,65.85,66.14,66.03,72.69,72.19,78.83,80.55,89.15,92.9,93.75,85.92,93.05,96.13,91.69,102.76,114.71,134.62,145.2,150.12,167.23,176.74,186.27,238.98,260.88,222.19,262,262.52,251.13,249.85,331.95,342.14,356.65,386.49,391.22,221.2
ALK.N,阿拉斯加航空(ALASKA AIR),32.2249,30.6781,31.8463,28.8499,31.9329,32.1817,37.8392,36.4762,31.4353,34.1072,38.1096,38.6396,34.5399,34.6697,38.3476,41.0627,41.9065,42.6421,40.1649,40.9654,41.1493,43.4317,44.4918,42.7286,46.3524,44.3512,41.2142,32.0194,31.5435,30.1372,25.2369,26.8487,24.9773,27.4761,27.4004,27.0542,27.3679,26.3944,21.2237,23.2357,21.1263,16.5938,19.3415,22.7273,22.0566,26.7189,24.8259,31.6408,28.5146,23.7009,19.0061,18.1515,16.8426,19.7525,24.9449,27.2922,28.9797,27.8223,32.3439,37.3848,33.9016,37.8608,44.6,44.7947,50.5171,48.6241,55.8068,47.8452,55.201,57.1157,59.4955,61.3237,64.0821,64.3093,68.6038,71.254,73.0605,74.0557,66.1158,62.4487,60.891,71.968,75.0942,81.2276,82.3526,74.1747,77.4956,73.1254,74.2072,77.6687,75.3971,72.5846,75.8514,82.7312,92.4885,93.2241,99.9525,111.5271,138.3758,133.3565,122.9286,112.5007,132.3397,122.8896,135.9122,153.3624,169.1738,159.664,172.0681,189.1313,203.6916,205.3725,215.4962,208.0328,192.4714,203.4082,191.1177,233.6516,259.6878,262.8992,298.5772,280.9049,292.0705,282.7144,286.1209,285.1913,335.2979,332.1964,352.5648,338.3646,354.7326,358.2029,313.2218,330.0489,366.3141,314.5514,297.8052,261.4317,301.4829,304.1382,296.617,325.2608,371.9211,401.1251,424.1357,443.5911,418.1964,385.8635,396.1829,408.5167,387.8997,341.0721,348.4271,301.6474,317.4261,337.3427,301.6397,297.4336,285.7207,299.4164,281.9677,280.0202,291.3341,314.4902,320.8741,286.2052
ALL.N,好事达保险(ALLSTATE),122.2895,130.1447,131.8397,136.9611,142.7232,146.5243,150.2272,138.6044,136.3358,130.1712,139.1076,134.0739,129.0651,135.8345,130.0529,140.9842,138.1598,137.4566,142.7057,146.4109,158.515,155.053,161.2848,165.4262,152.8496,152.7226,153.5742,159.3531,158.2324,158.2582,136.7488,141.8507,148.1725,135.7622,133.4444,136.342,128.4846,124.5951,126.5259,132.5811,135.2084,121.008,122.6802,120.8865,123.5384,70.689,69.306,89.2479,59.0354,45.8499,52.8478,64.3832,71.5489,67.8504,74.8301,82.2918,85.7358,82.7958,80.1004,84.6961,84.386,88.1076,91.6715,92.6929,87.4874,82.0605,80.6609,79.4123,90.7775,87.7276,84.3229,92.3468,90.2032,92.0571,92.6652,98.6719,92.1179,89.6227,81.3738,77.6669,70.1459,77.9926,80.0052,81.8568,86.1572,93.862,99.0048,100.2378,102.7322,106.2132,103.8219,113.5079,120.6021,121.7287,123.9256,122.9766,134.3956,141.6665,151.0556,151.6405,149.2649,148.8936,157.743,149.054,157.2345,165.0418,169.5827,170.4264,159.9896,170.4377,177.7251,178.8873,183.8829,185.3348,184.4826,194.96,194.5795,205.6132,216.9707,223.6565,222.192,225.7229,227.5454,222.7176,216.1987,208.3305,221.4335,188.15,188.0209,199.7722,203.5836,201.4102,196.5769,206.9221,219.6713,212.1065,220.1278,229.2042,223.896,227.057,227.7814,223.5669,231.2724,245.1646,248.7699,273.0123,270.786,270.1214,286.9022,295.1451,303.6885,303.2576,307.9824,314.5167,345.2709,352.1656,332.1879,310.2932,320.437,330.645,317.5251,310.0184,323.0957,343.1773,336.7963,326.6276
ALXN.O,亚力兄制药(ALEXION),24.74,23.35,21.665,20.74,22.75,23.04,26.04,28.6,27.65,27.39,19.51,20.25,28.82,37.58,35.42,33.99,32.51,36.12,34.36,37.55,33.98,37.36,43.22,40.39,41.57,36.88,43.24,41.86,48.57,45.06,58.16,60.47,65.15,76.5,72.72,75.03,65.32,60.61,59.3,70.38,71.35,72.5,93.75,90.16,78.6,81.5,67.32,72.38,73.74,68.4,75.32,66.84,73,82.22,88.1,90.26,89.08,88.82,90.76,97.64,92.74,99.04,108.74,109.76,100.06,102.38,108.72,112.94,128.72,136.6,152.9,161.1,167.64,192.56,197.36,193.74,189.68,188.12,227.2,231.78,256.24,270.04,274.64,286,307.04,334.92,371.44,361.28,362.28,397.2,419.4,428.84,457.6,361.52,384.08,374.96,375.96,346.96,368.56,392,390.32,368.96,464.76,431.04,464.64,491.8,498,531.536,634.92,707.2,608.52,632.8,665.28,625,635.96,677.16,663.28,765.44,779.6,740.12,732.96,721.48,693.2,676.92,655.36,723.08,789.76,688.76,625.56,704,713.76,763,583.72,563.2,556.88,557.12,603.6,467.04,514.4,503.44,490.16,522,490.36,489.4,522.72,525,484.96,511.12,392.12,486.68,549.36,569.64,561.16,478.64,439.24,478.36,477.28,469.8,445.84,470.52,464.52,496.6,531.84,488.96,556.04,448.28
AMAT.O,应用材料,2035.2,2233.6,2080,1903.36,2105.6691,2074.8919,2369.8395,2353.3742,2178.6696,2101.594,2330.2991,2308.4244,2451.2533,2360.8868,2256.5027,2313.2052,2185.337,2103.92,2036.7186,2191.1589,2298.772,2254.6895,2341.5435,2398.7494,2305.1397,2421.1179,2388.5234,2505.8635,2497.5351,2598.2211,2881.9725,2800.7847,2714.2436,2546.4063,2477.1613,2336.3985,2357.4471,2530.0998,2574.9738,2462.7889,2622.4875,2527.1725,2292.8563,2379.9959,2009.4497,1714.6064,1279.1335,1352.5702,1251.094,1237.0072,1443.8466,1639.9411,1520.0876,1486.3379,1862.9848,1787.2111,1814.3311,1654.3229,1677.3551,1899.4582,1659.6413,1675.8612,1843.9265,1886.713,1778.7532,1654.8462,1624.5578,1436.7523,1618.2514,1711.0792,1731.1404,1957.5471,2186.0437,2299.1295,2185.7823,2195.5777,1939.6786,1831.2931,1734.1684,1605.0175,1468.194,1746.8035,1539.4196,1529.4233,1752.9105,1760.1807,1788.1999,1722.8217,1496.9375,1658.514,1578.0881,1706.8509,1630.196,1547.7006,1580.6978,1685.292,1901.8461,2032.1293,1998.7671,2151.4919,2269.0207,2227.223,2435.4653,2255.1607,2633.9255,2682.6045,2614.6539,2672.0856,2542.1086,2880.8065,3101.881,2896.0006,3083.0173,3443.3897,3200.5964,3544.1754,3314.8509,3388.4801,3705.6171,3839.6664,3519.1806,3875.7521,3490.4977,3061.9215,3130.0295,2988.5329,2699.32,2515.8421,2297.6513,2622.9825,2952.4437,2936.7141,2776.2723,2984.2262,3349.5448,3237.2607,3878.8783,3807.4002,4175.9095,4756.1083,4805.5183,4634.9742,5148.6845,5159.8773,5476.4734,5807.98,6237.7256,6511.929,7373.4731,6639.0186,7121.1551,7268.1135,8390.8695,9089.9744,8514.8875,8248.646,8653.6558,9309.5532,8989.4817,8029.2674,8241.5027,7496.554,7892.5616,7014.1262,6301.6267,5360.8664
AMD.O,超威半导体(AMD),189.6,209.4,193.44,170.76,196.8,208.08,240.96,249.24,302.4,278.64,314.16,367.2,501.6,464.04,397.92,388.2,370.68,293.04,232.68,299.88,298.2,255.24,258.84,244.2,186.6,180.84,156.72,165.84,171.24,171.6,162.48,156,158.4,156.96,117.12,90,91.08,86.52,70.68,71.52,82.56,69.96,50.52,75.48,63,42,28.32,25.92,26.28,26.16,36.6,43.32,54.48,46.44,43.92,52.32,67.92,55.2,84.12,116.16,89.52,94.92,111.24,108.84,102.84,87.84,89.88,67.32,85.32,88.02,87.48,98.16,93.96,110.52,103.2,109.2,104.16,83.88,88.08,81.96,60.96,69.96,68.28,64.8,80.52,88.2,96.24,88.32,72.96,68.76,48.72,44.64,40.44,24.6,26.4,28.8,31.2,29.88,30.6,33.84,48,48.96,45.24,39.24,45.72,40.08,43.68,46.44,41.16,44.52,48.12,49.08,48,50.28,46.92,50.04,40.92,33.6,33.48,32.04,30.84,37.32,32.16,27.12,27.36,28.8,23.16,21.72,20.64,25.44,28.32,34.44,26.4,25.68,34.2,42.6,54.84,61.68,82.32,88.8,82.92,86.76,106.92,136.08,124.44,173.52,174.6,159.6,134.28,149.76,163.32,156,153,131.82,130.68,123.36,164.88,145.32,120.6,130.56,164.76,179.88,219.96,302.04,370.68,218.52
AME.N,阿美特克(AMETEK),81.8305,82.1304,86.3485,81.2427,82.015,89.9173,88.5207,86.5655,92.4623,87.6423,91.6877,91.666,88.6493,92.3125,97.0145,106.3146,98.4602,102.3759,91.6586,92.6525,94.2314,101.0039,105.8399,103.5327,112.7023,111.0765,112.5101,118.178,122.9338,129.4571,127.3039,130.4685,141.219,153.5699,143.7676,153.2499,144.089,139.3449,143.8671,158.9714,168.0798,154.8934,156.9928,159.2233,133.9173,109.2164,114.7347,99.416,105.175,87.0754,103.1127,106.2123,103.7062,114.2213,106.8884,103.9817,115.51,115.4439,120.9695,126.7336,120.7681,129.3849,137.6108,143.5521,134.7564,133.4562,147.1508,142.8962,158.9935,179.8953,196.9362,196.2493,203.8993,209.7492,219.6711,230.537,217.7683,225.1568,213.1217,195.9717,165.5993,198.4981,215.1736,211.752,236.3977,239.4156,244.2922,253.4575,255.3712,251.7784,234.5761,259.6228,268.7069,269.4649,282.9571,285.2352,311.2002,317.5776,329.6596,309.512,328.063,322.0548,352.3568,326.7752,350.8505,364.6497,375.2469,402.0444,377.2363,406.3954,393.4806,402.8802,405.6312,400.1872,372.7068,405.2393,384.9997,399.8752,390.7506,404.2681,367.9354,408.1856,404.2743,403.351,413.6618,422.2034,408.8698,414.8044,403.9266,423.2274,435.8887,414.3895,363.8184,358.8695,387.1931,372.5513,370.4596,358.8253,365.0347,378.3849,371.554,342.937,368.2101,378.6404,398.1178,420.4778,422.0448,446.3935,476.2051,473.3799,481.2734,494.3252,516.8448,528.1928,568.8893,567.8794,597.8915,593.5033,596.3733,547.9381,573.294,567.5191,611.8762,605.2699,623.352,528.4941
AMG.N,AMG资管(AFFIL MANAGERS),95.115,97.14,93.045,93.795,100.05,102.495,106.95,108.915,108.63,115.125,118.26,120.375,139.2,147.645,159.915,151.95,135.3,130.335,137.325,138.795,150.165,150.21,153.165,157.695,167.1,170.235,162.525,176.445,195.3,193.14,169.5,169.875,191.265,197.325,186.375,176.19,147.585,144.525,136.11,149.01,153.75,135.09,129.6,142.83,124.275,69.57,42,62.88,60.285,53.97,62.565,85.275,84.165,87.285,99.03,97.995,97.515,95.235,97.815,101.025,90.855,106.695,118.5,126.27,107.475,91.155,106.245,96.315,117.015,128.415,131.115,148.83,152.745,160.125,164.055,163.62,158.595,152.175,156.495,130.74,117.075,138.915,141.855,143.925,150.765,159.585,167.715,170.43,154.605,164.175,167.385,176.43,184.5,189.75,193.305,195.225,215.895,219.345,230.355,233.52,246,245.91,270.525,261.48,273.96,296.16,300.375,325.32,298.86,282.075,300.075,297.3,282.9,308.1,298.875,316.725,300.54,299.685,305.385,318.36,308.28,324.63,322.17,339.195,335.49,327.9,311.85,279.66,256.485,270.39,265.845,239.64,201.285,208.035,243.6,255.48,260.28,211.155,220.17,213.075,217.05,198.99,222.15,217.95,228.54,252.2149,246.2223,248.7004,231.3685,249.4299,279.4619,266.0112,285.7938,280.7804,299.4255,309.3425,300.8724,285.8436,286.1757,248.8603,240.8495,224.8342,241.9838,221.3595,207.1618,172.2207
AMGN.O,安进(AMGEN),2987.52,2957.28,2794.08,2794.08,3003.84,2902.08,3828.96,3835.2,3824.16,3629.76,3884.64,3785.28,3498.72,3623.04,3492,3249.6,3244.32,3131.04,3346.08,3265.44,3433.44,3643.68,3409.92,3278.88,3377.76,3084.48,2682.24,3078.72,2709.6,2653.92,2579.52,2405.28,2715.36,2789.28,2652,2229.12,2236.32,2184.96,2005.44,2009.76,2113.44,2263.68,3006.24,3016.8,2844.96,2874.72,2665.92,2772,2632.8,2348.64,2376.96,2326.56,2397.12,2541.12,2990.88,2869.44,2891.04,2573.76,2704.8,2715.36,2807.04,2717.28,2872.2,2750.88,2485.44,2524.8,2617.44,2449.92,2645.28,2745.12,2529.12,2635.2,2643.84,2463.84,2565.6,2728.8,2905.92,2800.8,2625.6,2673.9498,2652.4733,2763.9582,2808.5628,3114.1049,3294.5203,3316.1229,3314.1725,3467.2768,3407.0786,3573.2177,4048.1112,4087.9458,4105.9694,4213.1367,4343.9485,4216.7608,4180.5612,4502.8642,5041.9291,5125.5432,4966.3808,4873.9991,5349.7401,5405.4053,5553.5156,5762.6562,5684.0491,5684.0491,5926.6975,6210.8036,6176.7498,5596.3336,5840.5556,5960.398,6414.5907,7052.1221,7106.7662,8205.7194,8396.0459,8090.2918,7733.2402,8052.962,8161.7168,8062.6631,8017.7455,7877.1553,9060.8837,7824.1026,7130.2534,8154.016,8346.5752,8410.3014,7912.9264,7422.7718,7821.8736,8258.5379,8294.526,7989.9471,9033.9178,8982.381,8810.7196,7455.915,7661.0205,7774.8165,8331.5659,9451.846,8784.7073,8744.5504,8372.0186,9288.2812,9411.2405,9651.7065,10122.9717,9513.2588,9602.3428,9506.1335,10170.3056,10121.6089,9389.6277,9609.9381,9969.3951,10245.2435,10909.0558,11165.476,11583.4619,10773.1951
AMT.N,美国电塔(AMERICAN TOWER),18.12,18.33,18.23,17.23,18.04,21.02,22.98,23.84,24.95,23.85,27.29,27.1,30.94,31.83,30.32,34.14,30.97,31.12,33.8,35.86,36.5,36.02,37.87,37.28,39.83,38.72,38.95,38,43.18,42,41.66,39.62,43.54,44.18,45.54,42.6,37.43,38.44,39.21,43.42,45.72,42.25,41.9,41.33,35.97,32.31,27.24,29.32,30.34,29.12,30.43,31.76,31.87,31.53,34.09,31.65,36.4,36.82,40.92,43.21,42.45,42.66,42.61,40.81,40.53,44.5,46.24,46.86,51.26,51.61,50.57,51.64,50.86,53.96,51.82,52.31,55.48,52.33,52.53,53.86,53.8,55.1,59,60.3663,63.8871,62.9515,63.3941,66.1886,65.4821,70.7824,73.2124,71.2785,72.5167,76.4783,76.1126,78.7376,77.5963,79.0739,78.3809,85.8721,79.5843,75.0814,72.6393,71.3053,76.3487,81.7249,80.0977,82.5166,83.6124,84.2223,84.6358,86.6854,93.027,93.7515,98.3464,102.7328,97.9222,101.9696,109.8239,103.776,101.7813,104.0804,98.8418,99.6729,97.8382,98.832,100.7601,97.6666,93.6828,108.8564,105.8217,103.777,100.9832,98.6925,109.5787,112.8134,113.7815,122.8087,125.1435,122.56,123.1074,127.3005,111.0932,115.4255,113.0445,125.3756,132.7481,138.2557,144.0191,145.9754,150.3993,163.3288,151.5275,159.2769,159.5651,158.9579,164.5622,155.2366,161.9327,152.7274,154.9787,162.3772,166.9612,167.9524,164.553,176.4556
AMZN.O,亚马逊(AMAZON),518.64,422.16,411.24,388.32,426.12,397.08,541.8,512.4,543.6,478.32,581.52,565.8,537.84,449.28,438.36,422.52,415.32,464.16,322.68,369.96,385.44,457.08,484.08,473.52,452.04,469.68,477.48,735.96,829.68,820.92,942.48,958.92,1117.8,1069.8,1086.72,1111.68,932.4,773.64,855.6,943.56,979.44,879.96,916.08,969.72,873.12,686.88,512.4,615.36,705.84,777.48,881.28,966.24,935.88,1003.92,1029.12,974.28,1120.32,1425.72,1630.92,1614.24,1504.92,1420.8,1629.24,1645.2,1505.52,1311.12,1414.68,1497.96,1884.72,1982.76,2104.8,2160,2035.68,2079.48,2161.56,2349.72,2360.28,2453.88,2670.24,2582.76,2594.76,2562.12,2307.48,2077.2,2333.28,2156.28,2430.12,2782.8,2554.92,2740.2,2799.6,2979.24,3051.84,2794.7172,3024.6,3010.44,3186,3171.24,3197.88,3045.72,3230.4,3332.28,3614.64,3371.76,3751.68,4368.36,4723.44,4785.48,4304.28,4345.2,4036.38,3649.56,3750.6,3897.36,3755.88,4068.48,3869.28,3665.52,4063.68,3724.2,4254.36,4561.92,4465.2,5061.36,5150.76,5209.08,6433.8,6154.68,6142.68,7510.8,7977.6,8110.68,7044,6630.24,7123.68,7915.08,8673.48,8587.44,9105.72,9229.92,10047.72,9477.84,9006.84,8998.44,9881.76,10140.48,10638.48,11099.88,11935.44,11616,11853.36,11767.2,11536.2,13263.36,14121,14033.64,17410.68,18149.4,17368.08,18793.56,19555.44,20397.6,21329.28,24152.52,24036,19176.12
ANSS.O,安西斯,64.6,71.92,68.42,60.88,66.7,71.28,72.72,75.5,76.98,74.52,84.04,85.38,87.72,94.84,108.3,112.9,100.88,95.64,91.78,93.48,88.36,92,93.94,86.98,99.78,102.04,101.54,102.4,112.32,106,104.16,132.52,136.68,155.24,155.44,165.84,139.64,149.48,138.08,160.92,189.2,188.48,183.52,177.4,151.48,114.52,115.44,111.56,99.44,80.68,100.4,110.48,119.28,124.64,125.04,140.56,149.68,162.32,155.76,173.84,167.44,175.44,172.74,179.84,174.92,162.28,179.8,155.12,169,181,194,208.28,209.8,225.28,216.76,221.16,229.48,218.68,202.4,215.92,196.16,217.44,247.88,229.12,241.96,252.72,260.08,268.28,247.5,252.44,239.84,278.8,293.6,281,265.32,269.36,294.4,303.2,325.68,323.44,298,292.4,319.36,335.92,346.08,349.8,342.68,348.8,314.12,334.08,308.08,305.24,293.8,303.28,307.76,325.2,302.68,314.24,334.08,328,322.68,343.88,352.76,343.36,356,364.96,376.6,354.4,352.56,381.24,372.84,370,352.76,332.08,357.84,363.08,356.4,363,357.44,380.36,370.44,365.4,376.12,369.96,373.04,427.04,427.48,440.64,505.32,486.72,518.2,515.28,490.92,546.84,592.76,590.36,646.6,639.76,626.76,646.64,651.2,696.72,675.52,743.92,746.72,598.2
ANTM.N,ANTHEM,121.5,122.06,125.35,127.75,133,139.28,141.48,148.5,151.64,149.36,153.66,159.58,153.6,153.58,154.86,142,143.16,145.54,149,154.82,154.1,152.64,151.34,157.38,156.76,158.78,162.2,157.94,162.82,159.66,150.24,161.18,157.84,158.46,168.42,175.46,156.4,140.16,88.26,99.5,111.64,95.32,104.9,105.58,93.54,77.74,71.2,84.26,82.9,67.84,75.94,85.52,93.14,101.78,105.28,105.7,94.72,93.52,108.06,116.58,127.44,123.74,128.76,107.6,102.6,97.86,101.44,99.315,113.28,108.68,111.48,113.72,124.24,132.94,140.0957,154.1475,156.9177,158.6427,136.0456,127.4861,132.007,139.3272,142.6638,134.4613,130.5442,133.203,150.4572,138.2656,137.389,130.6172,109.1172,122.5905,119.3621,126.1317,115.0206,126.0003,134.0667,128.6064,137.8129,151.7336,160.1609,171.1426,178.9218,178.0435,175.5934,178.0925,195.0617,194.8304,181.3553,191.0346,210.9372,213.3316,229.6048,228.9494,233.6301,247.8849,255.4411,270.5386,273.1439,269.2757,289.1816,313.8015,332.2716,324.7831,361.1929,354.5705,333.2496,304.6921,303.7604,301.9161,282.8877,303.9439,284.4352,284.8711,304.4487,308.3477,289.488,289.1057,289.1057,275.3262,277.2826,269.6485,315.3865,319.5878,342.6393,366.38,369.0699,396.9879,406.941,421.2992,416.9996,439.0129,426.7608,470.2055,528.0794,507.2448,558.7335,530.6221,496.8816,533.7237,500.7717,540.1153,574.0838,600.7004,623.575,627.0336
AON.N,怡安保险(AON),379.9676,412.2624,384.1727,353.2163,422.3349,424.1984,433.5179,509.8606,546.6687,579.4092,623.2286,615.3548,588.2015,680.8492,713.508,722.978,614.9884,600.6703,593.0967,598.9879,586.8591,605.4048,620.8923,614.9757,626.6635,657.7695,663.3616,679.7497,752.8995,747.4615,705.0055,762.7582,788.9934,800.6133,882.7592,842.4812,768.1039,737.6138,712.6189,807.2196,839.2309,817.0008,817.2352,847.3908,802.2466,757.7418,811.4824,818.2895,666.263,687.6625,734.0582,761.6935,649.7859,683.5387,714.7448,756.5968,737.2108,700.3123,704.3131,697.2209,710.1233,747.3636,779.6752,777.7953,723.0235,679.9755,692.8864,666.5836,719.3732,733.8384,740.6691,849.4064,847.1898,974.9906,980.9176,969.0431,968.6716,952.8831,896.5087,870.612,782.1163,871.1278,858.9821,874.4913,907.7775,877.4121,919.5863,973.8967,874.2509,879.5152,927.9772,980.0345,986.2587,1020.554,1074.4665,1051.9557,1095.242,1158.7865,1166.5636,1148.1553,1211.3181,1224.255,1287.5704,1266.2063,1419.9517,1511.9705,1560.7191,1603.7325,1541.5522,1640.0307,1614.7405,1631.0761,1728.3103,1731.1928,1625.8021,1679.7643,1689.5931,1662.4249,1787.88,1833.1135,1745.504,1945.3502,1863.1632,1871.0196,1968.0412,1938.0987,1965.0782,1822.1386,1727.9506,1825.3806,1853.355,1803.8618,1724.1988,1870.6468,2050.4676,2070.1697,2151.8973,2151.1096,2114.889,2199.4293,2221.947,2195.8414,2260.6289,2209.7102,2239.4084,2298.0265,2358.4329,2388.4453,2609.0735,2649.7313,2761.0809,2780.8642,2919.5478,2873.4036,2809.0961,2684.4878,2855.4133,2818.257,2818.4578,2869.3965,2817.0316,2762.6526,2899.2359,2948.0556,3114.5369,3171.1375
AOS.N,A.O.史密斯,154.3612,149.6353,164.3824,163.1944,179.5712,152.9447,155.5147,162.0809,164.1544,187.4537,210.7262,203.2003,250.396,269.0493,306.8208,276.4791,256.2475,270.2988,250.8952,234.7972,230.8165,206.8071,210.5127,220.9237,226.5713,228.3437,225.8033,226.0919,233.1535,236.714,289.1819,287.0971,261.3656,223.7846,211.8144,209.7794,210.5349,219.1994,197.7789,187.2572,218.7895,198.696,241.5093,250.4518,238.4068,193.1961,200.4831,180.7654,169.3617,157.3437,155.1866,192.8338,186.0111,202.0134,243.3491,237.1781,237.4898,248.1953,262.5371,271.7435,267.903,285.0166,330.7576,326.0535,294.4144,304.3293,346.643,325.5325,366.9927,356.522,376.152,363.4577,409.9318,386.8546,424.5825,422.41,398.3931,406.3667,399.872,378.8515,308.8473,359.8697,380.2068,388.5353,412.9741,439.028,436.9865,464.3101,450.2638,476.8933,484.0106,535.8199,563.5364,597.1639,618.586,619.7652,682.6345,704.9062,725.0097,745.7366,775.0995,717.3625,819.42,833.8967,896.3645,1026.7084,1076.4038,1072.2294,938.648,991.1858,917.7942,935.5279,987.9462,991.9476,937.2225,984.9867,948.8625,1073.7422,1085.4155,1135.3289,1195.7081,1272.5364,1325.6345,1293.8218,1445.2739,1457.4224,1458.1142,1309.704,1323.5096,1563.6516,1623.4945,1559.3771,1421.779,1437.6276,1558.7576,1582.0903,1686.1698,1805.2057,1908.0248,1981.7659,2029.2149,1860.565,2003.0834,1950.3598,2013.8023,2080.3094,2113.3564,2231.638,2272.6425,2333.1137,2223.7147,2312.5802,2467.8873,2464.1246,2639.7767,2550.7019,2787.1405,2679.0439,2654.0022,2567.891,2639.8841,2475.8069,2499.3205,2438.4434,2240.6977,1921.5401
APA.N,阿帕奇石油(APACHE),276.7413,319.7629,311.3721,286.6419,299.2197,328.9584,348.7269,365.1436,383.4977,325.9396,333.3438,349.8885,386.2199,342.193,334.983,363.7784,332.2346,349.4915,361.4119,334.7945,324.127,335.7733,359.4707,341.8904,375.9519,352.7158,364.2566,374.281,416.8716,421.2081,418.0521,400.1592,465.732,537.6821,501.3222,557.0016,494.6601,595.5816,627.3051,700.0226,696.8,722.4765,583.8111,595.3135,542.746,429.3747,403.1418,388.6954,391.9358,308.7932,334.9222,381.581,441.2849,377.8626,440.5366,445.7842,481.8878,494.6177,500.7137,542.1771,519.7736,545.4018,534.1401,536.2732,471.874,443.6796,504.589,474.339,516.0977,534.0913,569.0912,630.3673,631.7975,659.6398,692.9871,706.8322,660.3531,653.9404,656.4724,546.9012,425.7626,529.5267,528.5168,481.4265,526.3678,574.5437,534.6721,511.6597,434.0095,468.7281,460.2016,458.2244,462.0719,442.8761,412.7385,420.2877,449.3947,398.4784,413.984,397.4986,441.8863,451.0328,432.8204,462.1065,459.1941,479.9938,494.5342,464.5346,434.8448,429.5893,449.419,471.6791,506.566,546.7782,559.2774,554.7557,511.3907,422.0231,350.3557,342.5931,343.4257,361.3736,331.1311,376.7629,329.6125,317.4393,253.8607,250.4287,216.7725,254.2172,265.2748,239.8692,231.1348,207.9887,265.2019,296.9235,311.8788,303.8553,287.8588,272.5063,350.2008,327.4332,363.0501,349.3978,330.6147,290.6558,284.0236,270.1636,259.7214,266.22,276.2763,216.8669,255.7287,232.3716,234.9554,237.146,253.3873,192.8499,217.302,232.6342,227.2373,265.5836,262.7976,250.4004,272.3383,216.1225
APC.N,阿纳达科石油(ANADARKO),153.2059,177.8494,176.4811,169.3848,175.5535,190.9628,205.3751,211.233,223.0014,211.2632,211.0303,221.0826,251.5792,231.3726,236.1056,245.0113,232.2021,223.3683,214.235,219.715,205.688,217.8425,231.6395,204.6093,205.6906,189.4234,202.5178,219.8576,233.9462,245.4122,237.5764,231.2039,254.1797,279.1011,267.6571,311.0987,276.9531,301.8638,298.9229,315.6641,355.549,355.3493,274.9636,293.1014,230.6876,167.8679,195.2118,183.8104,175.1801,166.6452,185.9376,205.8749,228.4417,217.4186,230.8786,253.2479,300.9795,292.3431,285.6259,299.9402,306.4753,336.9882,350.3996,299.0641,251.7701,173.9832,236.9913,221.7093,275.5211,297.3503,309.8586,368.292,372.7409,395.7108,396.5866,382.16,384.9679,372.0413,400.1528,357.4524,305.9856,380.9654,394.4084,370.8501,392.179,408.6979,381.018,356.0675,296.6824,322.4279,338.2084,337.3804,340.9707,335.5577,356.9171,362.8067,390.6848,388.5366,427.4236,414.2758,427.5213,420.4245,433.0964,447.2851,455.8487,467.1236,435.4068,389.646,396.3759,413.4217,417.25,487.448,506.3513,540.3161,527.3845,556.2092,501.9155,454.1187,391.6267,409.6008,405.8771,418.19,412.5026,468.7417,416.4877,390.088,371.5481,357.7056,302.9628,335.5216,300.5046,244.8786,197.0421,191.2956,235.0063,266.2429,261.7013,268.9771,275.4426,270.0883,320.3221,300.5042,349.594,352.7765,351.7647,327.0759,313.9174,288.7027,255.8427,229.8043,231.4769,207.4523,247.8968,250.5356,244.04,272.4864,305.0487,289.7581,308.1837,343.4353,356.0871,374.9953,374.4834,329.6887,346.4691,273.4335
APD.N,空气化工产品,797.6143,847.846,861.3381,799.2793,819.6934,825.0083,817.6201,757.9678,758.8524,787.7532,814.3144,818.9421,853.5316,887.7061,934.3837,952.8794,901.8423,893.8155,893.9553,926.956,932.7654,979.1436,971.695,992.4075,1054.2564,1056.3746,1049.7633,1085.8152,1106.9637,1146.0878,1231.6487,1283.5556,1399.546,1400.8344,1417.8706,1417.3415,1288.5837,1312.4384,1328.375,1421.2169,1471.6085,1433.8305,1380.8922,1332.16,999.5116,848.3225,696.9875,740.4144,740.8562,681.2048,834.885,978.1141,961.4906,965.3342,1114.9394,1121.366,1166.157,1159.3928,1246.5764,1225.1352,1148.0542,1036.5134,1125.095,1168.1514,1050.6973,993.2158,1112.2914,1134.5127,1276.6697,1309.812,1329.0807,1409.5627,1352.2193,1425.8358,1406.6661,1489.9617,1483.2544,1500.0715,1392.5648,1284.9011,1207.4467,1361.9151,1324.128,1356.151,1401.3614,1436.5427,1471.7123,1370.5522,1267.1475,1305.0603,1300.2105,1334.9669,1347.2728,1263.0479,1351.1827,1379.1861,1435.1612,1417.2689,1441.7151,1439.0674,1562.3545,1526.6319,1811.2186,1702.8523,1788.2737,1829.2176,1826.1972,1887.5136,1775.3908,2048.6058,2023.2593,1997.4246,2039.066,2199.2298,2256.1684,2277.7127,2238.6946,2315.7368,2473.4325,2493.2532,2517.1088,2699.1372,2629.0654,2492.6418,2550.5132,2391.5762,2490.8537,2438.768,2244.4152,2444.9665,2408.1988,2302.9277,2242.7482,2344.6994,2564.8729,2597.6349,2539.7673,2545.0932,2677.3291,2788.4216,2693.8138,2602.1969,2817.5189,2821.7587,2742.1012,2756.0314,2672.9643,2775.8998,2846.2357,2845.1397,2827.0419,2891.0804,3007.4236,3190.472,3262.7144,3302.5854,3388.9341,3236.3646,3223.355,3289.4314,3271.5948,3178.8788,3351.1625,3394.4375,3432.3555,3171.4102
APH.N,安费诺(AMPHENOL),157.32,159.6,148.2705,157.8777,169.6865,160.9129,178.4182,169.8858,161.709,160.2258,167.4413,177.546,203.9011,201.4943,209.4416,231.9993,222.9682,224.7414,225.2233,230.8057,248.847,272.8356,273.7598,249.5595,272.2321,259.7702,259.6896,282.4129,287.8022,286.8769,275.6915,290.5785,320.078,356.3846,348.9784,373.4115,321.39,297.7145,300.0946,372.0367,375.662,361.6781,384.1621,382.9533,323.5886,230.9619,187.188,193.4498,210.9555,205.0665,229.9781,273.1646,269.5321,255.5204,269.3301,282.3322,304.4174,324.1302,332.8556,373.2171,321.9786,336.6066,341.0867,373.5865,342.7844,317.6768,362.3198,329.3228,396.2551,405.5587,404.7497,427.1178,447.8343,465.1521,440.2639,452.5676,437.5927,437.1537,395.8594,380.3942,330.2275,384.6579,367.1624,367.7711,441.0174,453.4142,485.181,471.9495,431.7681,446.6662,478.873,495.0577,479.6849,489.8685,504.4513,527.999,551.4203,578.2691,610.0729,617.1829,636.6333,637.8219,642.8957,620.0637,634.9289,658.8064,697.4535,733.4554,714.5391,723.915,755.4409,785.9388,789.648,795.7297,794.3256,850.8213,826.7888,837.5521,888.0569,893.1361,891.4763,937.1207,980.2386,921.0218,948.9668,966.3841,940.3783,872.8631,851.8187,906.311,920.1848,875.3354,830.7558,889.4131,971.4736,938.0382,986.5951,965.4944,1002.3762,1049.3626,1095.7568,1112.8042,1152.1312,1136.8828,1141.7889,1170.8877,1206.7336,1226.0631,1264.8915,1254.3089,1301.885,1375.2881,1441.4879,1481.6806,1542.8212,1498.4961,1583.3199,1559.7672,1473.0377,1431.6497,1486.7197,1494.2508,1603.2977,1621.6436,1615.8737,1538.1908
ATVI.O,动视暴雪,33.9,32.79,29.6,28.92,31.6,33.04,40.7,44.7,40.9,42.0533,35.4933,36.64,38.24,33.3333,36.7733,37.84,34.88,30.3467,31.8667,34.4,40.2667,41.12,45.3333,45.9733,45.3867,44.5867,50.5067,53.3333,52.7733,49.7867,45.6267,51.9733,57.5733,63.0667,59.0667,79.2,68.9867,72.5869,72.8267,72.1333,90,90.8533,95.9467,87.52,82.2933,66.4533,62.4,46.08,46.72,53.4933,55.7867,57.44,64.4267,67.36,61.0667,61.92,66.08,57.76,60.7467,59.2533,54.1867,56.6933,64.2667,59.0933,57.3333,55.9467,63.36,56.9333,57.7067,61.12,62.6133,66.3467,60.2133,59.3067,59.3935,61.6134,64.916,63.2376,64.1039,64.158,64.4287,72.4959,67.2441,66.7027,66.811,64.6994,70.4117,70.7138,64.48,65.853,66.0727,64.5898,61.926,59.784,62.9147,58.3286,62.6126,78.5129,81.0747,83.2449,80.2957,79.3498,100.0497,90.8126,92.8158,92.8158,95.765,99.215,95.3199,107.6731,114.832,112.4163,116.7421,125.2815,125.7309,132.2478,116.7983,112.0792,121.6298,113.2028,117.3882,131.0118,128.9759,129.4867,143.3634,137.4041,146.3714,162.4898,175.3165,197.2807,213.7397,219.699,197.6212,179.7434,193.6222,197.2268,224.6337,226.7508,229.7833,236.7065,253.4711,247.0056,209.4713,206.6104,230.0694,258.2201,287.0303,300.7889,337.229,331.4147,355.6505,377.4109,371.3664,377.008,359.2197,364.5159,426.7461,420.9894,390.3508,383.9279,410.3139,441.6184,424.8378,417.1997,481.371,399.5512
AVB.N,艾芙隆海湾社区(AVALONBAY),126.1373,131.0003,127.4404,137.1761,142.644,155.3319,168.3274,161.5605,166.1607,167.2271,177.3092,174.4088,194.3998,201.2785,214.7416,211.986,209.2304,219.3383,231.83,239.9199,240.2722,261.5454,265.5766,261.1364,297.9023,275.7945,262.8019,247.1551,263.5903,242.0657,219.8506,232.9027,242.1318,251.5456,203.9437,194.7973,194.0524,191.2589,201.5517,208.2966,211.3244,187.9997,210.2451,210.8566,207.5251,151.1208,129.0974,135.2926,115.7067,94.7361,107.1094,129.3005,139.9295,129.3839,134.6111,149.0205,170.2974,161.0484,169.15,194.2735,181.2604,192.6409,206.404,248.6887,234.3946,225.1793,253.4443,253.7578,252.7781,258.5667,268.3442,275.9307,284.2172,296.7205,296.6334,312.7644,328.7226,319.4212,333.825,339.2731,285.8442,335.068,312.9123,329.5423,343.1933,327.1957,359.1706,369.4617,355.105,362.0572,376.4136,362.1596,350.518,349.4097,339.6924,352.0152,336.9574,324.0804,331.6624,348.341,347.3461,356.0502,357.185,326.9929,338.1757,332.7474,315.4781,317.4609,331.6114,346.299,355.7825,369.9521,384.2841,388.3864,404.4748,420.9181,388.2496,429.2035,442.8364,453.1363,479.7604,466.8644,486.7123,459.0319,465.0651,450.0296,485.1323,464.6393,495.7447,495.7731,515.5099,525.7189,489.6298,490.0581,547.0002,508.4341,517.3207,522.8211,538.0661,507.2283,519.2875,499.8405,480.3059,521.2752,509.9758,540.7844,544.4322,562.9358,567.0872,574.0729,574.6106,560.8092,537.2795,546.0425,546.0425,541.5559,517.2419,473.592,503.8217,499.3491,507.1303,531.1872,546.515,566.4163,564.4592,546.4801
AVY.N,艾利丹尼森,865.7817,880.0995,897.9334,759.0314,765.9215,773.369,827.5457,780.3783,770.5357,833.1905,864.6649,818.2864,884.4659,894.0549,871.4055,931.3072,884.9654,870.9786,879.5293,929.1838,908.3507,953.1871,1018.5545,1031.6617,1038.1922,1008.881,981.9744,950.495,997.4085,1022.1486,943.1197,925.4525,882.5774,896.1984,806.5785,829.0442,807.3586,800.6501,774.5437,757.8733,811.1871,696.4129,697.6811,771.1359,711.0308,559.8089,497.1461,530.1919,392.5008,326.409,369.4011,475.2278,455.716,431.0418,448.6662,521.9764,608.2968,602.2155,637.8649,619.6935,552.1029,536.6488,622.2734,667.0511,587.5534,552.3139,616.2606,562.4277,641.9839,628.6669,652.6675,736.1199,731.7734,698.4825,734.1765,730.3272,745.299,679.9929,555.3657,512.4151,445.401,472.3951,465.469,514.0996,486.6738,546.7238,545.0014,578.4648,526.5513,499.3294,562.3391,575.3866,586.2568,596.5744,616.2882,648.6071,715.2881,758.7515,805.3047,775.0146,813.3447,804.8743,841.9558,810.2625,824.6638,892.8804,926.6098,956.7279,939.1908,949.6749,971.5329,932.9937,972.1082,989.4845,911.4842,936.0564,868.3756,911.1623,962.8953,1016.1719,1023.8108,1048.8821,1043.1646,1096.003,1220.607,1208.7064,1206.9213,1159.1799,1129.0428,1296.6928,1323.8542,1257.6213,1222.0964,1314.3131,1455.3919,1465.4834,1509.5292,1517.0383,1580.764,1571.6314,1587.1485,1423.9246,1470.2393,1440.9352,1498.392,1664.6981,1662.4293,1716.2623,1737.9192,1832.4204,1926.9756,1954.5542,2048.9378,2212.0778,2377.718,2402.7884,2566.3772,2471.6128,2231.421,2201.1787,2205.7991,2154.7973,2420.2953,2219.8,2298.0635,1924.1377
AXP.N,美国运通,1149.5208,1166.7582,1109.4734,1138.1983,1163.0356,1152.2055,1190.5186,1195.7136,1243.3343,1079.9065,1115.7081,1116.576,1140.6602,1171.7593,1142.835,1172.881,1184.8692,1160.021,1137.9177,1148.4095,1225.7861,1266.9944,1286.9385,1329.6757,1279.1428,1249.4821,1239.1558,1336.5604,1431.5097,1347.7957,1292.7748,1294.5415,1311.1042,1349.3352,1305.7226,1151.6393,1091.4359,939.7056,971.2513,1070.9252,1033.6814,840.1031,831.4391,888.7798,793.5854,619.1091,524.7794,417.6173,379.8889,273.847,309.497,580.3356,571.8216,538.8151,656.8258,784.1105,790.1496,812.0594,974.984,944.4502,881.6134,894.0206,970.0985,1084.366,937.417,937.6298,1054.3022,941.6449,992.6595,983.8235,1025.5873,1018.4685,1033.6172,1038.1444,1076.9825,1174.0843,1234.3674,1241.2442,1201.39,1193.4671,1077.9858,1220.3729,1158.173,1137.1986,1213.314,1279.86,1400.1266,1462.0338,1355.6776,1413.4693,1406.0905,1420.4657,1385.3804,1368.4823,1366.7708,1405.4023,1442.9418,1524.8909,1655.1752,1683.4618,1863.1033,1839.7253,1820.8998,1774.9886,1864.0959,2025.2429,2124.2768,2246.336,2110.397,2265.7849,2234.757,2175.7076,2276.9901,2360.853,2195.9294,2234.6077,2184.4507,2251.2756,2313.095,2328.6124,2025.4574,2048.0489,1967.5001,1950.6258,2007.7971,1964.7495,1922.785,1939.4697,1873.9949,1859.0111,1817.9027,1764.8679,1363.5324,1416.5445,1564.8765,1675.6608,1684.1121,1563.8953,1659.1292,1687.9568,1648.3189,1718.1804,1863.561,1916.3325,1984.2567,2079.8584,2055.1786,2067.2687,2007.0114,2197.4349,2231.6511,2254.4311,2368.5927,2510.7386,2568.3027,2610.3586,2621.9425,2572.0887,2460.511,2614.576,2602.6615,2594.7185,2644.4227,2816.0764,2829.628,2739.5699
AZO.N,汽车地带(AUTOZONE),357,387.6,342.8,332,362.08,369.84,389.76,378,333,323.6,356.24,367,391,386.72,398.76,374.44,362.92,352.8,351.48,361.2,413.2,448,454.44,462.24,502.52,501.84,512.56,532.16,514.52,546.48,507.24,485.16,464.56,497.64,446.52,479.64,482.6,460.32,455.32,483,506.24,484.04,521.16,548.92,493.36,509.16,436.88,557.88,531.56,568.92,650.48,665.56,608.6,604.44,614.28,589,584.88,541.24,591.48,632.28,620.12,663.72,692.36,740.04,763.52,772.88,846.28,839.12,915.64,950.52,1037.64,1090.36,1014.12,1031.8,1094.24,1129.52,1176,1179.4,1141.8,1228,1276.76,1294.36,1313.52,1299.88,1391.52,1497.92,1487.2,1584.64,1521.04,1468.68,1500.92,1446.56,1478.68,1500,1535.08,1417.72,1478.8,1520.6,1587.08,1636.36,1635.32,1694.76,1794.32,1679.76,1690.92,1738.76,1846.4,1911.76,1980.24,2153.76,2148.4,2135.56,2130,2144.96,2068.12,2155.36,2038.64,2214.08,2310.84,2476.44,2387.84,2570.72,2728.64,2690.64,2694.48,2667.6,2803.76,2863.96,2895.32,3137.64,3135.08,2967.64,3069.56,3098.28,3186.76,3060.92,3048.8,3175.36,3255.88,2967.2,3073.36,2968.64,3132.72,3159.16,2899.92,2946.2,2892.2,2768.76,2423.68,2281.84,2159.28,2113.76,2380.44,2358,2747.04,2845.48,3061.76,2658.88,2594.76,2498.08,2597.28,2683.72,2822.12,3067.52,3102.8,2933.88
BA.N,波音(BOEING),614.5534,670.7629,713.3491,726.2836,782.9365,808.6668,808.7893,824.2339,835.6713,794.9639,841.8267,867.1346,843.3081,901.159,966.1208,1034.5539,1035.6053,1018.9361,963.0818,935.3243,984.6504,997.263,1109.4534,1113.3384,1122.3614,1097.761,1118.5186,1169.9722,1270.1759,1214.2372,1306.0373,1225.2103,1330.2464,1249.157,1176.7176,1112.1215,1057.698,1057.919,950.3254,1084.3702,1062.5971,843.7101,784.5271,846.8515,740.8013,677.1195,554.7989,555.3194,550.6343,413.2931,467.7153,526.4755,595.3687,564.1732,569.6158,665.6838,725.7253,640.6218,708.593,731.8477,819.3233,859.7648,988.4028,985.9526,878.7198,859.1409,932.9381,842.0464,916.5675,973.0437,883.7307,904.3793,962.8605,1003.7193,1030.4814,1112.0223,1093.3736,1035.9235,987.4412,943.2116,853.6305,928.1169,981.391,1047.9695,1059.828,1077.1316,1068.7962,1103.7185,1006.2607,1074.0579,1068.4202,1038.3262,1012.0772,1024.3655,1086.8482,1102.6506,1080.8492,1132.4111,1264.2066,1346.0819,1465.6439,1516.265,1555.637,1545.1725,1747.0916,1940.3869,2003.4196,2036.8472,1869.2614,1934.7307,1883.256,1936.2314,2041.1154,1920.0821,1818.215,1925.1817,1933.9878,1896.4862,2051.8668,1984.978,2220.005,2317.9407,2306.109,2202.5431,2173.0486,2145.2127,2229.4934,2033.7729,2037.9749,2304.4135,2277.6345,2264.1675,1881.1429,1867.7325,2006.1767,2130.3972,2009.9537,2069.2246,2129.6108,2079.6249,2116.414,2288.1497,2437.3333,2520.2182,2645.5168,2942.742,2887.7176,3017.8494,3087.0197,3253.521,3989.1211,3966.5717,4207.3862,4269.7828,4605.8969,4907.2437,5896.6463,6056.8542,5482.79,5577.7706,5918.1752,5638.366,5987.7494,5789.1737,6280.7949,5993.0166
BAC.N,美国银行(BANK OF AMERICA),933.921,939.5604,896.7733,915.8882,941.917,936.578,895.3037,893.9699,874.6487,908.7205,963.6881,969.1481,928.8281,962.8481,966.882,1059.8759,1038.264,1031.8284,1105.4079,1116.0733,1161.6096,1168.1148,1179.8559,1169.7772,1152.0301,1126.1012,1130.3105,1127.652,1135.8687,1095.1019,1062.175,1135.1967,1140.3002,1095.16,1046.3905,949.5136,1016.0209,914.5339,887.0596,878.402,795.8032,569.478,784.911,742.9218,851.7172,588.1716,395.4401,350.4374,163.7698,98.3116,170.2095,222.8696,281.2699,329.7266,369.4437,439.3857,422.9065,364.4194,396.1624,376.6537,379.6549,416.67,446.7035,446.203,393.8999,359.8482,351.5845,312.0187,328.3715,286.9319,274.4261,334.6292,344.4122,358.4596,334.6186,308.2608,294.9564,275.3596,243.9545,205.5166,153.9488,171.8089,137.1133,140.1378,179.7091,201.1287,241.5059,204.6617,185.7322,206.7061,185.4795,201.9048,223.4106,235.8083,249.471,294.045,286.7002,284.6766,308.7587,312.0542,346.2762,326.2407,370.3821,358.2052,350.3331,354.6488,401.6137,395.5216,425.4969,419.9083,437.1895,384.8284,384.8284,390.9259,387.8738,409.2387,434.9924,437.7988,434.7373,457.7577,387.6484,404.536,395.0207,408.8811,423.5115,438.1688,460.309,420.6627,402.3883,433.381,450.1687,435.8961,366.2252,324.2673,351.4997,378.5382,384.5178,346.1704,377.9962,422.9987,410.1568,432.4336,555.5687,581.3479,595.5528,649.2156,622.4343,615.838,593.2415,642.2151,638.509,635.6553,674.2363,728.7818,752.7298,788.8031,855.0711,857.7432,804.3689,802.4914,782.0711,759.1799,831.6239,832.9704,797.2173,744.1777
BAX.N,百特国际(BAXTER INTL),437.139,461.741,439.9877,480.3868,477.7971,480.3868,508.4848,522.2102,516.2539,495.0185,502.917,494.7876,484.2742,497.416,510.0321,495.4447,495.4447,483.0914,551.9543,583.2317,597.4248,604.1271,587.9628,617.5758,661.1083,665.7678,703.6085,756.5094,759.3148,754.8373,704.7292,733.6686,756.3884,806.5186,804.637,783.0294,816.8865,796.1137,782.8566,843.7846,827.2663,868.7727,932.2255,920.6762,894.6356,824.5697,721.1066,734.0832,803.3958,697.3722,705.1773,667.7294,704.7643,733.1409,780.3465,787.9603,792.847,751.8209,758.6354,820.3192,805.0815,795.855,817.5953,663.3479,593.2483,574.951,619.2324,601.9726,679.4129,725.2672,691.3749,725.402,694.8784,761.6578,775.0666,820.1839,857.9499,865.0125,842.985,811.2481,818.2581,801.3507,752.9607,725.891,813.9134,852.7899,882.1373,817.6518,746.9687,789.5682,869.1935,871.719,902.2323,937.5611,992.0514,1004.8226,1022.6097,1018.992,1102.0244,1060.0006,1066.9793,1058.3296,1115.9289,1062.7604,1010.7554,1013.525,1053.2228,1077.991,1058.6167,1077.2161,1148.6074,1136.2752,1161.5639,1136.6131,1174.1858,1178.7448,1136.2343,1110.4288,1155.7072,1168.5442,1121.0308,1102.5356,1100.622,1104.4782,1078.6209,1132.3819,1194.6794,1146.0933,982.206,1117.9508,1125.7247,1144.1426,1097.6571,1184.9298,1235.5692,1330.0114,1298.1296,1364.1976,1448.6681,1413.6706,1439.9898,1439.6873,1346.1861,1345.2759,1453.5897,1544.9131,1577.4599,1693.6554,1808.9482,1846.4631,1844.6331,1897.1559,1918.8673,1971.4642,2008.8097,1981.5269,2208.066,2078.0896,1998.5057,2135.5496,2182.494,2274.9204,2232.0962,2297.1502,2381.166,1930.817
BBT.N,BBT银行(BB&T),326.1744,323.53,322.9515,326.9182,333.0046,333.2548,351.8946,341.3765,328.5864,359.8785,361.6634,356.2236,334.8174,339.0198,336.1896,371.78,359.9184,360.0915,367.2945,374.3798,382.952,384.3272,379.8234,387.9479,376.896,378.5905,365.8371,375.0557,379.4713,366.5849,341.1109,362.1683,368.1847,340.7363,332.5335,282.6719,339.6361,291.907,300.6276,326.0232,299.2111,216.4931,271.7464,290.949,366.5958,352.5002,294.6843,270.0043,198.2158,161.5574,169.47,240.2776,230.8065,226.2769,237.2497,289.7184,282.4599,249.2766,259.5979,264.498,292.2364,299.157,339.6318,350.1109,318.5124,277.1184,263.017,234.3107,255.0724,249.5468,247.3082,280.2471,296.2937,295.865,294.257,290.3738,297.0615,289.5109,278.6418,241.8585,231.442,255.0735,253.2156,275.0728,298.9986,321.6516,345.1844,354.57,334.429,341.4009,349.4017,351.2952,369.3389,324.4137,315.673,326.2066,341.665,345.1267,356.8355,349.7875,376.98,387.9733,408.7003,391.3844,388.9642,391.4996,403.1284,433.0671,434.1115,441.3353,469.0064,435.8478,445.5579,463.3003,434.9829,441.5326,440.1133,448.0379,447.4398,462.9139,420.0625,455.8084,467.0689,458.6834,476.1049,486.2374,485.7549,448.3563,432.3262,451.1494,472.3004,462.3946,399.4131,396.6877,410.3794,436.4059,452.301,442.8496,458.519,482.5999,472.8225,491.3744,571.5703,593.9278,583.4438,613.05,568.2981,548.9735,533.2014,581.3368,605.7885,594.1054,605.062,634.7093,641.4626,645.3566,716.3562,709.8053,680.2008,690.1345,690.931,663.8202,668.6896,685.2118,643.8285,652.0521
BBY.N,百思买(BEST BUY),2948.2571,2960.8635,2960.3154,2765.407,2990.0895,3771.7659,4214.6939,3933.531,3599.3467,3659.7079,3988.8005,3601.8061,4196.5845,4461.6669,4633.142,4700.2352,4396.6195,4556.1784,3766.9061,3904.821,4458.0458,4598.7123,4575.4066,4102.5756,4203.4927,3876.5544,4063.3763,3898.7334,4035.795,3900.4049,3734.3832,3680.7837,3854.1448,4074.4325,4286.8875,4421.2463,4103.2711,3621.623,3491.1065,3633.2414,3943.1901,3344.4063,3365.5754,3793.4746,3177.4693,2286.9172,1761.9812,2391.5641,2395.8393,2464.243,3245.7552,3292.8975,3011.4826,2873.3491,3219.4991,3125.5935,3232.4219,3301.7719,3703.8997,3424.3493,3180.4967,3167.4797,3691.6325,3962.5029,3677.8504,2947.5033,3029.6699,2743.8355,3568.9966,3770.7834,3747.9727,3021.5936,2996.0391,2840.95,2530.7719,2764.6611,2812.4804,2794.7232,2455.7262,2276.8852,2086.8265,2349.2472,2426.2717,2107.7587,2160.0694,2227.7125,2135.7179,2005.194,1700.8261,1919.9371,1657.0449,1624.9849,1590.3432,1406.3442,1212.1744,1110.9526,1524.3957,1538.4584,2092.6663,2455.4582,2602.8423,2598.0133,2860.3813,3422.1909,3581.0205,4087.1381,3872.2769,3823.9228,2257.15,2553.4369,2549.002,2502.6741,2669.6477,3010.6451,2886.3747,3096.081,3280.521,3334.236,3848.9233,3826.7992,3455.7037,3740.4066,3777.1629,3463.3155,3468.3131,3281.4248,3249.2244,3697.0116,3758.4122,3546.799,3217.7354,3106.1855,2849.1219,3304.0837,3383.0139,3345.4712,3354.8569,3221.0926,3536.886,4050.5766,4048.8942,4126.3088,4846.3715,4552.2716,4749.6399,4708.0325,5282.863,5568.7718,6383.5043,6198.9851,6308.1945,5867.0318,6194.9145,6088.3307,6483.126,7487.8066,7989.7642,7921.9616,7703.5264,8423.3587,7512.0114,8258.9191,8308.7516,8810.3996,8838.9925,7814.3109
BDX.N,碧迪,1360.7518,1438.0973,1407.5367,1409.946,1384.1661,1268.2443,1338.3398,1272.1117,1271.5206,1230.7776,1412.1809,1462.4344,1577.3261,1554.2017,1504.105,1539.7658,1476.016,1498.4263,1615.8394,1708.4952,1737.6281,1721.8919,1763.4454,1730.6484,1898.1623,1873.7384,1903.186,1947.7397,1887.3447,1850.0288,1896.2175,1910.6204,2044.0168,2079.1425,2060.9569,2089.334,2160.8284,2260.3205,2152.9484,2241.9753,2117.8391,2045.7735,2136.6129,2198.7661,2026.3361,1752.1521,1603.9513,1735.7546,1844.382,1570.783,1715.4194,1542.959,1726.6446,1828.188,1670.2629,1784.8612,1796.7873,1760.9803,1926.8773,2041.2758,1950.9378,2015.6498,2047.5493,1986.1722,1854.3156,1767.9431,1798.7945,1782.8459,1947.5684,1984.8902,2048.2322,2232.6855,2191.2123,2113.2849,2114.1624,2281.9784,2324.729,2299.1483,2230.8435,2171.3437,1966.5709,2098.2657,1978.9089,2016.3631,2115.94,2056.8415,2108.0052,2129.7232,1985.2984,2041.9359,2068.1601,2075.5356,2158.698,2079.5603,2106.7639,2162.362,2324.145,2435.319,2658.8725,2622.4419,2742.5793,2762.3193,2898.9958,2721.7915,2809.6683,2953.2136,3050.4087,3119.6717,3052.7551,3253.2227,3321.3065,3206.4167,3338.8945,3371.3268,3312.6207,3339.124,3258.6248,3684.9575,4017.9494,4001.7047,3970.648,4219.1011,4145.7329,4067.201,4056.8071,4107.2999,4411.7591,4089.0324,3863.6041,4150.7678,4375.8971,4507.0975,4252.0395,4312.879,4460.501,4737.85,4890.3332,5002.009,5191.0701,5226.7587,5320.8277,4970.9018,5006.1312,4922.8479,5271.9523,5443.2335,5476.5651,5581.9525,5649.4244,5847.214,6035.7178,5976.9789,5893.9839,6276.589,6864.3331,6460.8494,7332.5178,6701.1015,6562.9967,7022.4368,6711.0957,7278.9073,7607.3636,7956.7852,7953.5086,7024.0756
BEN.N,富兰克林资源,2731.6932,2825.487,2849.8795,2851.1249,2994.7605,3199.8286,3359.446,3343.6505,3494.2454,3677.7806,3865.4777,3917.4715,4104.5734,4278.7573,3932.088,3885.3569,3753.0912,3627.1068,3820.9759,4111.7795,4418.4604,4766.9009,4464.8912,4614.6354,4989.1007,4912.8673,5067.4058,5506.9193,5692.706,5561.8642,5347.7364,5532.4741,5353.1946,5450.9924,5177.7703,4818.327,4382.9385,3973.6565,4091.8522,4014.2256,4270.3091,3874.5305,4253.3171,4417.768,3725.7214,2880.9887,2573.8245,2711.7466,2058.6825,1947.2874,2299.0565,2581.1572,2853.0152,3082.3485,3795.8987,3994.9394,4306.1278,4487.9981,4633.8377,4658.8918,4379.4025,4498.3624,4914.0726,5124.106,4346.4507,3828.4071,4467.5854,4286.8032,4758.0532,5105.2264,5078.0756,4961.1261,5382.2486,5603.9624,5591.5074,5772.1094,5792.673,5880.8599,5686.9066,5371.5646,4294.5455,4788.0321,4527.1443,4419.5105,4881.4289,5423.861,5718.6534,5786.8918,4923.7684,5130.7984,5313.8596,5427.1171,5794.2619,5920.7378,6116.2426,5972.4,6503.5967,6711.2291,7179.478,7362.7615,7369.9024,6488.3186,6994.9103,6605.6681,7248.2634,7722.8777,7942.2613,8295.1974,7473.2932,7651.4683,7802.5425,7539.0015,7950.8744,8347.0535,7814.5392,8156.5606,7898.3296,8042.9611,8223.7506,8100.4267,7538.6489,7875.1304,7529.7519,7564.9651,7469.5961,7215.2722,6703.1542,5971.7672,5505.2986,6022.4362,6193.8303,5466.625,5145.9322,5322.6102,5825.0658,5569.9861,5571.4778,5007.1701,5430.3113,5476.8268,5365.1757,5077.0822,5921.7542,5999.7889,6024.0427,6524.2778,6418.4725,6566.2162,6365.163,6852.9295,6851.3994,6614.2474,6840.8486,6475.0607,6662.5655,6694.6139,6552.4712,5974.6301,5861.5624,5685.7832,5673.9519,5456.1374,5842.5783,5403.3635,5215.1837,5230.6183
BF_B.N,百富门(BROWN FORMAN)-B,445.9867,470.6764,508.5513,515.5178,553.7868,563.8888,545.1422,528.1677,557.7315,593.3274,645.0351,651.9952,667.0442,661.777,726.5894,703.2729,720.2647,677.0288,695.9799,729.4286,728.9319,686.5178,663.261,632.6048,626.3972,624.5827,629.04,629.2495,671.8688,722.5323,656.8835,710.4004,743.657,734.4246,701.2673,739.2734,620.2675,636.1283,664.1087,682.1605,753.9669,761.3212,724.9527,725.4564,726.8707,574.4313,555.3257,655.735,578.305,547.3585,497.8619,596.2034,562.2262,554.5283,567.0432,576.9778,626.0145,633.6741,664.3127,699.6227,670.2378,683.8201,780.7513,764.0725,728.351,755.5743,834.5248,809.1762,817.9903,806.9759,868.1526,941.8375,897.6001,935.4792,928.3495,976.7378,985.165,1019.8795,1004.4496,979.7343,962.0407,1024.9971,1094.6745,1109.1551,1118.7987,1124.8604,1153.7775,1194.7318,1206.2156,1345.5838,1299.8742,1335.8576,1364.748,1339.8583,1467.8623,1405.6702,1437.8951,1458.3412,1592.7663,1572.6894,1535.2126,1512.4861,1623.5435,1499.9473,1531.3016,1640.311,1686.1624,1705.1157,1737.3814,1890.8125,2030.6965,2031.3757,2098.1675,2138.8228,1968.0259,2104.5271,2055.5921,2111.4135,2211.2083,2007.9832,2031.5286,2095.9925,2072.5515,2069.7988,2162.4729,2305.7479,2495.17,2257.8745,2237.5341,2451.8202,2367.7683,2300.1178,2266.7559,2281.3518,2289.2926,2239.3081,2279.9932,2327.4086,2290.7804,2272.918,2220.9522,2161.4959,2131.3953,2111.1859,2143.145,2291.6612,2178.5739,2232.3542,2450.7777,2300.8441,2338.7181,2511.0447,2579.5098,2708.7228,2840.7861,3272.6029,3302.6268,3325.9787,3311.4753,3411.3065,3442.9603,2991.8111,3248.8101,3187.7652,3095.0909,2837.3197
BIIB.O,生物基因(BIOGEN),389.76,231.9,207.06,217.44,234.6,206.7,235.74,252.84,236.88,243.78,256.86,271.68,268.5,283.5,282.6,269.1,279.78,277.92,252.3,265.2,268.08,285.6,313.56,295.14,290.04,271.14,266.28,283.26,313.32,321,339.24,382.92,397.98,446.64,444.72,341.52,365.7,350.16,370.14,364.14,376.5,335.34,418.56,305.58,301.74,255.3,253.86,285.78,291.9,276.24,314.52,290.04,310.74,270.9,285.3,301.2,303.12,252.78,281.64,321,322.44,330.06,344.34,319.74,284.58,284.7,335.28,322.8,336.72,376.26,383.82,402.3,392.82,410.4,440.82,585.9,568.38,641.52,611.22,565.2,558.9,698.16,689.7,660.3,707.7,698.82,756,804.06,784.5,866.28,874.98,879.54,895.26,829.2732,894.54,878.22,936.48,998.04,1155.708,1313.58,1424.94,1291.2,1308.78,1278.12,1444.56,1465.14,1745.82,1677.432,1875.84,2044.08,1835.22,1722.72,1916.22,1891.86,2006.34,2058.24,1984.86,1926.48,1846.14,2036.7,2334.96,2457.54,2533.44,2243.58,2381.94,2423.64,1912.68,1783.8,1750.86,1743.06,1721.16,1838.1,1638.36,1556.52,1561.92,1649.94,1738.38,1450.92,1739.58,1833.78,1878.18,1681.08,1764.42,1701.48,1663.44,1731.6,1640.52,1627.26,1486.62,1628.16,1737.54,1899.36,1878.72,1869.96,1933.02,1911.42,2086.86,1733.94,1642.92,1641.6,1763.76,1741.44,2006.22,2120.94,2119.86,1825.62
BK.N,纽约梅隆银行(BNY MELLON),1996.7758,2033.0685,1955.5811,1894.5423,1954.2129,1951.5006,2101.277,2086.9408,2007.7504,2151.1264,2227.4367,2189.6253,2201.5664,2369.7465,2494.3242,2447.7489,2314.0454,2242.319,2356.0589,2365.8729,2471.7238,2425.2239,2507.7818,2778.0351,2838.4179,2882.4023,2876.7269,2887.066,2892.7717,2955.534,3051.0965,2899.0795,3165.1093,3521.3828,3457.2266,3514.8951,3371.4968,3179.4404,3024.3457,3172.7712,3245.6582,2757.3152,2604.8734,2539.5682,2390.6134,2439.2238,2233.6754,2094.6714,1927.5189,1660.1824,2115.4782,1914.9373,2087.7927,2202.7791,2061.5662,2232.735,2185.9841,2016.8297,2015.3167,2115.9312,2207.3345,2164.0832,2343.1588,2369.0355,2069.9571,1878.9427,1914.4502,1852.5952,1995.3963,1920.5923,2068.507,2314.5206,2400.2723,2335.7117,2295.7455,2235.9326,2170.3062,1978.0592,1948.536,1603.992,1442.584,1661.6338,1519.5204,1554.6584,1581.8339,1737.4241,1896.1575,1868.7107,1608.7505,1734.3848,1692.123,1792.3145,1798.6759,1975.2965,1913.7434,2054.4363,2181.6793,2180.0728,2248.3507,2279.1011,2427.703,2265.3716,2551.9542,2413.1993,2449.7138,2592.6692,2747.5772,2848.675,2617.9017,2621.1782,2890.6681,2788.3986,2845.2038,3085.5972,3227.8239,3239.3991,3202.1932,3216.3549,3325.1727,3370.0289,3004.429,3266.4819,3358.2839,3547.6137,3633.0782,3516.6119,3650.6051,3347.79,3293.115,3517.2861,3702.2287,3480.9732,3073.5024,3003.0715,3125.2648,3428.9692,3584.0567,3310.5232,3373.4825,3567.8431,3414.5808,3721.0157,4077.8961,4074.4562,3862.8897,4071.0176,4078.79,4080.5277,4085.7302,4423.8955,4619.1532,4553.8248,4618.2822,4502.2518,4790.1509,4713.1445,4982.3602,5011.3581,4528.0604,4810.7911,4831.9724,4759.6031,4743.8752,4626.7644,4523.8488,4225.1507
BKNG.O,BOOKING,3.765,3.745,4.2,4.2267,3.9917,3.8883,4.14,3.5817,3.22,3.1617,4.0033,3.72,3.675,4.0917,4.14,4.0733,5.1833,4.9767,4.48,5.5667,6.1317,6.715,6.5817,7.2683,7.1033,8.735,8.8767,9.2734,10.3067,11.4567,10.6334,13.83,14.7917,15.5167,18.9667,19.1434,18.0867,19.0034,20.1434,21.2734,22.4217,19.2434,19.1584,15.4967,11.405,8.7717,11.5,12.275,11.1817,14.1434,13.13,16.1817,18.3517,18.5917,21.6034,25.6634,27.6367,26.2984,35.6867,36.4017,32.5584,37.7851,42.5001,43.6751,31.8601,29.4234,37.4001,48.5801,58.0568,62.8018,65.6751,66.5918,71.4201,75.6468,84.4068,91.1685,85.8652,85.3218,89.6085,89.5435,74.9101,84.6202,80.9818,77.9518,88.2485,104.5035,119.5836,126.8036,104.2485,110.7536,110.2902,100.7619,103.1785,95.6285,110.5319,103.3985,114.2452,114.8526,114.6939,115.9986,133.9886,137.7786,145.9453,156.422,168.492,175.6387,198.7221,193.7337,190.8154,224.8071,198.6487,192.9587,213.1054,200.5004,207.0754,207.3854,193.0971,201.0354,193.3654,190.0354,168.247,206.2471,194.0254,206.3021,195.3404,191.8954,207.2621,208.1071,206.1437,242.3738,208.1421,212.4921,177.4954,210.8688,214.8271,223.9438,210.7221,208.0687,225.1354,236.1221,245.2488,245.7055,250.6138,244.3438,262.5222,287.3556,296.6623,307.8039,312.849,311.754,338.084,308.6806,305.1373,318.6606,289.9522,289.6239,318.6756,339.0073,346.7324,363.0007,351.4874,337.849,338.1207,325.259,330.6673,312.4306
BLK.N,贝莱德(BLACKROCK),82.1693,79.4167,76.963,76.9938,80.1368,82.9538,87.6455,85.0139,91.7095,98.1049,111.5995,112.575,137.8131,147.4641,145.7144,157.7254,139.4695,145.299,134.8482,136.3229,156.0669,157.9942,150.6073,159.5679,176.2285,167.2889,164.9102,157.9365,161.9878,165.9325,169.0161,165.0892,184.5785,220.2786,211.8542,231.537,235.3817,206.3862,218.9175,216.355,241.2295,190.4702,233.2023,234.6428,210.0715,141.855,135.7742,145.7945,118.2441,105.2133,142.4813,160.538,174.7598,193.1185,209.764,220.5586,239.6228,239.258,251.8217,257.4996,237.117,242.6396,242.609,204.9966,187.0371,160.7392,176.5329,160.241,192.1876,193.0229,184.0034,216.4651,224.9157,231.6965,229.9016,224.1028,235.1055,220.9011,205.5263,191.3121,171.8732,183.23,199.7775,208.6447,213.0461,232.946,241.681,225.97,201.4598,202.1415,202.6652,211.7309,214.0479,227.7095,238.3561,250.0538,285.8241,290.0217,312.9225,324.6412,340.1119,314.8673,345.6491,321.201,333.9099,371.1604,375.6056,392.6272,372.7769,378.1985,392.6248,375.7952,380.6643,401.5109,382.8299,417.659,414.8665,431.028,453.7349,454.2557,432.5948,471.8639,467.5022,465.0742,467.4255,444.8334,432.4133,391.6348,385.1609,455.7269,470.9406,443.56,409.3538,406.3578,446.7563,467.4301,477.2948,452.1673,483.4797,495.155,481.4085,453.2247,492.4721,508.4878,499.7222,517.7345,515.6975,517.1228,550.296,571.4966,577.0708,570.3225,608.5427,640.8557,682.1792,702.7255,768.5098,751.5884,744.9766,717.1699,734.6763,690.0017,695.1451,662.3761,655.9816,572.6008
BLL.N,波尔公司(BALL),1338.637,1394.4299,1302.7241,1240.5401,1182.418,1132.3503,1195.0137,1184.3015,1159.9903,1243.0272,1304.6309,1257.1553,1281.8426,1351.389,1390.408,1268.2754,1190.2691,1178.1819,1218.2604,1286.3598,1289.8675,1326.2197,1366.8406,1393.6916,1480.6374,1483.7817,1468.726,1623.7671,1776.6304,1706.3482,1645.3728,1684.2543,1728.306,1594.2216,1490.3527,1450.0729,1476.4965,1424.1586,1483.5793,1736.763,1756.8305,1544.5872,1442.3481,1489.0066,1280.5068,1108.9727,1185.4386,1352.6033,1246.9057,1313.6141,1415.0124,1229.8219,1300.9835,1476.1913,1580.793,1587.2645,1611.5025,1615.7605,1621.5761,1696.7311,1666.866,1776.8783,1755.177,1749.5873,1622.7426,1740.7004,1918.9549,1851.0617,1942.4925,2124.3639,2177.8926,2249.6295,2351.4496,2391.4724,2374.911,2471.6298,2622.101,2552.4172,2574.9815,2388.5389,2062.7081,2298.7692,2339.4979,2379.4779,2616.0264,2677.3759,2864.4182,2789.6013,2676.6598,2748.9839,2783.1369,2830.7459,2840.1436,2875.0497,3006.6262,3010.6628,2995.189,2996.6806,3210.5846,2977.1121,2920.9756,2811.3375,3031.2905,3015.0536,3046.2766,3318.4595,3401.2402,3515.5676,3483.5832,3789.9366,3738.7766,3832.911,4126.2865,4284.8847,4187.8117,4390.9199,4334.064,4413.5253,4603.4898,4678.9906,4346.7871,4930.8487,4857.2745,5047.7423,4890.1328,4832.2695,4673.1456,4549.1744,4293.1064,4727.9388,4800.5091,5029.4011,4621.4063,4588.8413,4939.4307,4945.6665,5018.4939,5017.7997,4905.3522,5505.8105,5697.7039,5358.4142,5227.4527,5228.1491,5311.025,5130.0246,5180.9551,5364.4443,5721.0641,5904.306,5860.9434,5608.1319,5791.8442,6020.4327,5611.0966,5321.4734,5381.9288,5630.7939,5596.9668,5650.5263,5221.8177,5023.968,5507.2865,5932.7107,6231.6128,6346.3572
BMY.N,百时美施贵宝,849.587,907.2168,933.2252,953.0187,929.5597,925.886,925.886,906.9829,891.7862,793.9856,809.7377,861.87,865.1678,876.9362,934.2597,974.5157,942.6461,992.9462,930.4978,844.3191,967.3761,971.7393,974.8803,1033.381,1142.513,1046.8736,1101.6381,1156.9098,1215.0359,1265.1446,1148.9747,1178.9022,1165.5562,1224.6536,1209.9529,1082.9548,951.1492,934.2086,880.0815,920.6321,954.9934,860.2903,898.3838,907.7419,886.8987,887.3305,893.8074,1017.6663,937.1285,805.8167,959.4515,852.451,884.4179,901.7334,980.1842,997.768,1029.2977,996.3894,1156.8173,1168.5404,1127.3522,1134.2941,1250.465,1185.3659,1087.0147,1183.0062,1182.0575,1237.0811,1300.8421,1290.7655,1211.1123,1270.6123,1223.469,1254.08,1300.1911,1382.3447,1414.8125,1441.2814,1426.351,1480.5982,1561.72,1588.1842,1644.9948,1771.6876,1636.7583,1633.2045,1713.4179,1711.2945,1709.756,1843.6032,1843.0366,1708.9505,1747.2608,1738.789,1706.3665,1704.2747,1910.4369,1954.3125,2177.3906,2117.4643,2452.7828,2382.4139,2323.2571,2239.9766,2486.5944,2842.9287,2781.22,2896.5507,2723.2481,2930.3393,2831.1535,2748.8663,2729.6588,2662.1582,2798.7217,2800.3804,2829.6835,3240.0487,3287.934,3307.2801,3376.7538,3413.1714,3613.7484,3591.2083,3640.2331,3749.5528,3719.52,3369.8941,3375.7825,3760.6902,3821.1349,3944.1273,3563.9912,3550.804,3684.4203,4163.1411,4135.4561,4264.6638,4337.7226,3327.6554,3126.4537,2972.3826,3295.2519,3412.022,2889.1621,3332.88,3195.9446,3317.9928,3193.6791,3298.4578,3391.8184,3605.2228,3799.5519,3697.839,3789.5953,3675.0498,3778.846,3996.1598,3818.0832,3166.9389,3196.7068,3361.9489,3594.9489,3705.0921,3798.7137,3112.4459
BRK_B.N,伯克希尔哈撒韦(BERKSHIRE),2994.11,3015,2856,2798.01,2810,2783.5,2782,2776,2731,2815,2955,2935.5,2932,2888,3012,2952,3069,3043,3047,3203.5,3174,3515,3555,3666,3667.35,3523,3640,3628,3625,3605,3604,3890,3952,4414,4690,4736,4550,4674.5,4472.9,4457,4498,4012,3829,3902,4395,3840,3499,3214,2989,2564,2820,3065,2972,2895.73,3180.5,3286,3323,3283,3353,3286,3821.5,4006.5,4063.5,3850,3527.5,3984.5,3906,3939,4134,3978,3984,4005.5,4087.5,4364,4181.5,4165,3953.5,3869.5,3708.5,3650,3552,3893,3938,3815,3918.5,3922.5,4057.5,4022.5,3968,4166.5,4242,4217,4410,4317.5,4404,4485,4846.5,5108,5210,5316,5703.5,5596,5793.5,5561,5675.5,5754.5,5826.5,5928,5580,5789,6248.5,6442.5,6417,6328,6271.5,6862.5,6907,7008,7434.5,7507.5,7195.5,7370.5,7216,7060.5,7150,6805.5,7137,6702,6520,6801,6704.5,6602,6488.5,6708.5,7094,7274,7027,7239.5,7213.5,7524.5,7223.5,7215,7872,8149,8207,8571,8334,8260.5,8264,8468.5,8748.5,9058,9166,9347,9650.5,9911,10719,10360,9974,9686.5,9576.5,9332.5,9893.5,10436,10705.5,10264
BSX.N,波士顿科学,132.24,130.64,117.16,118.32,108.36,108,115.8,107.52,93.48,100.48,105.92,97.96,87.48,97.68,92.2,92.96,82.72,67.36,68.04,69.76,59.16,63.64,63.4,68.72,73.8,65.24,58.16,61.76,62.68,61.36,52.6,51.32,55.8,55.48,50.52,46.52,48.6,50.36,51.48,53.32,53.16,49.16,47.56,50.24,49.08,36.12,24.68,30.96,35.48,28.08,31.8,33.64,37.6,40.56,42.96,47,42.36,32.48,33.48,36,34.52,30.96,28.88,27.52,24.2,23.2,22.4,20.76,24.52,25.56,25.68,30.28,27.92,28.64,28.76,29.96,28.72,27.64,28.64,27.12,23.64,23.56,23.6,21.36,23.84,24.88,23.92,25.04,22.96,22.68,20.68,21.6,22.96,20.56,22.16,22.92,29.88,29.56,31.24,29.96,36.96,37.08,43.68,42.32,46.96,46.76,46.32,48.08,54.12,52.4,54.08,50.44,51.32,51.08,51.12,50.72,47.24,53.12,51.48,53,59.24,67.6,71,71.28,73.08,70.8,69.36,66.96,65.64,73.12,73.12,73.76,70.12,67.92,75.24,87.68,90.84,93.48,97.12,95.28,95.2,88,81.84,86.52,96.24,98.2,99.48,105.52,108.12,110.88,106.48,110.2,116.68,112.56,105.12,99.16,111.84,109.04,109.28,114.88,121.56,130.8,134.44,142.24,154,144.56
BWA.N,博格华纳(BORGWARNER),126.5262,124.311,114.7196,108.0762,126.3725,126.869,137.8375,138.5247,133.7856,137.7538,142.5285,144.025,131.3418,132.8665,143.0394,145.0585,157.1208,155.4966,143.6985,135.819,136.9207,138.0904,138.8109,141.7408,165.0159,177.2946,181.5801,187.9728,203.0522,207.588,208.9967,204.2825,221.2778,255.9814,233.9454,234.4539,245.6517,209.2481,208.8598,239.1008,251.5545,215.8961,196.6751,201.6993,159.8473,110.1497,115.9832,106.7183,83.2778,85.1032,100.1504,142.8254,159.106,168.4797,163.7435,146.3775,149.2883,149.5843,149.0416,163.8915,173.1172,184.8096,188.3618,213.8187,183.8229,184.2176,216.3841,215.3481,259.6018,276.8197,297.6885,356.9894,332.5192,382.8904,393.1521,381.065,357.7295,398.579,392.8068,352.2039,298.6259,377.3649,325.2176,314.4625,368.1885,408.6927,416.093,389.9453,353.98,323.5895,331.0391,339.3274,340.9555,324.7242,327.0923,353.3386,365.9684,367.1031,381.5584,385.6532,399.9604,425.0227,470.8057,477.7307,501.5233,511.3489,531.3804,554.4364,533.7575,610.7895,610.9883,618.913,626.383,649.291,620.0086,620.7132,525.096,569.1118,565.807,549.7011,540.2977,616.1212,606.2969,593.4652,604.281,571.028,499.3983,439.7104,419.0549,431.4482,431.4429,436.9004,296.7244,331.6,389.6402,364.4759,346.6496,300.7081,337.991,351.6613,359.7396,366.4886,365.4803,404.9028,419.173,434.6002,430.4798,435.5273,439.3972,437.8468,483.1199,481.2273,531.2061,546.656,579.143,531.4011,585.1757,512.233,524.2352,510.7719,510.8576,452.0011,481.953,460.1469,449.7392,414.3109
BXP.N,波士顿地产,87.3884,90.4435,92.0983,101.6399,102.1445,108.1025,117.6,109.8784,114.5746,111.8597,121.5396,120.8938,127.6292,138.0828,153.2166,145.0341,139.0861,149.6986,162.6151,168.295,172.2579,178.0754,195.1111,197.1091,222.1441,211.4677,208.056,208.3396,205.0079,182.2329,168.6007,178.5572,186.6318,194.6072,176.7883,176.4582,176.266,165.6181,178.2401,194.5405,189.2167,175.9169,187.5576,199.8028,183.9847,139.2359,104.8984,109.4237,86.1463,73.7913,70.9779,100.135,97.9062,97.6836,108.3326,124.0603,135.2692,125.4052,138.2202,139.397,134.8245,141.1844,157.8288,164.9838,160.423,150.23,172.4676,171.4146,176.072,182.5752,177.5125,183.4401,201.0597,204.3621,203.1724,223.9073,232.0899,228.4989,231.0818,224.4739,192.8138,214.2159,206.4038,216.7093,226.3916,220.9521,229.6497,236.7804,225.1437,238.3019,243.8653,246.5701,244.4408,234.916,226.8055,235.281,234.1025,230.9894,226.176,244.9084,238.53,237.5499,240.8833,230.8606,242.2519,234.5469,225.4597,228.8844,246.4892,256.3862,262.6949,268.6814,276.8011,272.5642,275.4933,280.0368,268.5184,294.0109,300.7146,310.3241,334.7034,331.3516,340.3301,320.5372,315.0137,294.7888,300.2443,276.1331,289.9773,308.2234,306.1171,317.0095,288.848,283.7028,317.5182,321.9656,313.8952,331.2634,356.9558,351.9328,343.9072,304.0131,312.5925,319.3143,332.3123,352.9517,338.0765,323.2421,309.7609,316.0167,310.5965,309.8002,317.5965,313.2027,324.058,338.1721,321.7356,309.1481,322.5964,317.8577,318.8002,330.4841,330.7739,343.7382,326.9031,320.715
C.N,花旗集团(CITIGROUP),774.4964,760.2289,715.9406,755.1836,757.5958,743.4442,706.5452,710.9306,739.3549,743.5779,796.2611,795.9331,763.9514,768.6366,782.8921,836.5639,825.6777,808.0922,809.0971,834.9121,840.3259,848.6158,847.2607,951.652,941.9133,869.1001,885.8368,925.1766,949.6317,893.8633,811.6049,826.5342,822.8318,738.7326,594.7726,525.829,508.9876,428.4024,387.0257,456.5891,400.5906,306.7108,347.9495,353.5346,381.8322,257.3094,156.2707,126.4869,67.0786,28.3431,47.8053,57.6309,70.2908,56.1193,59.8984,94.4769,91.4537,77.2821,77.66,62.5437,62.7327,64.2443,76.5263,82.5728,74.8257,71.0467,77.4711,70.083,73.881,78.7938,79.3606,89.3752,91.0758,88.4304,83.5176,86.7298,77.7737,78.6998,72.4818,58.7,48.4252,59.7209,51.9684,49.7557,58.0956,63.0325,69.1428,62.5123,50.1652,51.8683,51.3384,56.2416,61.9396,70.78,65.4592,74.9078,79.85,79.4902,83.7895,88.3729,98.4893,90.8738,98.7734,91.5734,91.9144,92.4445,100.2904,98.7553,89.9048,92.1794,90.227,90.8147,90.189,89.2979,92.7481,97.9439,98.2663,101.5283,102.3628,102.6283,89.0672,99.4441,97.7367,101.1515,102.6904,104.8931,111.1017,101.6373,94.2825,101.1406,102.8906,98.4395,81.0962,73.9922,79.5154,88.2362,88.7892,80.8197,83.8299,91.3499,90.374,94.0479,108.2584,114.0946,107.1833,115.1528,115.1721,114.1282,116.8694,129.1085,132.1393,131.9367,141.0712,142.5452,147.0535,144.9305,152.8578,147.6306,132.0051,133.5109,131.0382,131.4902,141.2557,140.8608,141.8494,129.4322
CAG.N,康尼格拉品牌(CONAGRA BRANDS),1613.0147,1493.8156,1477.4121,1477.5892,1444.447,1279.2885,1269.3152,1276.0222,1383.3355,1315.9859,1215.8872,1146.8927,1187.6214,1204.8084,1229.4431,1309.7547,1305.1347,1276.8376,1251.9861,1385.9195,1425.5172,1533.3719,1506.985,1583.2139,1517.8077,1488.2898,1470.5791,1461.6979,1516.4075,1597.2826,1518.1578,1539.7175,1564.8704,1432.6737,1510.5561,1436.2961,1308.3948,1346.1604,1458.848,1447.0829,1448.3114,1184.2003,1343.2222,1317.82,1205.6783,1091.2089,923.957,1033.579,1082.6816,954.7859,1068.1192,1132.6935,1189.6481,1219.7253,1268.3114,1326.4612,1400.7637,1369.5446,1447.1521,1503.2382,1495.9845,1609.1372,1649.267,1623.0772,1603.8417,1546.7986,1570.4276,1444.0175,1467.4268,1519.6236,1451.379,1525.7048,1523.8613,1580.5028,1620.7661,1684.5062,1752.0242,1778.2047,1779.9564,1697.2485,1683.348,1777.4437,1772.5317,1852.5272,1888.233,1858.4971,1859.2051,1845.171,1797.2909,1853.032,1782.3842,1812.7042,1991.7367,2027.7544,2174.8831,2148.6622,2399.3924,2503.6181,2628.3953,2614.5225,2490.3383,2581.9981,2694.9526,2517.0753,2258.074,2386.0046,2474.514,2527.7697,2402.8243,2146.5936,2345.3803,2324.8251,2461.221,2261.5801,2314.4866,2473.4971,2538.0231,2658.015,2825.9303,2807.359,2760.4101,2725.3498,2846.1129,2835.4858,3028.4401,3429.2515,3475.8823,3288.1247,3195.8237,3218.8391,3249.0033,3346.6401,3326.4159,3359.9677,3564.4736,3579.7463,3671.3286,3840.8364,3776.7241,3764.6088,3804.993,3911.7674,3828.1642,4126.5711,4099.4808,4321.8113,4230.5719,4087.757,4062.4589,3769.4222,3632.069,3443.2524,3579.0306,3646.6381,3985.041,4021.3366,4079.1324,3878.3961,3958.9053,4002.0873,4001.0077,3857.4206,3985.9898,3990.333,3688.4792,3888.4401
CAH.N,卡地纳健康(CARDINAL HEALTH),716.7349,745.1141,710.5118,707.5832,737.6335,733.9492,759.4424,759.8248,809.4251,797.5594,815.9322,877.9442,919.9578,927.109,952.3861,860.7515,855.1282,823.3341,857.5063,862.8818,842.5226,838.806,828.1687,826.8853,916.5939,899.7816,937.3922,898.8429,931.0958,909.2808,846.0791,880.19,806.4289,877.3605,780.8934,746.3287,749.5596,764.2923,680.164,674.4647,732.3647,669.9662,697.8923,714.1284,641.8948,497.5727,423.5881,450.889,492.4854,424.4662,413.5633,443.9106,469.6598,403.6271,439.9601,456.8715,356.3332,376.8091,428.5306,430.9714,442.0665,454.0973,483.9827,465.9828,463.2962,454.0387,435.9366,404.7307,448.9756,471.3972,483.4913,523.2219,566.9261,568.7016,564.3824,599.5105,623.2494,626.2401,603.3525,585.9799,580.263,613.3773,588.2991,565.6423,599.3496,578.7352,603.4596,591.7012,579.2428,591.3751,606.7227,556.8783,552.0581,582.6571,573.0241,587.2711,624.7777,659.0043,597.4411,634.7632,674.095,681.8435,723.5919,726.3366,757.7314,852.3207,938.6279,975.1324,992.793,1044.0236,1025.8889,1018.9988,1035.4177,1010.0691,1055.5929,1085.7948,1108.7866,1161.4733,1216.3798,1199.8364,1236.3977,1307.737,1346.7431,1258.2731,1315.4131,1253.6183,1273.5503,1232.937,1157.067,1238.1009,1308.1394,1350.3417,1230.8425,1235.8342,1245.507,1192.4646,1199.9118,1192.7235,1278.1911,1218.1038,1194.8374,1056.2855,1091.9615,1113.6159,1159.8812,1259.0653,1268.7936,1129.3897,1155.8391,1219.4406,1209.1117,1055.7426,1054.5667,975.4585,932.7526,972.7629,1139.7853,1098.8235,1002.5527,1026.3849,833.168,788.4761,806.5612,842.7313,879.7039,824.3152
CAT.N,卡特彼勒(CATERPILLAR),627.9709,669.9061,644.4631,623.4741,666.3845,674.8816,767.0548,789.5357,835.9204,751.6635,825.8436,825.7007,974.3567,1048.689,1030.4647,1090.3114,1050.1481,1072.1731,1024.6483,959.2976,951.3456,881.5822,900.7502,890.5853,935.0557,940.3097,978.2548,1064.4401,1151.7999,1147.6957,1159.8534,1115.2549,1154.4073,1103.3307,1063.2553,1073.0154,1055.7116,1075.6391,1164.2719,1228.8617,1240.2678,1107.8966,1049.6121,1067.8807,899.8401,582.5604,625.1087,681.2297,475.5466,379.3583,430.9979,555.5247,553.6511,515.8667,696.5717,716.3337,811.5076,876.7831,929.8105,907.5167,837.5526,914.6703,1007.6604,1098.482,980.2286,969.097,1132.7562,1058.2135,1277.7815,1283.5134,1381.4915,1529.4385,1591.5921,1688.7185,1826.861,1901.3562,1743.0334,1753.9068,1634.4201,1505.5393,1221.6376,1571.4336,1628.3287,1507.2188,1823.4313,1908.4869,1779.9845,1724.5848,1470.3524,1424.8759,1422.1576,1441.0724,1453.0631,1440.9398,1448.2456,1531.2375,1681.2965,1578.4263,1486.1506,1456.1422,1475.5758,1418.6509,1435.8138,1429.4062,1444.2995,1453.7174,1475.3418,1583.6381,1648.4018,1702.114,1744.2412,1860.9792,1805.0086,1918.7155,1790.1258,1937.9555,1759.5648,1815.5788,1801.0771,1638.6937,1443.4705,1496.3574,1444.5535,1581.1942,1552.8026,1543.7027,1444.2601,1404.0346,1200.5194,1355.6484,1349.3336,1262.2259,1170.4613,1273.14,1439.3816,1475.8233,1376.8908,1439.5544,1586.6669,1571.1377,1701.8901,1614.2116,1848.2394,1793.6974,1865.5251,1885.0267,1808.9704,2010.8008,2073.1345,2113.0516,2256.8419,2326.9536,2469.9496,2705.6357,2812.2273,3139.5734,3258.2298,3095.0981,2949.981,2904.0806,3055.9634,2729.2644,2910.552,2810.3626,3086.44,2471.2003
CB.N,丘博保险(CHUBB),50.5189,51.7528,48.2795,50.2565,50.5607,52.7429,54.3422,52.2255,55.6337,61.5788,65.5974,63.4355,64.9905,66.1539,62.008,66.2166,61.7219,60.6257,61.7522,64.5444,65.8813,68.9148,68.4213,73.2122,69.8398,67.8575,69.2706,72.1841,74.7457,76.2301,70.3775,70.4263,74.1935,74.2425,73.2871,76.0021,71.6472,69.1868,68.0678,74.5333,74.2614,68.4504,62.9958,65.369,67.5503,71.5812,65.2042,66.421,54.7986,45.8245,51.0386,58.5175,55.5739,55.8771,62.3873,66.3549,68.3828,65.6966,62.3069,64.8684,63.414,64.3407,67.7117,68.8639,63.6464,66.65,69.1528,69.6609,76.3194,77.8524,76.6732,82.0042,81.1348,83.3216,85.6734,89.05,91.129,87.6303,89.1747,85.9794,81.1479,96.6143,93.1059,93.8959,93.8309,96.6755,99.3198,103.0782,98.1394,100.5817,100.4079,100.7221,103.9509,108.1447,108.9422,110.3948,118.0449,118.1279,123.766,124.0025,124.7537,124.4755,127.8028,122.684,131.5559,134.1994,144.5203,145.5749,132.7551,138.5006,141.0813,145.7241,147.7038,147.6895,143.4583,152.3868,151.2262,157.6144,164.8823,166.6167,156.5802,165.3549,162.6502,156.0852,155.3412,149.3122,159.7235,150.0171,152.828,167.8152,169.7514,173.6915,168.0727,171.7293,178.1113,176.1829,189.2628,196.5046,188.3113,190.8219,189.9437,191.9845,193.4962,200.7685,199.8112,209.962,208.0848,209.612,218.6838,223.1225,224.7801,217.0449,219.8792,232.6355,234.6253,226.5015,242.0325,219.976,213.1004,211.3865,203.6272,199.0557,218.9582,211.9374,210.5268,196.7742
CBRE.N,世邦魏理仕(CBRE),34.99,36.08,34.99,34.75,38.46,43.86,46.04,48.76,49.2,48.85,55.5,58.85,63.12,68.68,80.7,87.89,77.37,74.7,70.59,69,73.8,90.09,98.79,99.6,112.83,99.93,102.54,101.55,111.66,109.5,104.76,88.56,83.52,73.14,71.25,64.65,58.11,60.18,64.92,69.36,67.38,57.6,42.15,39.21,40.11,21.03,13.68,12.96,10.8,8.67,12.09,22.5,21.9,28.08,32.7,35.52,35.22,31.05,34.29,40.71,36.9,39.6,47.55,51.96,47.49,40.83,51,49.26,54.84,55.05,57.57,61.44,66.57,75.12,80.1,80.13,79.29,75.33,65.4,45.48,40.38,53.34,50.43,45.66,57.9,54.99,59.88,56.43,49.35,49.08,46.74,51.93,55.23,54.06,56.79,59.7,64.74,72.51,75.75,72.66,69.54,70.08,69.51,65.61,69.39,69.69,72.72,78.9,79.62,83.85,82.29,79.92,89.52,96.12,92.52,95.34,89.22,96,101.22,102.75,97.02,102.78,116.13,115.02,114.72,111,113.91,96.06,96,111.84,112.41,103.74,83.91,76.23,86.46,88.89,89.55,79.44,85.35,89.67,83.94,77.28,87.12,94.47,91.08,106.86,104.37,107.43,104.64,109.2,113.97,108.24,113.64,117.96,130.08,129.93,137.07,140.25,141.66,135.93,138.57,143.22,149.4,146.43,132.3,120.87
CBS.N,哥伦比亚广播(CBS)-B,75.416,70.626,70.4844,70.0594,69.3916,64.9311,67.912,69.069,67.0776,62.9323,68.0089,66.38,26.6029,25.0618,24.57,26.0966,26.5475,27.9094,28.3015,29.6621,29.2673,30.0672,31.1161,32.6118,32.6014,31.7646,32.2348,33.4782,35.2795,35.3432,33.646,33.4233,33.684,30.6899,29.61,29.4157,27.2028,24.8934,24.0861,25.1661,23.8341,21.5258,18.0689,18.163,16.3669,10.9001,7.4763,9.6402,6.7329,5.0261,4.5882,8.4118,8.818,8.3157,9.8419,12.4376,14.5491,14.211,15.4667,17.0248,15.6677,15.7404,16.9491,19.7091,17.703,15.7799,18.0377,16.8661,19.4216,20.7319,20.6217,23.3932,24.351,29.2998,30.8138,31.0354,34.3949,35.1919,33.8084,30.9427,25.2843,32.021,32.3063,33.7999,35.4687,37.2372,42.3735,41.7112,39.8868,41.0901,41.9425,45.5526,45.6943,40.7513,45.2541,48.0193,52.6508,54.7584,59.0812,57.9297,62.637,61.994,67.0302,64.8229,70.1292,75.1893,74.4519,81.2031,74.8077,85.4582,78.8717,73.7157,76.0767,79.4633,72.673,75.8187,68.5878,69.5109,70.357,71.1458,70.4644,75.9797,78.1401,80.0733,79.5449,71.7039,69.0813,58.4484,51.7301,60.3129,65.447,61.2882,61.7694,62.9137,71.85,72.9195,71.9935,71.2019,68.2983,66.7419,71.8441,74.3115,79.6926,83.7453,84.8905,86.7729,91.5436,87.8481,80.655,84.4286,87.1423,84.7992,77.001,74.5051,74.4254,78.5758,76.7247,70.5451,68.6781,65.7514,67.315,75.401,70.6398,71.1092,77.3054,77.1708
CCI.N,冠城国际(CROWN CASTLE),16.4,16.34,16.06,16.13,17.78,20.32,21.76,24.76,24.63,24.52,27.4,26.91,31.63,31.35,28.35,33.65,31.77,34.54,35.23,34.36,35.24,33.65,34.46,32.3,35.16,32.71,32.13,34.34,36.82,36.27,36.25,36.76,40.63,41.07,41.95,41.6,36.12,36.09,34.49,38.85,42.49,38.73,38.2,37.4,28.97,21.17,14.07,17.58,19.52,17.54,20.41,24.52,24.26,24.02,28.74,26.86,31.36,30.22,36.69,39.04,36.94,37.8,38.23,37.85,37.03,37.26,39.51,41.12,44.15,43.12,41.54,43.83,42.17,42.15,42.55,42.86,41.41,40.79,43.4,43.43,40.67,41.36,42.32,44.8,48.48,51.81,53.34,56.61,54.6,58.66,61.88,63.46,64.1,66.75,67.52,72.16,70.52,69.8,69.64,77,71.25,72.39,70.25,69.42,73.03,76.02,74.23,73.43,70.96,75.9,74.1265,73.0715,77.0903,74.9669,74.8861,80.2669,81.6573,79.2136,84.2532,80.6783,88.6846,88.4796,85.434,86.4587,84.4093,83.9455,85.6286,87.1758,83.3224,90.2845,90.7599,92.2823,92.0154,92.3356,93.3037,93.7135,97.9527,110.4517,105.6603,103.1993,103.5874,100.0469,91.7674,96.4485,97.6267,103.9625,106.1096,106.2781,114.1984,113.6036,114.0572,122.9704,114.4125,122.5374,129.312,128.2439,130.2771,127.1464,127.824,117.6317,121.4567,127.0565,130.6035,134.3744,132.4318,129.3509
CCL.N,嘉年华邮轮(CARNIVAL),313.7086,296.9592,282.9249,266.9247,289.9926,299.0377,287.2516,271.5785,275.1012,273.3949,301.3329,295.6922,286.2358,287.0028,263.2202,260.164,223.0765,233.3052,217.7665,235.785,264.6531,274.7261,277.2335,277.5731,291.7771,264.2937,266.684,278.2369,289.1709,279.5969,254.0278,263.4357,279.8463,277.246,263.1173,259.4434,258.9186,231.6823,238.3355,236.5103,238.2929,196.0593,219.7339,222.8689,212.5854,152.7488,129.0338,149.4334,111.7678,120.1857,132.7204,165.1632,156.3152,158.3429,171.9836,179.7256,204.4878,178.9268,196.8072,194.7181,204.795,221.6169,239.6125,256.9918,223.8792,186.8647,214.3011,193.257,236.6747,267.5723,256.665,286.4881,277.7897,266.5371,239.6148,237.8033,243.9364,236.5196,209.3038,209.3012,192.002,223.1152,212.0293,208.4529,192.87,195.0309,206.5563,209.2284,208.2461,222.3931,215.9686,226.6917,238.1309,247.5437,254.3707,245.1799,258.1824,240.1564,230.287,231.6969,223.8857,231.9348,250.468,245.8093,222.3113,236.0015,247.6844,275.5326,268.8106,273.7557,261.3311,271.3398,278.0841,261.5505,251.6164,264.9003,280.9146,280.7747,310.6545,318.8852,309.2476,311.2561,338.4972,311.1146,329.5165,351.2804,379.0187,352.1432,355.5051,386.8354,363.6138,392.038,346.3434,347.4353,382.2803,355.3316,348.2395,322.4169,340.7991,351.2496,358.7449,360.8024,380.3742,385.1835,409.7476,416.5737,438.6122,459.9063,480.1325,491.3733,500.4408,523.742,486.7303,500.4495,498.1418,503.6817,543.4481,511.0852,500.9261,481.6773,479.4255,441.1669,456.0239,477.2006,494.8949,434.9053
CDNS.O,铿腾电子,13.33,13.78,14.95,14,13.97,13.66,16.09,16.01,16.16,15.98,17.12,16.92,17.66,17.75,18.49,18.93,18.04,17.12,16.18,16.44,16.96,17.86,18.38,17.91,18.92,19.94,21.06,22.2,22.71,21.96,21.4,21.72,22.19,19.6,16.6,17.01,10.15,10.62,10.68,11.13,11.62,10.1,7.39,7.99,6.76,4.07,3.86,3.66,3.78,4.2,4.2,5.58,5.65,5.9,5.9,6.27,7.34,6.11,6,5.99,5.81,5.7,6.67,7.453,6.7,5.79,6.96,6.79,7.63,8.47,7.86,8.26,8.68,9.95,9.75,10.38,10.69,10.56,10.33,9.24,9.37,11.07,10.94,10.4,10.56,11.77,11.84,11.67,10.2,10.99,12.22,13.2,12.865,12.65,12.75,13.51,13.96,14.16,13.93,13.8,15.13,14.48,14.58,13.47,13.51,12.965,13.25,14.02,14.12,15.33,15.54,15.56,16.69,17.49,16.83,17.63,17.21,17.95,18.87,18.97,17.99,18.355,18.44,18.65,19.79,19.66,20.97,20.02,20.68,22.22,22.3,20.81,19.56,21.55,23.58,23.19,24.72,24.3,24.05,25.44,25.53,25.58,26.28,25.22,26.03,30.9,31.4,32.57,35.14,33.49,36.9,39.29,39.47,43.16,43.91,41.82,44.86,38.77,36.77,40.06,42.45,43.31,44.09,47.04,45.32,44.57
CELG.O,新基医药(CELGENE),164.04,164.25,204.3,227.46,254.04,244.2,287.1,301.14,325.92,336.6,365.52,388.8,426.9,456,530.64,505.92,497.4,569.16,574.68,488.28,519.6,641.28,668.76,690.36,644.16,639.6,629.52,733.92,734.388,687.96,726.72,770.52,855.72,792,738.6,554.52,673.32,676.9188,735.48,745.68,730.32,766.44,905.88,831.6,759.36,771.12,625.2,663.36,635.4,536.76,532.8,512.64,506.88,574.08,683.52,626.04,670.8,612.6,665.4,668.16,681.36,714.24,743.52,743.88,633.12,609.84,661.8,617.64,691.32,744.36,712.56,709.68,618.36,637.2,690.9,706.56,730.92,723.84,711.6,713.64,742.92,777.96,756.96,811.2,872.28,879.9,930.24,875.1,819,769.92,821.52,864.48,916.8,880.2,943.08,941.64,1187.52,1239.24,1390.92,1416.84,1483.8,1403.76,1762.32,1679.76,1849.644,1781.88,1941.24,2027.616,1823.16,1929,1675.2,1764.12,1836.36,2061.12,2091.6,2280.48,2274.72,2570.16,2728.56,2684.64,2859.84,2916.72,2766.72,2593.44,2746.56,2777.64,3150,2833.92,2596.08,2945.04,2626.8,2874.24,2407.68,2419.92,2402.16,2481.84,2532.48,2367.12,2692.56,2561.76,2508.72,2452.32,2844.24,2778,2787.6,2964.24,2986.32,2977.2,2745.84,3116.88,3249.84,3334.32,3499.68,2423.28,2419.92,2504.64,2427.84,2090.88,2141.04,2090.4,1888.32,1906.08,2162.16,2266.8,2147.76,1718.4
CERN.O,塞纳(CERNER),398,416.8,420.08,464.4,522.8,543.76,603.36,630.08,695.44,675.6,771.2,727.28,720,666.08,759.2,634.4,607.68,593.76,647.68,736.96,726.4,772.96,768.32,728,718.88,833.76,871.2,851.84,908.96,887.52,845.92,912.64,956.96,952.96,956,902.4,838.4,695.2,596.48,740.32,725.92,722.88,714.56,736.8,714.24,595.68,575.68,615.2,539.52,585.6,703.52,860.8,932.64,996.64,1041.28,987.36,1196.8,1216.64,1204.64,1319.04,1210.56,1327.2,1358.88,1356.32,1339.36,1214.24,1239.2,1165.6,1343.84,1405.28,1405.76,1515.84,1581.6,1607.2,1779.2,1922.88,1921.6,1955.52,2127.68,2110.72,2192.64,2029.76,1951.36,1960,1948.48,2362.56,2437.12,2595.52,2494.72,2645.12,2365.44,2340.48,2476.4256,2438.08,2471.04,2480.32,2641.6,2798.72,3031.68,3096.64,3141.12,3074.88,3136,2947.84,3363.2,3585.92,3678.08,3567.36,3640.96,3927.68,3600,3283.2,3459.2,3301.12,3532.8,3690.24,3812.48,4053.76,4121.6,4138.24,4246.4,4611.84,4688.64,4595.84,4306.56,4419.84,4590.08,3952.64,3837.44,4242.56,3814.4,3850.88,3712.64,3267.84,3389.44,3592.96,3559.04,3750.4,3992.96,4130.56,3952,3749.12,3185.92,3031.68,3437.44,3522.56,3766.4,4144,4182.4,4254.08,4119.68,4337.92,4564.48,4321.28,4524.16,4312.96,4424.32,4106.24,3712,3728,3819.52,3826.56,3973.12,4167.04,4122.24,3665.92
CHD.N,丘奇&德怀特,281.3794,289.5566,290.3753,294.8779,296.5208,296.8488,307.9191,313.4208,303.4005,287.8773,273.3211,271.7579,302.776,284.5683,304.2647,302.2044,298.394,300.6227,301.283,318.3827,323.4272,335.5009,347.161,353.2908,375.3249,397.8142,417.7257,420.8783,415.4813,402.604,407.5888,373.9003,391.4594,393.7063,467.755,450.6685,443.5838,446.2453,452.7561,474.2921,475.9114,471.0629,458.6907,523.2439,519.8114,494.6957,498.3983,470.5604,446.3281,410.8746,438.6749,456.9846,422.9082,456.8956,496.1831,481.7932,478.5043,479.6849,499.1202,511.0403,509.6877,569.2396,567.2907,586.7794,558.7965,532.4742,562.7024,521.3578,552.9475,560.6959,557.0399,589.2244,587.4317,647.075,680.5266,707.4595,724.3854,698.373,694.9276,753.257,764.6752,764.3292,768.5334,794.7591,787.9856,833.3397,858.6506,886.7544,933.5716,972.675,1010.2002,964.221,951.01,894.115,958.2682,948.0042,1022.6836,1101.621,1149.0924,1135.9355,1085.9561,1102.0285,1137.5663,1064.7063,1077.2639,1168.7551,1175.5891,1194.1463,1163.5179,1230.6951,1250.4283,1249.342,1259.0613,1272.1557,1167.2188,1246.9017,1281.9845,1323.0972,1407.626,1446.161,1484.8794,1568.6301,1573.7888,1495.4863,1553.3585,1500.8214,1597.0161,1602.0978,1557.9046,1598.5698,1599.0812,1582.4882,1566.0817,1698.935,1725.516,1735.2499,1850.2359,1933.0907,1845.7268,1874.4584,1806.9613,1819.782,1657.9606,1673.1052,1712.1027,1894.4006,1895.5409,1882.6176,1970.9688,1979.3624,2035.4469,1921.4847,1855.6096,1729.9874,1811.0785,1929.5351,1878.768,1900.3616,1945.5623,1784.8486,1822.1935,2063.2121,2169.5552,2204.5458,2313.2535,2313.2535
CHRW.O,罗宾逊全球物流,110.1195,117.1757,110.4844,110.6345,122.577,125.1173,134.5119,132.749,138.1964,151.9664,174.5502,160.1178,174.9491,193.8018,212.8865,192.3307,190.9864,231.8381,199.1285,199.3025,194.4705,182.0816,191.984,179.1237,233.0492,223.2366,211.2425,235.0265,238.1919,231.6862,214.6142,216.3346,240.358,221.0107,228.2272,240.6035,246.9165,225.7103,242.8831,279.8513,287.9772,245.7089,215.9585,233.4772,229.294,232.9836,229.8339,248.8833,207.953,187.1486,207.551,241.9077,231.2594,238.3806,249.2597,257.1676,265.1276,253.0075,255.9457,270.8234,261.1396,245.9222,258.7585,279.4685,269.2293,259.0126,303.4068,302.4296,326.6277,329.2437,344.3325,375.9921,361.457,339.4198,349.0064,377.4899,377.6783,372.5279,341.6729,334.4812,324.8501,329.4047,325.0399,332.7116,328.2297,317.0621,313.8038,286.252,280.6846,281.9854,254.6203,272.7352,283.8805,292.2641,299.194,308.1079,322.3875,279.64,291.6064,291.2631,278.0707,277.8794,294.2137,280.6429,295.8681,296.6129,291.201,291.4972,292.4464,259.0753,263.4904,296.2318,301.0601,322.717,341.2837,345.331,337.2428,351.9387,374.9742,382.8479,364.0864,379.8318,376.2253,330.8542,317.1864,322.5662,362.6866,348.6238,352.4627,360.7829,350.6427,324.8168,339.2194,365.7201,391.1418,373.9638,395.0938,393.5038,368.9662,370.196,375.742,363.2634,399.1525,392.9816,408.0014,431.1211,416.9338,392.1735,363.9137,372.983,356.2563,385.9999,415.894,429.1742,473.5508,489.5103,502.5324,512.9721,517.4448,508.1682,482.8775,464.3394,511.9056,533.2743,546.0882,496.5097
CI.N,信诺保险(CIGNA),561.8645,635.7295,625.4059,644.1751,681.0832,749.7631,747.8017,807.836,825.8075,811.8642,788.3918,782.8195,852.201,860.2605,915.5975,750.0301,650.0728,690.7006,639.7973,792.7877,815.7592,820.3878,883.9962,922.8888,928.7108,999.5566,1000.8575,1091.5703,1176.0391,1099.278,1087.0685,1087.9105,1122.0186,1105.1747,1128.7562,1131.4874,1035.8806,938.7997,855.1448,900.2523,855.7771,745.9594,780.317,882.7573,716.2391,343.5756,255.2577,355.1686,365.9185,332.1933,371.8733,416.6925,468.6998,509.2909,600.4094,622.1848,593.8556,588.5703,678.2089,745.6492,713.9375,724.2966,774.2341,678.566,708.4094,657.4005,651.0509,681.9525,757.3017,744.1791,779.1021,775.9273,889.3744,890.4327,938.0716,992.0933,1056.9194,1089.5443,1054.3772,990.1867,888.4987,939.3427,937.0124,889.7698,949.7234,934.4702,1044.3196,980.2821,931.0878,932.9962,854.1156,970.5281,1000.2143,1081.4274,1108.357,1133.5903,1237.0681,1239.6126,1323.4202,1404.0519,1440.7605,1538.1551,1651.4638,1669.712,1630.8815,1633.4277,1855.5892,1856.2258,1831.3997,1688.809,1777.5545,1699.2173,1905.9936,1952.4864,1911.5133,2008.3202,1925.3125,2113.8314,2184.3136,2184.7382,2267.9583,2582.1564,2748.8607,2646.9252,2990.7451,3440.3232,3059.3392,2989.8957,2867.3607,2846.5489,2866.5112,3107.5462,2837.2048,2964.8365,2915.3393,2942.9548,2721.3941,2718.8449,2739.4503,2724.5805,2768.3403,2524.2624,2862.2327,2833.5552,3106.0982,3163.0285,3112.6538,3322.5863,3425.8527,3556.7419,3687.8435,3868.4534,3972.1448,4190.5767,4498.8885,4315.3038,4427.0695,4162.3165,3565.008,3651.721,3599.6507,3611.9775,3813.2451,4002.8235,4425.9742,4544.1419
CINF.O,辛辛那提金融(CINCINNATI),1552.968,1574.4392,1545.7315,1493.1319,1469.3133,1483.4986,1545.7486,1534.8736,1582.6065,1607.5414,1681.5903,1699.5967,1732.3105,1687.4242,1612.2901,1634.1348,1756.7715,1814.7181,1820.5085,1802.7512,1870.5681,1774.5518,1721.2958,1774.2082,1751.8887,1692.3699,1674.1603,1786.2975,1793.4047,1727.1835,1560.0368,1677.0395,1737.372,1595.7667,1603.7897,1600.59,1560.1098,1504.6518,1556.1315,1468.5889,1432.59,1052.8501,1153.99,1228.6014,1194.7197,1091.799,1228.3264,1236.3913,932.7163,873.5974,990.4142,1037.185,979.1546,984.4729,1063.7593,1132.9147,1162.6213,1134.4393,1141.5966,1192.0264,1198.8405,1221.5544,1331.2101,1309.5681,1252.0098,1208.0962,1286.55,1245.4551,1364.5434,1394.3721,1427.2783,1519.5372,1536.3197,1632.6993,1591.8138,1537.928,1476.7604,1436.4594,1345.3884,1374.4327,1315.1821,1445.5515,1481.0159,1542.1802,1654.5781,1780.646,1767.2448,1825.6238,1847.644,1971.2084,1959.2993,2001.7577,1981.0907,2084.1472,2119.72,2069.8633,2243.2329,2379.0743,2517.7259,2607.8351,2524.1242,2470.2087,2636.4314,2457.2982,2560.0058,2716.8848,2844.9937,2866.3259,2651.7757,2565.8461,2688.2766,2691.5914,2708.1652,2678.1266,2565.516,2680.914,2647.1819,2839.6019,2866.6082,2941.5528,2866.6377,2994.3339,3050.2625,2899.1234,2895.6884,2898.8224,3189.3979,3023.0247,3134.9342,3509.6113,3560.8891,3501.2283,3410.1029,3736.1425,3895.9341,3934.6789,4118.8655,4495.1721,4483.7676,4628.4246,4556.2499,4275.9397,4635.9934,4605.4072,4291.0844,4435.7823,4423.2499,4412.2331,4289.212,4464.5347,4693.1534,4735.0566,4749.5304,4352.5473,4666.5621,4713.147,4834.4806,4689.2575,4701.6879,4453.4976,4392.0831,4265.9327,4825.4934,4891.8495,4934.3791,5051.9408
CL.N,高露洁(COLGATE),885.391,891.7947,879.1559,843.7543,846.8046,845.7879,902.181,894.6827,899.6247,907.5803,934.3142,939.9694,945.7414,938.6772,983.8191,1024.3812,1045.5204,1037.8964,1033.1733,1042.5784,1081.5924,1120.1131,1139.0239,1142.3508,1201.7299,1186.0704,1175.1616,1198.3153,1184.5172,1147.1915,1173.772,1179.463,1268.3851,1363.121,1431.2145,1393.3252,1373.8303,1366.4673,1399.1519,1276.2613,1342.3308,1247.3784,1348.5706,1380.5282,1368.1809,1146.8715,1189.0842,1252.4947,1196.0786,1106.7037,1084.6359,1092.9392,1221.6837,1310.4156,1349.9556,1354.8008,1421.5159,1473.5247,1577.719,1539.4894,1508.1381,1562.9761,1606.6957,1594.8152,1480.8456,1493.5511,1507.3448,1409.2472,1466.8843,1482.0235,1471.0697,1544.4791,1485.2632,1519.1203,1562.4574,1655.4357,1717.8457,1715.4906,1666.8872,1777.3151,1751.8317,1796.5902,1819.055,1836.7485,1815.2505,1864.4735,1956.5167,1992.3088,1979.4215,2096.2134,2174.6238,2153.3556,2171.788,2137.9936,2210.102,2129.4384,2199.5947,2344.2267,2417.9768,2460.3578,2383.5038,2360.8391,2481.506,2394.4647,2457.8805,2697.4079,2742.4133,2717.4103,2565.0279,2632.0546,2717.5136,2834.4998,2880.8289,2871.5631,2684.1134,2740.4205,2761.1653,2847.3576,2962.7335,2945.7039,2889.6906,3030.9225,2967.5821,2895.491,2874.4032,2815.0129,2943.8375,2718.3539,2746.4853,2887.9261,2858.7639,2899.678,2957.2812,2874.5141,3093.9126,3122.7314,3100.2752,3223.1238,3294.5153,3290.5316,3281.6789,3175.9019,2903.0841,2912.4302,2890.7692,3266.7751,3276.1752,3242.1361,3436.5562,3336.1958,3267.4315,3242.0885,3296.8474,3205.7671,3296.7754,3433.2879,3395.7542,3154.7032,3278.6592,3001.122,2902.6642,2981.7985,3102.8766,3075.0938,3100.0983,2775.7889
CLX.N,高乐氏(CLOROX),1019.1419,1029.7759,1080.3728,1090.4226,1006.1861,959.8475,967.0107,996.7915,961.6432,941.9711,944.756,990.1836,1046.9251,1066.1668,1046.9251,1127.8651,1110.4674,1071.4543,1058.511,1056.2153,1112.5491,1145.1869,1135.2534,1137.9142,1166.0071,1129.8256,1135.1726,1201.144,1202.2183,1111.9714,1089.2676,1077.3768,1098.8162,1134.6176,1176.5061,1181.7649,1119.6299,1062.1334,1033.8415,974.4189,1050.35,959.7107,1010.4851,1095.7738,1162.336,1136.7123,1105.8691,1038.5749,946.2273,916.982,971.3217,1066.3135,997.6357,1062.1281,1170.5437,1133.7064,1128.5262,1146.0821,1166.2058,1180.3311,1154.5148,1196.2701,1251.4886,1272.1532,1235.188,1222.2108,1286.5067,1285.3169,1323.7852,1330.3512,1235.5974,1264.9831,1268.1224,1366.3218,1412.9009,1415.8349,1432.5013,1370.7135,1466.8982,1428.1716,1359.1194,1383.5525,1342.6288,1375.6985,1431.5126,1409.6208,1433.389,1474.1278,1446.7902,1523.756,1542.5857,1543.4343,1528.5834,1547.0909,1633.7537,1566.7773,1691.9149,1812.7506,1910.2822,1874.4844,1805.5903,1806.8943,1883.0354,1812.0436,1790.5708,1992.1141,2057.9362,2048.8802,1965.4143,1943.3711,1959.6252,2035.4293,2011.1927,2051.1383,1965.2435,2004.381,2172.6947,2267.841,2316.1608,2375.1931,2448.8916,2493.1832,2533.344,2451.4961,2487.5407,2403.4366,2604.5919,2586.6757,2688.1231,2855.1066,2910.3637,2969.6012,3039.9261,2977.9734,2969.4931,2968.0206,3046.4694,3279.9199,3124.9253,3124.2101,2984.498,2880.6716,2773.6245,2880.6716,2899.2941,3305.4368,3257.5985,3249.4752,3299.0596,3238.5375,3265.4097,3388.6973,3226.76,3115.5102,3429.6958,3662.3804,3509.1925,3196.8845,3296.6943,2927.1342,3017.7954,3377.9428,3400.1919,3646.9618,3783.553,3758.3414
CMA.N,联信银行(COMERICA),878.5848,866.7407,844.3231,877.7404,856.5863,894.7559,945.8406,936.3976,919.9676,902.4742,900.7561,895.1803,874.8353,904.0122,923.9288,906.397,872.6083,837.5195,943.1961,922.2541,926.4391,947.1098,948.0864,964.6799,974.8725,992.7917,982.3939,1028.7552,1044.0428,998.5678,884.2203,936.6086,871.2762,793.1196,777.8281,750.516,751.0332,624.8265,615.1548,609.0172,651.9799,458.2334,513.4789,502.2153,598.7552,503.8017,411.7698,368.1792,309.0108,278.4065,340.7315,390.4177,403.444,394.4802,444.6529,497.4368,554.3929,518.5171,531.9705,553.5095,645.9795,675.3678,713.0333,787.2607,714.1579,691.269,719.9858,645.8476,698.2264,672.4775,685.8218,795.8344,719.7177,732.9062,693.6164,716.4725,682.0939,654.9431,606.8218,484.8133,437.1019,486.1973,479.9177,492.8649,528.5881,567.1768,620.2187,613.7022,583.0363,591.6264,581.9939,591.6264,601.0195,577.0175,572.759,590.286,668.4979,668.887,702.7217,708.5858,771.9187,782.0524,835.2626,801.8835,775.0419,853.7093,894.1274,940.801,906.3669,953.4663,1029.0612,958.3381,952.9743,1000.4415,1002.436,1004.0316,998.3965,955.9456,933.3185,941.9949,834.6026,920.6773,911.6087,957.6639,988.7713,1040.8284,961.9347,892.3704,837.7011,884.5798,944.7068,856.8007,702.5643,691.9132,780.187,914.7161,970.3408,851.592,936.6891,979.1341,984.6392,1083.8938,1326.5162,1421.9898,1409.8807,1488.1726,1436.3806,1480.7832,1435.9617,1539.4807,1519.9324,1434.5925,1609.9823,1658.7505,1758.8202,1839.2173,2017.3975,2059.7709,2038.5926,2009.904,2003.7413,1939.0019,2067.3872,2078.9035,1935.8798,1750.4474
CMCSA.O,康卡斯特(COMCAST),806.3425,813.1059,846.1712,804.0881,806.593,768.2673,769.7703,770.0208,735.9535,696.6258,661.3061,649.2823,696.8763,672.0774,655.2942,775.2812,804.8396,820.1197,861.2009,877.7335,924.3255,1018.7621,1013.5017,1060.3442,1110.9441,966.4086,975.0507,1001.7284,1029.909,1056.5867,987.0744,980.3111,908.5443,790.9371,771.7742,686.105,682.3476,734.2,729.086,774.701,848.2128,715.1376,779.9995,801.1828,742.5504,598.1883,658.159,640.6992,557.9956,497.435,519.5263,591.6012,526.9307,553.3347,571.4182,589.1068,649.0942,560.0555,566.2355,651.2094,614.8725,638.5662,731.3992,771.7779,706.1944,678.0871,764.1371,670.9257,709.5839,813.8037,790.5048,866.8525,901.5061,1020.7823,979.5705,1043.2699,1004.6597,1008.6401,960.3621,860.0079,836.4186,942.6417,911.2873,957.6141,1073.5294,1187.6272,1212.0623,1232.265,1173.9918,1305.0861,1328.763,1368.7688,1459.19,1538.8494,1525.3165,1538.8431,1568.4996,1638.9338,1729.139,1709.0689,1662.1005,1727.6907,1874.2461,1749.9338,1883.9123,1987.681,2082.4716,2178.1558,2282.3167,2166.629,2107.0338,2179.4578,2197.9849,2269.7378,2271.8519,2313.7118,2283.4382,2350.0987,2421.8542,2463.0393,2265.3644,2531.1382,2417.9019,2473.1364,2503.1087,2585.5921,2683.186,2421.7892,2445.4353,2703.7255,2627.7345,2436.4616,2416.0785,2503.6835,2648.9692,2646.8559,2757.5046,2839.8376,2941.9869,2854.9303,2902.1771,2715.6979,3053.5128,3045.2537,3326.1844,3300.6052,3315.5999,3471.2712,3692.7098,3461.3813,3597.4531,3611.6828,3422.2495,3217.7037,3352.5561,3576.7148,3813.19,3246.5462,3063.6422,2830.4343,2811.4986,2958.4756,3245.0723,3354.8134,3211.5151,3477.7155
CME.O,芝加哥交易所集团(CME),218.4605,210.435,198.0806,199.6017,220.7032,302.2368,307.9133,283.9287,345.5234,374.0523,362.7842,376.9315,434.1241,436.5345,459.6819,470.4677,453.3131,505.2425,474.4332,452.6249,492.6707,516.1067,551.75,525.7317,580.9606,556.0535,549.9913,533.764,548.4832,552.8355,571.6027,573.9822,608.5851,690.3376,682.411,711.6797,640.5117,532.5149,487.742,475.629,447.4001,399.5595,375.5144,349.7071,393.7107,299.0107,224.6157,221.8575,185.3983,194.4492,264.3326,237.4691,345.0625,334.9263,300.1655,313.3098,333.1885,327.1559,354.8541,364.5062,311.1908,327.3243,344.246,358.5773,344.8341,307.7916,304.7853,271.2895,285.9976,318.0618,316.3158,354.6093,340.0723,343.0701,333.8846,327.4848,316.4015,324.5321,321.861,297.2976,275.7519,308.3855,278.975,274.3042,269.6212,325.8847,332.0206,305.0417,295.5745,310.2494,301.5012,317.6437,334.1909,326.2576,322.4076,305.5482,348.7844,359.8196,373.0358,369.6949,412.6417,464.376,452.8323,434.7831,454.5072,456.5373,504.1535,485.4445,462.552,456.7361,460.8076,438.2092,448.2322,444.7024,463.4432,479.8022,504.2442,528.5562,533.7906,574.448,552.7402,621.6221,616.9024,592.1508,613.5805,609.3302,628.8423,618.366,610.5376,621.9267,642.8617,618.3997,613.2805,624.1332,659.8299,631.3895,672.47,673.3103,706.7685,749.0059,726.5775,695.8515,784.9011,828.2259,869.3679,872.0964,857.5781,838.7374,846.6779,909.1854,890.1654,913.2507,990.0634,1000.936,1091.2004,1096.1166,1151.8793,1247.0437,1218.9328,1188.3352,1227.675,1240.3653,1204.0442,1322.1634,1293.1785,1392.1745
CMI.N,康明斯(CUMMINS),321.9992,305.5714,292.834,283.0521,284.1606,312.0121,357.3021,362.8721,369.2508,358.256,374.7806,377.8547,409.7321,457.283,443.8534,441.3195,466.6764,517.6589,495.4282,487.6706,506.401,539.3173,510.8732,503.4606,573.2414,574.9041,618.1286,787.2683,806.5936,866.3412,1016.0528,1015.9233,1097.1663,1029.135,1004.999,1095.0105,831.3379,868.3198,806.9617,1079.7982,1215.8949,1131.2899,1145.4483,1128.0371,756.8721,452.7037,446.5483,466.6238,418.6172,365.9932,447.8138,598.2581,573.701,622.8804,760.8659,804.8664,795.809,764.7297,800.2945,817.4055,804.9287,1015.1535,1107.5864,1291.3796,1218.4433,1167.3612,1426.8942,1337.9839,1628.7405,1584.147,1751.3337,1983.775,1909.3,1827.7234,1981.3592,2172.2291,1906.8921,1875.183,1900.3691,1691.0182,1486.1015,1809.4914,1760.2582,1608.4078,1900.4137,2210.3714,2200.6551,2123.4745,1784.2847,1783.5486,1764.9604,1795.9314,1705.3118,1730.6483,1824.5911,2014.0021,2134.4519,2162.881,2161.761,1985.9231,2242.5026,2033.1173,2271.7453,2321.1388,2503.3256,2393.1092,2505.5274,2668.5116,2403.6859,2774.3303,2832.6992,2868.0628,2919.9777,2945.945,2661.451,2785.7136,2533.6536,2806.2546,2810.6467,2782.6599,2691.7511,2760.9775,2691.2882,2683.9116,2645.715,2560.6149,2528.2144,2394.5959,2135.5665,2035.849,1993.949,1748.4054,1785.7535,1957.5761,2205.7591,2348.0079,2316.4088,2275.3298,2484.3672,2562.5997,2614.4188,2607.6864,2914.3128,2809.2759,3021.8164,3072.6213,3128.6978,3123.3178,3284.5854,3378.7282,3497.0316,3342.78,3524.2021,3709.8189,3533.8642,3728.9234,3968.7364,3573.3283,3444.1386,3396.7549,3047.9124,2846.9158,3056.9026,3059.271,3151.3943,2949.0251
CMS.N,CMS能源(CMS ENERGY),26.2674,30.2836,32.5286,32.2293,33.0026,37.5676,39.5133,40.1619,41.035,37.1934,34.8735,36.1956,36.0958,35.1229,32.3041,33.2271,32.0297,32.2792,34.9483,36.5199,36.021,37.1435,40.4363,41.6586,41.6337,43.6587,44.5343,46.3357,45.7814,43.1474,40.5385,41.0651,42.3232,42.7007,43.9901,43.8639,39.5482,36.527,34.3694,37.0092,39.8122,38.0501,34.4749,34.8865,32.0585,26.3512,26.3465,26.2169,30.4697,28.9872,31.0315,31.5033,30.0287,31.9883,34.2656,35.856,35.8293,35.5619,38.4412,42.2746,40.9518,41.6283,42.1462,44.3272,40.396,40.3134,43.8082,48.6069,50.0512,51.0511,50.4817,52.2515,54.7798,54.6909,55.77,56.2243,57.2245,56.5071,54.9287,57.17,57.4312,60.4203,61.346,64.7476,64.0145,63.4782,65.2275,68.1627,69.8027,70.4019,73.877,69.7929,71.2451,74.3109,74.647,74.4942,78.5275,82.1175,86.2218,92.3938,83.8811,84.5659,87.9055,83.3202,82.6607,87.0347,84.1188,84.8478,88.0807,91.0102,93.7313,97.9073,96.0984,100.6207,94.2915,99.539,96.6708,106.4813,108.7782,114.2007,123.994,116.3411,115.6126,112.3671,114.0469,106.3636,114.4477,110.4477,119.0059,121.5329,118.9469,122.5472,132.0576,135.4312,145.2907,139.2654,144.2594,158.1955,155.8499,145.7804,145.9194,146.4057,140.7525,145.6519,149.0815,157.0281,157.8041,160.132,168.4593,164.3376,164.3021,173.7148,165.7699,173.1064,179.8277,170.4579,161.2683,154.2653,164.5859,171.4906,168.9255,173.1367,177.0184,181.6693,180.7838,182.7023
CNC.N,CENTENE CORP,100.65,100.08,89.97,83.55,96.45,100.74,87.9,91.44,75.09,60.45,72.03,78.87,78.87,82.05,87.51,77.07,78.15,70.59,48.75,46.35,49.32,70.77,78.18,73.71,74.76,72.27,62.97,62.43,68.97,64.26,64.83,60.63,64.53,69.99,75,82.32,71.82,53.76,41.82,55.11,63.33,50.37,66.93,67.74,61.53,56.52,55.5,59.13,53.19,50.94,54.06,55.11,54.54,59.94,57.93,51.93,56.82,53.49,56.46,63.51,57.75,53.61,72.12,68.7,68.46,64.5,63.93,60.66,70.77,66.96,69.75,76.02,83.16,91.41,98.94,108.69,104.4,106.59,98.43,95.67,86.01,105.45,116.13,118.77,135.6,146.4,146.91,118.77,108.42,90.48,114.12,121.83,112.23,113.94,131.73,123,129.48,135.06,132.12,138.6,148.5,157.38,166.41,171.45,191.88,168.48,179.19,176.85,181.8,191.04,186.75,199.2,223.56,226.83,216.27,234.39,248.13,278.01,296.31,311.55,327.48,368.76,424.14,371.94,452.04,482.4,420.78,370.32,325.38,356.88,346.5,394.86,372.36,341.76,369.42,371.76,374.1,428.22,423.3,409.74,401.76,374.88,345.78,339.06,379.62,423,427.56,446.4,435.78,479.28,476.52,533.1,580.62,562.02,612.54,605.28,643.44,608.52,641.22,651.48,702.96,739.26,781.98,878.88,868.68,781.92
CNP.N,中点能源,224.2407,240.7998,243.7787,239.9285,248.4395,269.1993,279.9999,289.5777,304.4874,271.1105,271.963,264.3513,262.9112,269.9888,248.3397,250.2132,252.6751,263.4228,289.5543,307.846,305.0765,329.7894,351.5794,356.5252,371.1474,387.0214,389.4091,408.7276,414.444,380.9469,360.8049,358.8975,354.6934,370.846,398.747,382.6631,357.1969,331.7949,322.5281,343.9999,387.3984,367.0451,360.6418,367.3081,337.0075,266.4603,303.6809,296.4001,314.2498,245.8358,248.4562,253.4586,245.438,268.7206,292.2458,305.3685,306.1073,310.2938,331.7097,362.7059,348.7076,339.2425,364.0899,364.0899,350.1427,338.317,365.8246,385.3185,409.5475,431.4317,412.046,414.4186,425.7545,423.2728,468.6425,496.3981,521.2677,521.807,528.0094,545.2341,534.6074,567.85,547.7,552.9293,508.3427,542.2377,548.6366,562.2691,568.5135,580.8786,591.8385,578.6488,604.4737,614.974,565.6574,551.8958,586.013,620.5129,693.7699,714.6178,677.0187,686.0729,724.9182,675.5504,706.1902,724.7509,696.0818,688.6545,695.1905,709.7727,710.9732,743.0855,731.215,774.2633,737.2782,760.4472,749.1201,751.5692,739.84,724.079,713.5716,649.5844,637.7113,655.2085,644.4203,602.0284,611.8355,596.6858,578.0995,594.4426,550.9622,596.7944,580.8669,614.1139,689.6008,707.0716,751.464,800.4943,797.8259,758.0619,783.7017,769.195,814.102,840.7156,894.2839,941.6191,950.2357,983.3233,995.8136,953.0016,981.1949,1040.6452,1026.2406,1039.2399,1063.8669,1005.3737,998.9926,968.9965,981.5344,907.3819,946.1329,1003.3426,1031.2233,1016.2829,1011.1631,987.7583
COF.N,第一资本金融(CAPITAL ONE),246.0383,241.0913,235.086,222.8868,237.1546,251.6544,259.4862,258.7502,250.1923,240.2186,261.4204,271.9326,262.1758,275.7994,253.5088,272.7769,260.6737,269.114,243.6041,230.2975,247.814,249.9248,245.441,242.1004,253.3828,242.8396,237.8901,234.1071,251.5982,247.3723,223.1523,203.992,209.5761,206.926,168.26,149.1647,172.3947,146.3901,156.5354,168.557,154.1032,121.7261,134.0557,142.545,164.6985,126.3335,112.2239,104.0052,51.6602,40.3648,41.0012,56.0752,82.0517,73.4571,103.0682,125.3875,120.142,123.0674,129.1533,129.0859,124.103,127.2796,139.6199,146.3631,139.4106,136.0351,142.8875,127.9889,133.6667,125.961,125.983,144.0192,162.9691,168.5806,175.9986,185.3811,184.2265,175.1745,162.0542,156.3127,134.5206,154.9889,151.7749,143.7205,155.4792,172.1437,189.6302,188.7457,174.9338,186.1375,192.3693,192.6758,194.3118,205.0823,196.4836,197.6093,192.1173,174.2238,187.6072,197.2692,209.072,215.5229,236.8316,222.4604,236.9005,236.6593,247.9235,265.1602,244.3931,255.269,268.2358,256.9029,275.3307,288.2789,277.5993,287.4893,285.9478,289.9767,292.5588,290.2732,257.4307,277.8775,278.2659,285.4326,296.4348,312.0796,288.4173,277.1778,258.5329,281.2775,281.284,258.6051,235.102,237.0194,249.9287,261.0351,265.6104,230.3238,243.2707,261.2329,262.072,270.1352,308.3133,320.053,320.6033,345.9201,319.3846,296.2397,284.8831,305.9938,319.1787,296.2284,315.0194,343.0013,343.8928,372.2266,388.5989,367.6609,359.7393,340.2168,354.4363,346.518,355.6429,375.1958,359.4443,338.1268
COG.N,卡伯特油气(CABOT),53.3407,63.4863,62.5338,50.0724,53.3899,59.095,69.0067,73.6229,86.1008,78.0549,72.0193,76.9503,87.9895,77.2884,81.8479,84.119,74.9748,83.7421,90.1509,87.3269,81.9737,90.4909,106.3375,103.8044,111.01,115.9245,115.2909,124.7443,133.6892,126.422,117.2352,114.3918,120.6364,136.1791,118.188,138.6185,132.8156,170.9552,174.7007,195.7652,207.1359,232.8517,151.3037,152.8941,124.3383,96.5737,103.2272,89.5531,94.6852,70.241,81.2754,104.1029,121.2491,105.7522,121.2491,121.7625,123.4897,132.8852,132.3959,150.6824,132.2922,138.8653,127.3104,124.9926,120.1207,108.4515,105.5082,96.4938,104.3617,100.4451,121.3195,131.3109,144.5343,158.526,183.9054,195.3973,204.0878,230.35,257.3417,263.6456,215.1634,270.1099,307.9991,263.88,221.9397,242.6726,216.8608,244.4816,226.5177,274.2716,293.83,288.3978,312.7037,327.1897,328.162,346.5558,367.8758,431.9299,471.2406,474.3074,490.5553,495.1568,528.6228,545.9166,520.6647,492.762,480.8982,541.0628,558.3697,488.8179,473.1757,548.5933,506.4084,477.0635,460.4348,468.9639,457.079,434.8473,462.2729,414.2827,371.0303,406.0331,413.4537,473.5186,475.756,441.8534,366.4834,331.854,306.4777,304.3747,264.2405,248.2429,291.4838,282.7744,319.0167,328.7094,336.9916,361.8759,346.8329,346.5527,363.015,293.7889,311.5391,329.0033,302.7983,308.7189,337.0534,327.6086,313.4509,354.2744,351.308,361.6555,378.6413,392.0883,410.495,405.5322,374.4276,343.3082,340.7505,339.7558,325.5328,339.067,334.793,340.3531,321.643,346.0662
COL.N,罗克韦尔柯林斯(退市),45.2683,48.7244,50.3538,48.5445,52.3909,50.577,51.7651,51.1809,51.383,48.7245,48.7255,49.5465,50.0262,56.8034,60.2233,61.1318,58.5161,59.8772,57.1979,56.3648,58.9556,62.4388,65.0361,68.227,73.5308,70.7503,72.317,70.9556,76.5413,76.5088,74.4076,74.7633,79.2902,81.2116,78.4573,78.2941,68.6774,64.2411,62.3324,68.8329,67.1925,52.5103,54.4044,57.8504,52.9003,40.844,37.7714,43.3241,41.7613,34.8047,36.411,42.7807,47.625,46.8504,47.378,51.9644,57.3369,56.8628,60.6157,62.77,60.3096,64.1018,71.2888,74.0338,66.6941,60.7381,65.3451,61.9181,66.878,69.4727,64.6232,67.1592,73.9374,74.5502,75.0014,73,70.9889,71.6392,63.9748,58.9131,61.5984,65.1826,64.3714,64.9225,67.8772,69.8053,67.7684,65.8023,59.6404,58.4327,59.8772,58.2074,63.8888,63.8173,68.4761,69.6617,70.512,72.3498,75.9727,75.732,78.2939,76.6736,86.0568,85.9182,82.3853,84.777,88.671,90.1218,92.1212,101.0357,97.5226,95.05,97.1165,96.0107,90.0269,94.9788,96.8542,103.8252,105.9006,104.6005,106.012,110.6733,119.954,120.9231,118.6612,115.1209,105.4849,102.4218,102.4093,108.5158,116.412,115.9347,101.5905,110.4516,116.304,111.2336,111.9069,107.78,107.1217,106.3612,107.1873,107.1619,118.3075,118.3585,115.8066,122.4158,124.4264,133.3012,140.0953,134.9951,136.8579,168.7991,168.3611,174.6597,170.8444,175.1184,178.8242,178.2712,174.5562,171.566,178.4379,174.7656,180.3584,176.8423,182.7218,166.527
COO.N,库珀医疗,55.6735,59.7746,52.9152,49.0318,47.9431,44.1974,49.8909,49.7965,55.6353,49.9926,39.7965,37.2791,40.2803,38.1293,39.263,39.837,34.4087,32.2056,32.1401,36.3431,38.9026,41.9058,39.2444,32.3779,34.7062,33.4038,35.3756,37.18,40.1195,38.8171,36.4948,35.4974,38.1619,30.5761,31.326,27.6836,28.689,24.908,25.0828,25.4981,29.4685,27.0854,24.5701,26.8521,25.3429,12.0153,9.7697,11.9569,13.8525,16.0578,19.3074,20.9942,19.3585,18.0587,20.0609,19.9732,21.7351,20.4777,24.484,27.8689,25.8419,29.31,28.4466,28.4539,26.9687,29.1124,28.4537,29.5374,33.8428,36.1273,39.1733,41.2528,42.0069,45.289,50.8787,54.8713,54.8786,58.0507,56.0569,55.1628,58.0063,50.7876,44.8954,51.6817,52.8915,58.273,59.908,64.6443,62.4521,58.4783,55.2004,61.5009,69.2829,70.3978,69.635,67.8307,74.3592,77.8148,79.1502,80.999,82.914,87.3454,93.4572,95.8496,95.1744,94.8222,96.6789,90.8813,91.2254,94.1101,100.8265,96.826,94.7047,99.4832,118.1142,119.6927,114.3479,120.3314,124.0023,119.0026,115.7646,120.4055,137.6251,130.7593,133.4763,130.6859,129.9961,119.2879,109.3289,111.8994,107.412,98.562,96.3458,105.0217,113.1099,112.4561,119.604,126.0393,134.0693,136.6042,131.7107,129.3449,120.8585,128.5293,135.6638,146.3414,146.8926,147.2159,160.7522,175.9419,179.2332,184.3485,174.2649,176.58,177.2562,160.1318,179.8437,169.4428,168.1859,168.1124,166.3483,173.0666,191.5027,188.0328,203.7427,189.8927
COP.N,康菲石油(CONOCOPHILLIPS),296.474,356.0954,346.3011,336.6995,348.3389,371.4022,406.3905,428.1417,453.9185,426.6116,394.8343,379.6308,422.1745,400.2264,414.6046,439.2248,417.8925,432.6828,455.6085,421.0263,395.1395,402.1799,449.3146,480.3593,443.3727,438.7621,459.115,465.8321,523.0914,530.32,548.8789,556.0081,595.9315,579.6547,546.0872,602.4425,546.5647,567.5728,522.9685,591.1788,642.1221,651.0194,566.1785,572.3522,508.1178,364.1935,367.7647,362.723,332.8228,264.4794,277.2962,290.3255,327.9349,300.8932,316.0049,325.548,326.4878,366.344,377.9519,372.8415,350.4287,354.0191,377.3991,436.5498,386.4306,365.7902,415.6668,394.6652,432.3025,451.0801,457.0236,517.2562,542.7772,596.7193,611.9687,604.5356,566.2188,581.4531,561.6423,531.0597,494.0018,548.724,561.8808,574.0922,537.3792,608.5526,604.2597,569.4399,419.9561,449.9069,443.4688,462.6119,465.7888,476.7436,469.2443,477.8974,477.9798,483.0068,500.9269,503.8441,516.5635,509.4896,552.0163,564.272,591.592,630.3373,625.7815,607.3003,558.3037,577.7396,611.1876,645.5914,700.6593,751.4076,729.238,717.9238,676.3793,644.0602,589.786,616.4768,562.2025,588.347,561.8173,612.8916,581.1456,560.4295,465.5753,454.5695,443.5636,500.0863,506.6479,437.6575,366.3238,319.5824,380.4193,451.4586,416.0475,414.2423,390.1503,392.3486,415.4785,417.6895,466.4279,482.0012,468.7351,459.7414,481.9698,463.0273,434.3251,427.2305,443.6264,426.9061,489.3873,502.8181,500.1639,539.5833,578.1179,536.7551,585.9733,647.3478,668.7757,690.9061,719.1533,731.7088,771.2687,699.4642
COST.O,好市多(COSTCO),285.6638,282.1629,267.5672,246.0673,275.5886,271.6412,279.1716,264.2339,262.3465,294.4929,304.8243,301.895,304.4581,313.1223,331.2894,332.941,324.5097,350.2596,324.2868,287.5925,305.3557,328.0976,322.2585,325.7707,346.0427,345.1807,332.5197,331.7389,349.6975,362.3924,371.2138,383.3186,380.9597,417.5224,419.3133,433.9955,422.6728,386.09,405.1076,444.2653,445.6657,438.2921,391.6759,420.0857,406.7427,357.1292,323.4146,329.8867,282.9485,267.0174,292.1173,306.4961,307.1702,289.8238,313.3744,323.9359,358.2484,362.3386,381.8418,377.1254,366.0353,389.7919,381.7365,377.7088,373.6817,351.742,363.8024,363.774,415.2174,405.4484,436.7113,466.424,464.034,484.4165,474.8953,523.9263,535.7885,527.7335,508.3105,511.8142,535.2088,542.5074,557.4562,544.5164,537.6544,564.0238,595.089,577.918,568.0601,624.6754,632.4346,645.3999,660.5012,649.0928,687.2715,699.1397,724.7033,719.1823,753.4054,769.878,790.3698,797.1394,846.5235,808.6092,832.462,852.9176,908.9235,862.4737,814.2122,848.6744,811.4722,840.5364,845.5882,839.3203,859.2634,885.1421,916.1382,974.9868,1041.6509,1038.9391,1048.0275,1115.4821,1149.9045,1088.7743,1085.2732,1027.9612,1105.8994,1068.8715,1103.3685,1206.7831,1235.153,1235.7652,1156.3395,1151.1115,1209.0392,1139.895,1144.8199,1208.4595,1286.797,1250.6733,1176.7548,1140.9529,1161.8014,1239.1981,1268.9184,1375.0078,1301.3606,1377.6464,1461.0513,1295.0504,1283.5518,1273.2772,1334.6096,1308.5332,1502.6626,1516.4321,1587.7236,1559.5398,1539.3613,1610.6803,1624.2257,1712.2209,1791.9411,1914.829,1929.2028,1877.868
CPB.N,康宝浓汤(CAMPBELL SOUP),951.8774,899.2839,942.1378,971.2579,1013.3871,1004.896,1013.1372,965.5181,977.0124,961.501,998.1768,989.5286,994.8469,1034.7338,1076.9475,1074.2847,1176.2315,1240.4078,1231.9168,1261.8079,1225.8714,1262.4403,1285.7437,1320.1388,1306.2212,1387.0114,1322.1756,1334.1498,1354.6227,1324.2546,1263.265,1294.8209,1269.096,1276.1016,1267.1295,1240.4869,1095.7113,1121.0558,1178.6882,1215.9617,1169.839,1169.1402,1279.4333,1294.5558,1357.5076,1343.0105,1134.2157,1071.2992,1084.1505,955.6375,976.6993,926.5044,998.5498,1059.7884,1127.3649,1139.3543,1185.1319,1162.4324,1280.3232,1247.4275,1221.9623,1230.0816,1314.7799,1333.7484,1331.8887,1332.6326,1345.5635,1396.5375,1339.9413,1369.1172,1280.3606,1323.4772,1300.2449,1281.9638,1261.0167,1290.4355,1334.9995,1327.316,1280.4251,1234.7095,1254.0805,1299.6538,1274.2471,1310.6462,1249.9244,1313.8006,1334.6984,1345.3954,1260.6868,1327.4992,1328.2841,1409.7223,1396.8847,1426.6379,1486.5025,1434.0995,1508.9078,1691.8182,1864.4527,1907.6113,1759.6389,1841.0237,1936.1217,1786.3618,1684.1776,1774.6737,1614.5904,1804.2725,1730.5223,1818.7071,1884.6357,1923.6272,1940.9648,1937.159,1770.6689,1908.1842,1819.2037,1894.4811,1942.0897,1887.1897,1975.5348,2012.2467,2010.5191,1944.1695,2102.0164,2072.0125,2158.352,2100.5741,2218.3183,2236.7287,2300.5849,2314.2369,2499.2918,2735.8849,2826.2688,2747.3817,2696.628,2961.9722,2785.1777,2715.8501,2446.591,2446.3746,2561.175,2722.3458,2817.8284,2687.4195,2591.8769,2621.7279,2626.7399,2376.1403,2423.7703,2119.5947,2148.0395,2190.0307,2279.2593,2224.2427,2168.0515,2005.0402,2017.1496,1914.8076,1579.5519,1903.5385,1936.4268,1867.7759,1734.2619,1787.78
CPRT.O,科帕特,22.98,23.3,23.56,21.68,24.79,23.82,24.46,24.69,23.87,23.36,25.18,23.06,25.19,25.84,27.45,26.85,27.44,24.56,26.64,28.07,28.19,28.93,30.21,30,29.44,29.45,28.01,28.98,31.19,30.59,28.14,29.34,34.39,38.38,37.36,42.55,40.88,41.66,38.76,40.87,45,42.82,43.86,44.01,38,34.9,26.67,27.19,24.09,27.02,29.66,31.39,30.69,34.67,35.31,35.34,33.21,32.17,32.42,36.62,33.76,35.68,35.6,35.69,35.9,35.81,36.44,33.05,32.97,33.86,35.48,37.35,39.25,42.01,43.33,45.38,47,46.6,43.45,43.04,39.12,43.55,44.93,47.89,47.04,49.78,26.07,26.41,27.11,23.69,23.76,26.71,27.725,28.79,30.15,29.5,35.91,34.14,34.27,35.25,34.39,30.8,32.51,31.77,31.79,32.23,34.43,36.65,34.28,36.43,36.39,36.27,35.57,35.96,33.38,34.43,31.315,33.44,36.34,36.49,36.6,37.42,37.57,35.57,34.6,35.48,36.03,35.02,32.9,36.21,39.47,38.01,33.51,37.75,40.77,42.84,49.51,49.01,50.44,51.02,53.56,52.47,54.72,55.41,56.74,59.14,61.93,61.8,62.38,63.58,62.98,65.38,68.74,72.58,86.32,86.38,88.14,93.62,101.86,102.16,109.66,113.12,114.78,128.62,103.06,97.82
CRM.N,赛富时(SALESFORCE),13.7,16.06,14.99,14.43,20.24,20.48,23.55,19.32,23.12,24.99,31.85,32.05,41.05,34.85,36.33,35.05,29.51,26.66,25.7,34.48,35.88,39.02,39,36.45,43.83,43.24,42.82,42,47.25,42.86,38.86,40.43,51.32,56.37,56.73,62.69,51.91,59.72,57.87,66.73,72.31,68.23,63.79,56.02,48.4,30.96,28.62,32.01,26.61,28,32.73,42.81,37.95,38.17,43.34,51.87,56.93,56.75,62.68,73.77,63.55,67.95,74.45,85.6,86.53,85.82,98.95,109.88,111.8,116.07,139.22,132,129.14,132.27,133.58,138.6,152.26,148.98,145.14,128.75,114.28,133.17,118.42,101.46,116.8,143.16,154.51,155.73,138.62,138.26,124.36,145.18,152.69,145.98,157.67,168.1,172.13,169.22,178.83,164.44,169.32,152.72,175,196.52,207.64,213.44,208.36,220.76,242.12,249.48,228.36,206.6,210.52,232.32,217,236.36,230.12,255.96,239.48,237.24,225.8,277.52,267.24,291.28,291,278.52,293.2,277.44,277.72,310.84,318.76,313.6,272.24,271,295.32,303.2,334.84,317.64,327.2,317.68,285.32,300.64,288,273.84,316.4,325.4,329.96,344.48,358.56,346.4,363.2,381.96,373.68,409.36,417.28,408.92,455.64,465,465.2,483.96,517.32,545.6,548.6,610.72,636.12,548.96
CSCO.O,思科(CISCO SYSTEMS),5195.52,5016.96,5152.32,4973.76,5587.2,5495.04,5515.2,5074.56,5160.96,5025.6,5051.52,4930.56,5348.16,5829.12,6240.96,6033.6,5667.84,5624.64,5149.44,6333.12,6618.24,6949.44,7750.08,7871.04,7666.56,7470.72,7352.64,7701.12,7752.96,8020.8,8326.08,9192.96,9541.4112,9521.28,8069.76,7796.1312,7056,7024.32,6937.92,7384.32,7695.36,6698.88,6333.12,6926.4,6497.28,5117.76,4763.52,4694.4,4311.36,4196.16,4829.76,5564.16,5328,5371.2,6338.88,6220.8,6779.52,6569.28,6739.2,6894.72,6471.36,7007.04,7496.64,7755.84,6670.08,6137.28,6644.16,5755.68,6307.2,6583.68,5518.08,5826.24,6091.2,5345.28,4956.5002,5063.4334,4855.3471,4511.4267,4632.997,4545.9651,4496.6471,5396.9869,5429.0251,5265.9214,5740.7896,5809.4628,6180.5905,5912.1452,4790.143,5036.5435,4700.5776,5623.0107,5627.4313,5090.1803,5655.7451,5876.8904,6152.2304,6237.4703,6249.4338,6307.4968,7270.8072,7337.1384,7769.8067,7077.5379,7114.2767,6899.8791,6499.2212,6860.1191,6752.2551,6718.3551,6907.8867,7182.9594,7652.2917,7723.7794,7901.7507,7826.5854,7943.0384,7722.1355,8722.5102,8777.7359,8377.3758,9376.6872,8812.8947,9230.7267,9384.4121,8792.0831,9169.5784,8350.0594,8469.4382,9383.3824,8862.9868,8832.0883,7797.9363,8581.3355,9331.9565,9093.1355,9609.1519,9490.0712,10190.7049,10494.4567,10587.9188,10325.4089,10035.9743,10170.595,10427.6456,11602.1135,11473.1257,11665.52,10795.8275,10717.0759,10869.0424,11131.6966,11622.4451,11904.141,13002.1803,13350.7643,14588.1817,15726.0177,15062.28,15678.9749,15119.6437,15232.926,15087.6454,17042.7245,17356.6788,16432.4093
CSX.O,CSX运输,530.1289,549.2992,553.8202,533.6088,554.2065,568.6014,606.988,586.8292,620.8928,611.9428,651.5017,680.0316,717.0001,743.5503,802.8947,919.5696,900.2456,947.5986,816.3016,815.7537,886.2076,962.8701,970.6627,931.9553,995.836,1021.4087,1087.3849,1172.095,1237.0435,1227.243,1290.6741,1120.274,1167.5441,1223.2846,1151.7943,1206.0932,1328.9512,1334.3933,1542.0328,1731.246,1904.3693,1732.022,1863.5575,1789.8,1510.04,1265.1462,1036.7225,903.9307,806.216,692.7671,725.609,830.5907,898.1219,979.2809,1134.5293,1208.0052,1189.8141,1198.9097,1355.769,1384.609,1223.847,1362.1535,1460.8853,1608.6959,1506.7956,1431.2396,1520.3496,1445.8983,1603.2691,1780.927,1769.8125,1880.4076,2054.7404,2180.8284,2295.9163,2298.5452,2327.2911,2308.5084,2163.2362,1942.5484,1653.0254,1966.4539,1933.787,1875.8892,2008.6088,1881.8614,1927.542,1996.5107,1883.452,2015.9879,2068.281,2037.5704,1882.4392,1857.0376,1805.257,1802.5163,2012.6423,2109.0676,2264.4436,2260.766,2331.5915,2144.7682,2294.5968,2289.9442,2395.09,2424.8658,2551.4232,2691.7655,2517.741,2606.9086,2725.4473,2654.8886,2781.01,2914.385,2830.198,2939.0974,3048.4459,3387.9016,3484.393,3459.5659,3179.7831,3291.0306,3176.8852,3461.769,3285.9751,3148.0953,3016.0006,2658.1087,2611.5093,2620.2467,2777.2654,2534.9995,2248.7742,2375.6455,2534.0875,2683.6724,2619.2597,2584.5741,2807.5531,2820.6083,3042.028,3043.0254,3590.0033,3602.0335,4650.6633,4886.5678,4684.3026,5116.0031,5471.4428,5510.8347,4983.5884,5091.0227,5502.7668,5114.3481,5675.65,5600.3141,5779.4915,5490.9007,5694.3052,6070.4503,6630.8077,6541.5764,7249.2728,7628.6295,7617.3141,7083.4335
CTAS.O,信达思(CINTAS),858.0154,869.7466,820.6769,766.6405,802.0026,766.8392,880.6731,819.4849,815.5116,805.3798,888.421,817.1009,846.3044,823.199,853.8511,841.0293,848.6423,796.5538,707.2019,741.8608,817.9902,829.4096,845.4368,795.552,824.4011,816.6663,730.1053,757.8129,775.8127,797.453,739.4086,741.2288,750.3298,740.0153,646.9825,679.9485,663.7689,590.2025,585.2807,607.2236,605.378,543.6507,583.23,631.6274,588.767,486.025,492.5873,476.3865,466.543,424.8724,517.6365,537.3201,487.6923,478.2694,527.2689,574.5933,634.6911,579.8283,588.2043,545.9055,525.8031,529.3352,600.0128,582.0765,555.172,511.8259,564.9943,544.2821,588.2688,586.5606,581.2149,607.6189,609.7921,611.096,657.9822,674.77,713.8871,717.7988,707.3675,694.9805,611.5307,649.5612,672.8534,770.4614,820.9254,853.4614,865.8561,866.9627,816.7201,854.5681,877.1441,894.6294,916.9841,925.3947,931.4671,919.3292,949.8986,986.7617,991.9315,1008.5649,1026.2097,1023.6248,1067.9054,1073.5248,1150.8474,1208.6145,1265.5024,1358.762,1301.3013,1383.16,1359.218,1343.7128,1416.4506,1448.8293,1427.3955,1508.1141,1609.5823,1670.0072,1708.6251,1832.188,1838.2611,1949.9115,1906.6995,1867.4584,2010.8754,1975.8387,1997.0943,1985.1818,2002.9338,2174.3802,2117.9272,2105.4403,1986.8141,1942.1848,2076.7665,2076.0728,2192.1553,2269.1582,2480.5115,2717.3013,2603.7625,2466.6371,2684.219,2706.7046,2719.587,2764.0897,2963.8837,2868.5541,2948.4249,2952.1725,3158.5247,3162.2723,3379.3989,3490.8901,3728.0066,3689.8835,3988.7113,4041.0417,4039.1474,4032.5173,4315.4802,4382.2547,4841.8622,5052.3677,4683.9239,4306.4822
CTL.N,世纪电信(CENTURYLINK),585.501,604.1796,590.8474,552.1652,589.9478,624.1947,619.5083,648.1764,631.5657,590.9418,598.7164,599.8017,602.334,650.8101,708.8162,683.0872,647.7551,674.3006,700.0747,723.8959,721.1691,731.5312,774.6913,794.9007,816.3845,814.7459,823.9765,839.6574,902.2979,895.5425,837.4829,877.2021,845.0246,805.3512,780.616,759.1916,674.2266,662.6904,609.8336,595.34,649.6453,654.1769,695.8356,722.7785,698.0908,478.2827,519.1998,534.2519,530.5377,514.7037,564.8261,545.3424,619.6616,629.9262,644.0842,661.32,704.9136,680.9969,761.3404,774.6034,727.5411,733.103,775.0128,745.5073,750.3156,743.4535,795.0109,807.0633,898.4509,942.1667,978.8242,1068.8483,1001.0179,969.3628,978.0725,959.9469,1016.6775,968.1539,888.6518,865.6632,809.3371,861.6312,916.8577,927.2414,923.004,1003.2652,981.213,978.9281,995.6836,1021.4196,1074.4434,1093.0664,1062.8989,1009.7539,1021.8562,1048.8052,1084.4625,929.501,956.3398,1022.7636,943.7511,976.9136,990.7314,915.2866,881.6676,951.3469,877.4623,910.3314,824.8718,893.4682,954.8106,1014.9951,1095.2411,1067.6614,1157.3214,1225.0143,1222.0257,1239.6583,1234.6533,1198.616,1125.6331,1146.5286,1061.5033,1104.8237,1037.7075,917.2036,892.853,844.152,800.2165,898.6508,874.4616,816.9868,825.4294,993.3079,1056.12,1022.7445,914.3478,978.0689,1059.9961,955.3306,942.6158,913.406,825.9212,835.0512,908.0919,851.9068,846.5195,921.9413,896.0824,876.6263,854.2334,743.5877,712.6677,716.0614,571.6769,653.569,697.8455,692.3599,664.3923,751.3335,736.7759,776.7819,782.1994,912.1811,905.3483,881.4334
CTSH.O,高知特科技,454.8,566.76,554.4,504.12,576,565.56,588.96,546.36,559.08,527.76,583.08,603.24,628.44,691.32,713.88,763.32,708,808.44,785.88,838.92,888.12,903.36,978.72,925.92,1023.48,1082.4,1059.24,1072.8,942.72,900,971.76,882.12,957.48,995.04,746.4,814.56,669.6,725.04,691.92,774,846.72,780.24,673.68,703.68,547.92,460.8,460.8,433.44,449.52,441.6,498.96,594.96,604.56,640.8,710.16,836.88,927.84,927.6,1054.32,1087.92,1047.84,1155.12,1223.52,1226.64,1200.96,1201.44,1309.44,1382.52,1547.28,1564.56,1559.52,1758.96,1750.8,1844.88,1953.6,1989.6,1824.96,1760.16,1676.88,1522.8,1504.8,1746,1616.4,1543.44,1722,1702.8,1846.8,1759.92,1398,1440,1362.48,1542.72,1677.36,1599.6,1613.52,1773.1752,1876.32,1842.48,1838.904,1555.2,1551.6,1503.36,1737.36,1759.2,1970.88,2086.32,2253.36,2423.52,2325.84,2497.44,2428.8,2299.44,2333.28,2347.68,2354.4,2195.04,2148.96,2344.8,2591.52,2527.68,2598.24,2999.28,2994.72,2809.92,3106.56,2932.32,3028.8,3021.12,3005.28,3269.28,3099.84,2880.96,3038.88,2735.04,3009.6,2801.76,2949.12,2747.52,2759.52,2757.12,2290.08,2464.8,2643.84,2689.44,2524.32,2844.96,2856.96,2891.04,3219.1665,3194.6294,3335.1161,3412.1496,3497.4895,3648.4014,3491.9023,3431.0308,3767.2737,3972.192,3898.5791,3962.5061,3658.7903,3835.5388,3957.4175,3818.5418,3756.2221,3360.8815
CTXS.O,思杰系统(CITRIX SYSTEMS),257.4,270,285.84,270,301.92,259.92,285.96,285.6,301.68,330.24,325.68,344.76,370.08,388.32,454.8,479.04,450.96,481.2,381.24,368.52,434.52,354.36,344.88,324.6,379.92,386.4,384.36,391.2,403.32,404.04,434.04,436.2,483.84,515.88,443.76,456.12,415.44,395.16,351.96,393,410.76,352.92,319.68,363.24,303.12,309.24,319.92,282.84,252.48,246.96,271.68,342.36,376.92,382.68,427.2,427.92,470.76,441.12,458.16,499.32,498.6,516.12,569.64,564.36,523.32,506.76,660.24,695.28,818.88,769.56,797.16,820.92,758.16,841.92,881.52,1012.08,1051.44,960,864.48,725.16,654.36,873.96,856.68,728.64,782.4,896.88,946.92,1027.32,876.96,1007.28,872.16,932.28,918.3456,741.36,733.92,787.44,877.92,850.8,865.8,745.92,772.56,724.32,864.24,849.24,847.32,681.36,711.84,759,648.84,720.6,689.28,711.72,743.64,750.6,812.76,843.12,856.08,770.76,795.72,765.6,711.12,764.1,766.44,805.92,780.12,841.92,907.32,817.32,831.36,985.2,920.04,907.8,845.52,847.8,942.96,982.08,1019.04,961.08,1069.56,1046.4,1022.64,1017.6,1040.76,1071.72,1094.28,1189.8279,1256.7416,1219.8185,1243.9315,1199.3224,1190.28,1178.6756,1157.7274,1244.9865,1320.6412,1326.2173,1397.9536,1386.4999,1398.5564,1550.9207,1591.7622,1580.0071,1657.3195,1718.3556,1675.2536,1544.2896
CVS.N,西维斯健康(CVS HEALTH),668.6245,718.8255,759.0728,745.0965,792.3332,839.8587,897.5417,849.5262,839.1132,707.0663,782.6682,765.2885,805.2504,821.7847,866.4564,863.2206,810.3585,891.6848,951.531,975.6682,934.0824,913.6998,837.7037,900.0147,981.2688,916.2397,995.5577,1058.6153,1125.8011,1064.7497,1029.6548,1106.6083,1159.5687,1220.8098,1174.8024,1164.839,1142.0706,1185.2174,1189.0331,1186.6973,1257.8344,1163.1808,1074.8515,1077.7963,991.2192,904.8009,854.0258,848.4169,795.8259,762.0744,813.886,943.2847,884.5149,945.9561,996.0493,1116.2417,1063.2857,1052.3091,924.4223,960.1948,967.458,1008.7027,1092.6865,1106.0476,1037.4439,878.3672,922.0847,810.6173,945.5199,907.8597,934.074,1047.6695,1034.1734,999.7009,1037.802,1099.1187,1174.0724,1140.3887,1106.7906,1093.3934,1022.7537,1110.2059,1186.8272,1246.1074,1280.5756,1383.3284,1374.1267,1373.7256,1383.5775,1438.6866,1397.7943,1407.0615,1495.7171,1438.3287,1441.7385,1498.7757,1594.0038,1591.5132,1711.9974,1818.5061,1799.7521,1787.2495,1929.0865,1821.1656,1780.3816,1960.7003,2108.7133,2253.892,2141.311,2312.6917,2367.0783,2307.9987,2485.7323,2392.1048,2432.2086,2530.6309,2535.0901,2742.433,2919.8075,3078.0063,3148.2907,3331.4279,3310.2596,3195.5621,3295.011,3375.4713,3631.2008,3306.0813,3114.9484,3193.2166,3041.605,3160.5667,3136.444,3155.2776,3368.2921,3276.8695,3144.8166,3121.6666,3036.5195,3058.7891,2914.3645,2767.8353,2530.5452,2597.0259,2609.4163,2668.0214,2599.1521,2747.1602,2560.2174,2681.1804,2680.8395,2593.9713,2727.4598,2313.6088,2586.0562,2447.638,2673.1267,2300.8117,2113.2954,2390.2963,2169.8537,2202.7147,2237.0324,2595.0404,2715.0661,2514.0003
CVX.N,雪佛龙(CHEVRON),22570.7738,25935.6099,24360.5898,21724.4155,22670.0294,23572.1094,24453.1128,26074.6508,27488.7971,24235.8358,24532.4927,24301.3368,25418.5905,24370.8908,25013.8197,26329.8823,26020.8879,27008.8025,28627.7639,28246.8702,28448.6336,29474.995,31956.8193,32491.4951,32204.2726,30495.4086,32916.5268,34621.1009,36530.265,37763.0325,38220.2772,39619.6843,42247.1519,41312.6402,39890.6561,42417.6248,37836.3577,39669.8077,39074.7148,44013.9859,45691.1994,45681.9828,38967.7037,40079.6605,38296.6913,34637.8901,37003.2055,34642.7935,33027.0352,28694.3977,31780.7824,31241.9649,31816.172,31615.7402,33152.3844,33710.6894,33946.8667,36891.8525,37945.9092,37435.3607,35067.3882,35491.3701,37224.213,39978.1076,36600.6575,33622.8594,37760.0665,37047.9646,40533.714,41308.8806,40840.2149,46025.3131,47881.4573,52723.7344,54624.3297,55615.2819,53725.4842,52665.416,53418.218,51022.4881,47796.1572,54228.1706,53496.6172,55359.2693,53652.7053,57209.6299,56208.2517,55867.4685,52006.02,55809.5322,57967.8534,59807.677,62153.9126,58784.2384,56843.577,58161.2681,61931.4779,63497.681,64402.855,66131.8998,68243.336,65791.5795,69989.0311,67506.6308,68106.4156,67243.1738,69209.6434,70605.8197,63099.2527,65769.7552,67811.3378,71580.8521,70621.7347,75084.8397,74331.4031,75084.99,69209.2778,69574.6972,63733.5705,65671.2771,60022.072,63065.0827,62060.1085,65654.369,61496.3499,57597.6007,52827.1557,48964.5204,47688.8673,54943.766,55884.0666,55051.8028,52916.067,51709.4853,59121.3434,63323.049,63253.4384,65652.0589,64180.3205,63654.1132,65135.0302,66293.1831,71309.8479,75234.5742,71175.6146,72599.0295,69288.5138,68856.1462,67457.4903,68011.5961,71179.7774,70861.2014,77366.5784,76306.4916,79081.0852,83201.6224,83307.9589,75122.7957,76545.7793,83976.1702,84160.0143,85602.1771,85493.8456,80974.8788,83586.0897,76319.8145
D.N,道明尼资源(DOMINION),1009.8439,1058.5472,1093.8174,1108.0724,1043.1347,1088.8302,1095.8033,1144.7395,1289.3287,1138.7523,1146.7266,1165.5997,1140.3853,1144.3275,1051.8366,1140.8229,1116.593,1150.5923,1207.3604,1239.57,1186.8158,1256.6376,1263.5367,1312.05,1298.2785,1349.6009,1400.7257,1439.0694,1409.2909,1373.0206,1339.7729,1366.2601,1352.1452,1469.7161,1528.0778,1535.1957,1391.2205,1304.2685,1333.6587,1416.9307,1525.1995,1564.4001,1455.3631,1446.9198,1421.9901,1205.9327,1237.0528,1204.1274,1181.9532,1028.1793,1055.7746,1027.4979,1098.2586,1154.5707,1167.6987,1157.5854,1207.2761,1192.9288,1288.3097,1378.2577,1326.5553,1361.368,1473.1729,1497.899,1412.6016,1404.6248,1522.4625,1565.4198,1599.4905,1592.1635,1538.0179,1582.0883,1612.4561,1689.8569,1673.5018,1737.896,1805.1223,1825.9273,1832.7362,1862.387,1939.9546,1971.2873,1991.7242,2048.0573,1930.7609,1967.6042,1996.4535,2034.6594,2050.1908,2126.5905,2138.7987,2087.138,2105.4323,2099.0691,2054.0921,2081.823,2174.661,2273.5756,2362.0826,2504.1811,2295.9053,2330.4183,2432.5433,2393.1698,2587.7501,2640.35,2688.394,2702.7471,2837.2787,2924.1519,2991.1462,3056.4551,2930.9449,3039.7503,2874.8422,3010.5137,2962.0677,3056.8161,3136.166,3324.2063,3323.774,3143.7668,3090.564,3125.8872,3103.4013,2942.7744,3155.3301,3098.0788,3126.0615,3172.6992,3020.7133,3032.8194,3235.934,3135.0493,3402.2519,3236.9402,3272.2671,3564.0498,3568.1659,3423.6078,3428.686,3471.6195,3414.8512,3568.6103,3554.1663,3617.5337,3649.7637,3643.1766,3836.0749,3639.4506,3665.5722,3776.6225,3688.4038,3890.252,4070.9242,3922.3715,3698.8167,3584.1359,3300.038,3257.46,3182.661,3380.4927,3555.5168,3508.9098,3525.2437,3582.4261
DE.N,迪尔(DEERE),414.8972,424.9365,402.9877,375.4335,397.1047,395.0162,443.5111,394.3527,371.0006,367.8483,420.4067,415.237,437.4895,464.985,484.3275,537.8149,524.4584,514.0404,446.807,480.8547,519.0706,526.6176,593.8598,590.8233,623.2014,672.9804,677.9013,682.6437,751.7192,756.1635,754.1594,852.1087,932.7967,973.5225,1079.7363,1173.6558,1103.5793,1073.9606,1016.9869,1062.8802,1028.3654,915.4096,890.4081,895.6115,631.27,491.753,443.9295,492.2752,446.285,353.1484,425.5796,534.208,562.8216,520.7093,570.1082,568.2835,563.008,597.5073,701.9235,713.1017,658.5216,755.4211,787.539,792.3071,763.9631,741.1955,887.6242,842.2313,932.7717,1026.6103,998.5389,1114.8267,1220.2016,1210.1339,1305.5061,1313.7253,1159.851,1116.6138,1063.2547,1094.5388,879.6572,1034.0093,1079.6474,1059.3,1179.815,1135.7175,1114.1365,1134.2433,1017.321,1120.5053,1064.39,1040.6969,1149.1485,1190.5329,1171.1644,1210.6248,1317.6506,1230.377,1211.5731,1258.3563,1227.4963,1152.0471,1177.8529,1185.935,1161.0279,1167.4472,1201.6831,1310.155,1233.1208,1232.6905,1310.1163,1346.7649,1315.4549,1315.2057,1236.1917,1221.3766,1199.5326,1251.4699,1267.2705,1303.0001,1254.6917,1334.371,1300.3773,1342.3441,1389.2045,1448.4243,1411.4115,1220.527,1113.2249,1173.3992,1197.0177,1156.2717,1167.4902,1215.5482,1175.9894,1284.7444,1256.9446,1247.1376,1195.8917,1301.1536,1323.0232,1368.7516,1553.2152,1606.5158,1669.0364,1707.0789,1706.7094,1749.824,1919.9305,1947.2232,2021.1165,1826.536,1988.4084,2103.8276,2372.6641,2487.3616,2644.8579,2556.6536,2478.2214,2159.2693,2385.5194,2241.6882,2321.7027,2305.828,2421.5059,2181.6587
DGX.N,奎斯特诊疗,192.3203,200.5943,212.1577,213.8764,212.2592,215.3723,207.9181,202.4103,204.6782,189.5049,203.2177,208.857,200.8877,214.8681,208.4875,226.9338,226.9745,243.9956,245.2183,262.1862,249.4603,203.2125,217.2257,216.5312,214.8252,208.8078,204.1412,200.5317,201.065,211.8524,227.9622,225.0033,237.4144,218.9301,226.6696,217.7774,202.9395,196.6286,186.7291,207.4226,208.3734,200.3542,220.195,223.8815,214.0232,194.227,193.2725,215.4343,205.2331,190.5944,197.4563,213.919,217.6281,235.1734,228.0343,225.2788,218.307,233.9511,242.3588,252.5651,233.2449,237.7699,244.2222,239.8993,221.3906,208.8836,197.6131,182.9361,212.6765,207.072,207.8305,227.4253,240.4159,239.5716,243.6665,238.4227,247.0495,250.353,228.7913,212.1011,209.0935,236.8739,249.0147,246.4677,247.2818,247.1541,261.0764,246.3042,242.9313,256.4755,250.1814,258.9161,272.3305,247.8152,248.0728,250.1765,250.1034,242.4212,244.9802,244.4118,268.3193,264.3609,254.2451,255.5968,270.7205,262.4836,266.9964,234.5747,231.3313,233.5345,255.2135,247.7939,265.3384,260.0219,272.1945,281.5944,270.3235,284.2552,292.5419,300.3806,319.8751,315.6893,345.8899,323.0699,340.3046,328.0458,335.6569,308.3259,279.5397,310.9268,312.6198,325.5236,302.1788,306.1361,328.7754,347.81,357.064,376.6824,401.5589,385.0985,395.4077,380.5034,408.63,429.3745,431.5632,457.4795,461.0008,497.6488,513.0249,524.2976,512.9387,513.1281,443.464,446.2716,468.5424,468.6852,505.8448,492.6035,479.4579,486.2458,511.8553,528.2397,519.9191,530.8272,520.8362,456.3772
DHI.N,霍顿房屋(HORTON D R),213.7293,235.113,209.4668,218.4931,248.3811,270.2231,295.1546,265.8404,260.8001,221.615,255.9152,258.0093,270.2004,246.9596,240.516,217.3477,191.4994,173.0469,155.6841,160.4187,175.1951,172.4975,196.1303,195.026,215.0842,187.6991,162.8304,164.1627,174.1235,148.493,121.5958,113.6052,96.3125,95.4103,91.0735,100.2036,131.3223,107.8223,121.0407,119.0426,98.1572,83.7927,85.8779,96.8841,101.2384,57.384,53.4184,55.2582,46.5826,66.3486,76.1635,102.4674,72.6134,73.796,91.3777,106.0471,90.231,86.6724,81.2949,86.2711,93.5728,98.3838,100.2942,116.9303,97.2943,78.458,87.9559,82.1824,89.071,83.5441,80.709,95.9022,99.6,95.4741,93.942,100.3124,98.5287,93.1897,96.1018,85.4344,73.4151,90.3883,97.0451,102.7488,113.423,117.1511,123.9318,133.5719,135.9162,150.4904,144.3496,155.809,169.2238,171.9724,159.9741,163.8844,196.0316,184.7635,201.3343,216.0822,201.8314,176.3125,166.5357,147.8937,160.9846,157.0076,164.713,184.9292,194.5403,203.8198,179.6701,184.8984,196.8431,204.3245,172.0715,180.7752,171.1028,190.0308,213.0659,211.3941,204.9579,228.8405,238.6443,212.8359,219.4081,229.8241,249.3961,255.6559,247.1537,247.8271,272.6531,270.2903,232.1475,226.1721,255.8826,254.4437,259.3739,267.1822,279.0646,272.7807,256.955,245.2985,236.6782,233.3483,255.3768,274.1381,285.3607,281.7626,280.9195,297.0752,306.6998,311.5041,344.0763,380.957,440.5534,441.1581,423.7087,362.9547,379.7597,382.3584,366.6906,356.1789,379.6346,387.7785,367.4792,313.2895
DHR.N,丹纳赫(DANAHER),898.1357,886.5162,874.3192,828.8107,902.4755,857.0386,907.9632,877.0155,881.7692,853.4307,909.1249,914.042,928.1345,992.6975,1041.6923,1050.8717,1050.8717,1054.6485,1069.0778,1086.9504,1126.3082,1177.1536,1199.296,1188.4694,1215.0476,1176.1647,1172.5545,1168.2876,1206.1967,1239.5209,1226.0586,1274.9827,1358.3771,1406.9903,1425.8772,1441.4748,1231.513,1218.2056,1249.5717,1282.2779,1284.9075,1270.9242,1309.5617,1341.1292,1141.5173,974.4018,915.1876,931.6556,920.4646,835.3796,892.808,962.2962,993.747,1017.1482,1008.9108,1000.1792,1109.5642,1124.5627,1168.8991,1240.0962,1176.6072,1219.8127,1318.4472,1390.5485,1309.7026,1225.5151,1268.1044,1199.4333,1341.391,1432.2264,1428.593,1558.7345,1522.0545,1672.079,1715.707,1826.1205,1802.6493,1752.4005,1624.0874,1514.955,1387.7567,1599.8578,1600.8505,1557.3279,1738.4202,1749.0143,1854.8005,1795.8443,1721.3211,1725.8219,1750.0126,1775.1974,1828.393,1715.0094,1789.2723,1854.1238,1987.7932,2043.1847,2062.2722,2022.1217,2051.322,2101.2749,2235.3847,2174.9689,2301.9463,2393.9312,2483.9236,2564.4566,2471.113,2540.8715,2494.7282,2440.8421,2608.8204,2622.1078,2460.5782,2551.501,2533.7917,2681.1905,2786.5706,2861.556,2750.379,2913.9728,2838.973,2737.9871,2886.4564,2866.5604,3066.5063,2914.4536,2858.471,3130.1952,3233.5175,3120.2456,2910.9526,2998.9699,3192.1466,3255.7473,3309.9256,3404.3023,3621.7897,3620.4556,3491.773,3498.8999,3481.9734,3472.7815,3744.0368,3816.7582,3822.0958,3723.7839,3795.7303,3777.4018,3647.5942,3733.9834,3845.9204,4136.8976,4230.6021,4167.7934,4547.6634,4390.5068,4403.5888,4511.9806,4465.2057,4445.4673,4621.1597,4664.407,4902.262,4484.4915
DIS.N,迪士尼(WALT DISNEY),1742.5461,1700.5497,1748.6325,1606.8186,1670.1175,1532.5641,1560.5617,1533.1728,1468.6566,1483.264,1517.348,1474.4264,1556.8516,1721.7019,1715.5508,1719.8566,1876.0953,1845.3397,1826.2712,1823.8107,1901.315,1935.1462,2032.9492,2127.0839,2182.9454,2125.8425,2137.0148,2171.1524,2199.7039,2119.015,2048.257,2085.498,2134.5321,2149.4285,2057.5673,2025.2112,1872.1283,2033.3672,1968.7462,2034.622,2108.0265,1957.4532,1904.1251,2029.6029,1925.4563,1625.5645,1412.8797,1444.8833,1316.8879,1067.9018,1156.4161,1394.5766,1542.3126,1485.638,1599.624,1658.2089,1748.6335,1742.9024,1924.3884,2077.3405,1903.4236,2012.2827,2248.6808,2372.9992,2152.7045,2029.0302,2170.0961,2096.0204,2132.0921,2326.9434,2351.7427,2442.5841,2531.1448,2848.2705,2805.9437,2806.5948,2710.8711,2542.2149,2514.8653,2217.9262,1963.9652,2271.3232,2334.4878,2482.9393,2575.6357,2780.2299,2898.7489,2854.3871,3026.5375,3211.2682,3253.6437,3275.4936,3461.5485,3252.3195,3288.0738,3347.3059,3622.2704,3670.0026,3818.5775,4224.6375,4240.7724,4245.4784,4346.3211,4089.5083,4335.5645,4611.2013,4742.2968,5199.6661,4941.7245,5499.8039,5449.4406,5399.7579,5717.5909,5835.3321,5844.8602,6117.0941,6059.2444,6219.1817,6296.0878,6491.9023,6269.2795,7173.5555,7229.3835,7493.3604,7607.0842,7866.9257,8318.9209,7062.7638,7084.9476,7884.9505,7866.233,7331.2974,6685.239,6664.3084,6928.7318,7204.3183,6922.4526,6824.7764,6742.9376,6638.2271,6525.7862,6513.8394,6965.7111,7380.5614,7835.9155,7796.258,8029.9545,8186.4603,7644.0011,7524.3202,7842.8411,7220.0083,7032.3737,6978.1523,7478.2735,7731.891,7815.3157,7419.0482,7223.4316,7215.5206,7153.6712,7537.7127,8232.6425,8120.9987,8477.6789,8324.7124
DISH.O,DISH NETWORK,251.5671,245.3006,241.1779,238.7043,240.9306,248.6812,236.8079,246.7848,243.8165,221.5539,213.0611,224.11,227.573,242.1674,246.2901,254.7828,246.7848,254.0408,289.0013,261.7914,269.9544,292.8766,296.9168,313.5725,332.6194,334.7632,358.0977,383.6584,379.7831,357.603,348.6979,348.9453,385.9671,403.6948,355.3767,311.0165,232.8501,244.4761,236.8903,246.0427,289.496,241.4253,242.5797,232.6027,173.1534,129.7826,91.359,91.4415,105.8709,92.7607,91.6064,109.2515,135.2246,133.6579,139.7595,134.4825,158.8064,143.47,187.7113,188.2551,165.505,181.0041,188.7083,200.9445,188.9802,164.508,182.0011,162.6046,174.1156,180.0977,166.6833,178.1943,191.3368,210.7334,220.7942,226.9576,274.4519,277.9868,268.5604,225.3261,227.0482,219.0721,241.6023,280.0502,274.5436,286.8352,323.8081,314.3682,275.7236,280.7386,302.47,314.5648,300.995,350.3578,364.2226,367.8663,376.5577,351.6964,383.0256,396.0627,389.4936,429.7164,451.2426,454.3755,454.8808,487.3723,547.3527,585.3521,569.7885,594.6498,628.7078,574.6395,592.8307,657.7126,625.2717,654.9839,652.6595,643.2607,802.5347,736.6422,710.9724,758.3706,708.0416,683.7867,715.4191,684.292,652.9627,598.9955,589.5967,636.3885,633.7609,577.8735,487.8271,476.306,467.5136,498.1355,504.3002,529.5658,539.8741,507.6353,553.6186,591.8201,580.6022,585.4532,597.9849,626.5855,641.6437,651.2446,644.4735,634.2662,647.1011,578.9852,548.0602,490.5558,511.8799,482.5719,473.9816,421.3282,382.9246,339.0636,298.6387,339.67,318.9522,357.2548,361.3983,310.6651
DLR.N,数字房地产信托,13.9613,14.4975,14.7899,14.687,15.4383,18.1642,19.7946,19.8782,19.0572,20.3065,23.8003,24.2347,27.7259,29.5679,30.4752,30.5077,27.154,27.0094,29.8974,32.7198,34.5576,36.8416,40.2068,38.0815,39.9839,44.1002,44.7206,45.337,45.5051,42.5418,37.4273,44.0321,44.8244,50.059,43.4247,44.002,41.0089,41.1695,41.0843,44.8455,48.9539,47.7094,50.0418,53.4937,55.4898,39.3185,32.1313,39.0158,37.8875,35.5003,39.8258,43.2227,42.9346,43.4225,49.1152,52.7852,55.8157,55.1074,59.4178,61.9754,59.1651,63.5778,67.402,72.9981,70.7721,72.2875,79.2305,74.2801,77.993,75.5028,66.3889,65.7995,69.4507,75.0936,75.1326,77.9756,80.5989,80.7137,79.969,78.0615,72.9355,82.4161,83.9631,89.0959,94.6952,96.8869,99.865,101.3771,95.5447,102.3933,106.4852,101.6295,96.2308,84.6308,88.9153,94.5556,94.5834,93.2881,94.2661,99.352,85.813,87.0513,78.9027,79.3451,76.9013,69.0229,68.4147,72.3446,75.0988,79.7676,79.4148,79.8936,86.0277,88.5149,97.7276,99.0329,95.8728,106.0318,107.9991,103.1444,113.4744,103.2688,103.9836,99.9636,104.1097,106.5115,102.6619,101.1444,105.7954,119.7892,116.7928,123.9751,131.287,129.6312,146.5883,145.7434,158.1179,182.1139,174.5446,165.5718,163.7798,157.5571,155.7021,167.2277,183.1744,183.8041,182.6994,197.2102,202.9631,195.5502,199.688,204.8819,206.4443,206.6362,203.6005,200.3312,196.9015,177.0091,187.1348,187.6853,190.864,200.0543,217.6967,222.8245,203.3389,186.6712
DLTR.O,美元树(DOLLAR TREE),137.8519,136.4344,145.4456,123.93,125.55,121.5,126.5119,115.2731,109.6031,109.1981,116.235,121.1963,125.55,138.8137,140.0794,131.9794,133.8019,134.1563,134.6625,145.6988,156.735,157.3931,151.9256,152.3812,159.2156,172.6819,193.59,199.0575,214.1944,220.4719,193.6912,219.9656,205.2337,193.8937,145.0913,131.22,141.8006,135.8269,139.6744,159.975,186.8063,165.4931,189.8438,194.1975,184.0725,192.4763,214.0931,211.0556,216.2194,196.5263,225.5344,214.3463,226.6481,213.1312,233.4825,252.8212,246.4425,228.4706,247.9106,244.5187,250.695,282.1838,299.8012,307.395,316.8619,316.1278,336.555,343.788,370.2713,389.6353,417.2766,425.8575,384.0919,382.1175,421.605,436.6406,484.0256,505.8956,502.9341,542.4216,570.5944,607.1962,618.8147,631.1166,643.95,672.1228,717.5334,771.9806,783.5231,817.0875,764.5388,731.5819,733.4044,605.5256,633.9262,616.005,607.3481,686.2472,735.5306,722.3175,729.6075,772.1325,814.8094,800.3813,868.1175,886.95,845.1844,856.8788,767.2725,831.8194,792.4837,790.8131,805.3931,827.1113,827.2631,814.4297,851.5631,919.9069,1038.2175,1068.8963,1079.8312,1210.14,1232.3897,1160.4769,1138.9106,1199.6606,1185.0806,1158.1988,1012.3987,994.6294,1146.0487,1172.7787,1235.0475,1218.7969,1252.3612,1210.5956,1375.0763,1431.27,1462.4044,1256.0063,1198.7494,1147.4156,1338.93,1172.1713,1172.3231,1164.5775,1191.6112,1257.0694,1180.0688,1061.91,1094.715,1209.5325,1318.5787,1385.8594,1560.6675,1629.7706,1746.5625,1558.845,1441.2938,1456.3294,1254.3356,1290.9375,1386.315,1222.7456,1238.5406,1280.3062
DOV.N,都福公司(DOVER),955.1811,968.5104,946.4703,910.6552,952.6134,915.1327,1037.8883,1028.1967,1030.4704,984.7447,1026.0884,1027.1031,1165.0986,1220.3956,1236.1788,1266.4723,1247.6718,1262.744,1204.2435,1246.8887,1216.6269,1218.1656,1294.7987,1261.8496,1276.7797,1234.8137,1261.1688,1243.3403,1298.0913,1326.6208,1322.7304,1286.6482,1327.0187,1198.0934,1210.6963,1205.7258,1053.9964,1090.9603,1098.0564,1300.1639,1426.7513,1276.1088,1309.3504,1309.5585,1075.3867,842.541,798.3207,881.0163,756.839,673.8731,712.7816,831.6686,856.2351,901.1711,926.2264,948.9624,1063.3647,1033.7353,1128.5507,1148.7034,1183.7636,1256.7377,1298.1106,1449.9965,1253.9312,1167.3376,1339.9662,1258.1009,1467.5033,1492.5192,1548.0998,1650.911,1810.4944,1822.6244,1864.8923,1930.138,1915.4291,1931.6688,1722.832,1648.3309,1335.4002,1591.3041,1585.1915,1674.0107,1828.5791,1855.0681,1823.7736,1815.6602,1647.888,1561.9391,1586.9954,1694.5755,1743.821,1706.5937,1874.4688,1936.9609,2039.2476,2172.8196,2158.8969,2043.3687,2328.2608,2310.7058,2548.1438,2541.7697,2684.6229,2743.1986,2722.9309,2896.9776,2597.4972,2829.7596,2970.8748,3139.8604,3181.8472,3319.4425,3130.0208,3221.4898,2945.0584,2912.4292,2836.2561,2642.1131,2580.2231,2668.6837,2560.1585,2804.618,2807.3148,2612.9623,2385.473,2323.2949,2144.4068,2416.3017,2487.2805,2314.039,2206.0933,2310.2665,2445.2031,2497.2772,2553.2728,2651.5786,2732.2888,2789.9147,2833.7837,2574.0331,2811.261,2901.085,3010.2677,3118.3422,3128.0749,3070.8469,3230.9981,3139.8022,3287.751,3340.7804,3597.0066,3758.3779,3864.5732,3994.302,4200.7606,3977.0069,3902.3139,3683.0024,3823.4457,3624.8702,4109.1766,4275.9437,4408.3998,4125.0632
DRE.N,杜克房地产,7.8275,8.0882,7.621,7.8125,7.9983,8.203,8.7989,8.6115,8.9114,8.9692,9.3595,9.1944,9.9872,9.7946,10.5899,9.8783,9.5958,9.9379,10.5344,10.8791,10.6986,11.4749,12.616,11.8565,12.7899,12.9005,12.7278,12.6224,11.8783,10.5608,9.6785,10.1557,10.1617,9.6628,8.0365,7.9723,7.2081,7.1537,7.1193,7.6218,8.1684,7.141,7.8662,8.1097,7.9639,4.5716,2.7747,3.704,3.1126,2.3963,1.9101,3.3931,3.3628,3.1011,3.3557,4.139,4.315,4.0384,4.0868,4.4368,4.1269,4.1124,4.594,5.0126,4.4542,4.2555,4.4842,4.2669,4.4115,4.7398,4.2967,4.8101,5.2888,5.4998,5.4764,5.9611,5.9477,5.5403,5.5522,4.7684,4.218,4.9331,4.728,4.9114,5.4575,5.7278,5.9176,6.1157,5.7782,6.1122,6.037,6.1269,6.2114,6.1185,5.7757,5.934,6.5929,6.9877,7.3423,7.6276,7.2315,6.8038,7.1878,6.4366,6.8116,7.3101,6.7695,6.7071,7.0059,7.5711,7.6071,7.8955,8.0546,8.264,8.1866,8.5441,7.8918,8.7095,9.008,9.3601,10.1154,9.9779,10.1694,9.2539,9.2167,8.7502,9.5042,8.5834,9.0539,9.8381,9.86,10.1846,9.7534,10.1142,11.0239,10.6962,11.6674,13.1412,14.1911,13.9499,13.558,12.9726,12.7188,13.284,12.1687,12.9209,13.2383,13.9741,14.5465,14.1812,14.5059,15.1813,14.7215,14.5479,14.9108,14.4232,13.9991,13.2331,14.1466,14.4779,15.1289,15.6185,15.6669,15.4359,15.3709,14.9375
DRI.N,达登饭店(DARDEN),46.452,42.1148,48.212,47.2043,51.1065,51.8932,54.5996,49.4229,47.7865,51.3553,56.6777,61.5883,64.4079,66.4355,64.994,63.04,56.3698,62.7216,53.8068,56.3539,67.6088,67.0504,64.2499,64.2819,62.6337,65.5941,65.9142,66.7451,73.3262,70.7839,68.7767,67.2096,67.6296,69.7604,64.5528,44.9549,46.3016,50.3876,53.1987,58.4523,56.2673,52.4723,53.8509,48.4278,47.3365,36.9469,30.4808,46.9627,44.0004,45.5443,57.4925,62.3885,61.0385,55.6552,55.0879,56.0063,58.0472,51.9385,53.8577,60.0951,63.7914,69.9876,76.8741,77.6656,74.4548,67.4259,73.3258,72.223,74.8837,80.5985,86.3115,81.8857,83.647,83.6825,87.2336,83.9531,90.5306,88.9399,91.5379,86.6727,77.0324,87.1423,86.8329,82.9563,84.2816,93.6891,94.0015,92.8135,95.8715,93.8328,95.7752,97.2161,104.3272,99.3564,99.8473,85.1006,88.7647,88.3256,98.6529,99.5422,99.87,97.325,95.5923,90.0575,90.2134,101.6437,105.1942,107.2456,98.552,101.7813,101.1833,100.182,101.0082,93.2492,95.354,96.5166,104.9608,106.7865,117.5311,120.9133,127.7925,133.2474,144.3652,133.8798,137.5957,149.2265,156.0433,143.8788,145.0001,132.0002,133.7917,151.5846,151.3878,153.3564,159.1661,150.6019,164.1017,153.239,150.2852,150.4805,149.6993,159.6188,180.5843,179.1554,181.9437,185.4197,207.7406,212.9534,222.3024,226.077,211.1547,206.6486,198.3162,208.7514,213.9531,243.6406,244.7703,235.4238,217.7013,238.8673,224.8481,275.3945,276.9558,300.5232,287.9625,277.8693
DTE.N,DTE能源(DTE ENERGY),315.3774,318.3289,331.0877,334.5092,346.0842,344.2075,345.9002,336.8479,341.2959,321.4998,324.7744,325.206,317.7517,326.0343,305.507,310.7651,308.0218,314.395,326.5881,322.1121,324.3468,354.9765,367.9472,382.4189,366.3037,365.7508,382.7698,404.2656,422.5651,389.3542,374.4971,386.0437,395.4288,404.8981,400.4083,362.8041,351.8275,328.5539,325.3522,337.2319,370.1101,359.3922,347.0286,357.0211,343.9344,302.6143,318.8166,310.4648,300.2813,233.0009,246.2396,262.863,268.9078,289.3595,311.604,314.4976,322.4479,339.3319,368.0531,404.884,390.4869,403.305,419.1132,452.6611,427.6646,433.3656,438.5915,445.1476,441.5371,449.5161,428.2708,441.0984,450.2474,458.2284,482.1909,497.6533,508.3884,498.5574,496.7633,503.9396,494.4444,525.6119,531.0587,555.5249,542.8738,550.8318,567.4755,581.3968,586.0373,617.8584,639.1028,608.1734,630.8129,653.5449,637.5483,638.5085,673.1719,710.2809,733.454,782.1792,714.8869,726.3503,766.3478,724.8328,722.2614,756.8529,730.5809,734.0343,754.2675,793.4071,829.0094,871.972,849.4306,876.697,831.1002,880.9752,864.257,933.3249,925.373,989.478,1027.1691,939.7578,932.6408,920.3889,915.7656,870.7204,938.6142,910.6167,946.4644,960.8315,947.8776,952.9447,1010.2236,999.6472,1086.2275,1068.2555,1086.4672,1196.8846,1177.5644,1121.7774,1140.5853,1169.0786,1133.5228,1209.8195,1211.416,1245.0665,1264.2011,1294.9054,1355.9426,1319.6155,1335.4574,1401.0701,1349.175,1388.1322,1452.3487,1386.3271,1337.9462,1276.3936,1333.8066,1346.5826,1308.6381,1336.1119,1399.4171,1432.9391,1418.0181,1460.508
DUK.N,杜克能源(DUKE ENERGY),468.7437,477.0699,495.0992,515.9567,490.5455,530.7102,527.3185,523.1913,526.4398,477.8926,490.5548,501.3303,517.7673,524.4251,538.2743,537.7204,526.7515,548.2173,565.9499,565.9519,569.7249,596.8906,604.4807,632.8753,375.2278,378.94,390.6856,395.1142,380.1079,355.9864,331.2813,361.0464,367.9366,377.386,394.0096,401.5752,371.3127,353.3705,359.6159,368.8833,376.6953,354.273,358.3498,360.1365,359.93,338.2474,326.0487,314.5238,317.4574,286.5879,304.6725,293.8218,306.0696,315.5869,334.8379,340.2895,345.7816,347.539,371.9043,383.7214,368.5598,369.9075,369.2288,379.6359,366.2732,367.1912,392.4356,399.8088,412.1428,423.7787,413.9218,420.054,421.7049,430.1117,433.937,445.8912,453.9919,455.9289,450.3599,464.366,490.8872,501.4466,518.2713,546.857,529.7056,526.1291,528.3925,538.9553,559.2364,586.7148,574.8413,555.631,555.7167,563.4362,554.2342,554.0606,596.9612,608.0835,637.412,660.3303,596.5817,601.6624,632.8597,591.2385,601.8736,646.4869,637.4671,628.8108,643.4809,652.9935,656.1258,686.2512,662.0361,691.0026,671.8158,696.9016,704.2483,773.7595,769.3856,794.4929,828.7301,754.1586,737.1648,744.7496,734.7394,685.1617,720.0892,695.5974,705.7012,701.0907,672.8643,708.9106,747.7373,745.3997,809.6237,790.5572,793.2689,869.929,867.9009,816.0036,819.8962,819.6913,764.275,804.1619,813.6933,864.7116,859.0551,864.1878,906.8262,884.7059,900.8993,933.5342,897.3905,944.3345,963.1007,908.3472,847.7619,823.3437,846.6212,876.0185,853.221,874.4521,902.5389,908.6377,894.9925,924.1844
DVA.N,达维塔保健(DAVITA),104.9,105.6,104.625,100.75,115.15,113.7,118.1,114.775,115.175,122.95,131.225,126.6,136.875,145.975,150.525,140.65,132.4,124.25,125.05,145.9,144.675,139.075,133.025,142.2,136.5,136.25,133.3,136.525,138.075,134.7,132.35,143.8,157.95,162.975,154.9,140.875,133.575,124.075,119.4,131.025,129.7,132.825,139.625,143.475,142.525,141.875,125.625,123.925,117.5,117.3,109.875,115.925,112.775,123.65,124.25,129.275,141.6,132.575,148.1,146.85,149.4,154.025,158.5,156.075,158.575,156.1,143.3,161.55,172.575,179.375,181.75,173.725,184.625,198.425,213.775,220.225,210.125,216.525,208.85,183.95,156.675,175,190.45,189.525,204.525,216.375,225.425,221.45,203.125,245.525,246.05,243.175,259.025,281.3,270,276.325,288.525,299.05,296.475,296.625,310.175,302,291.025,268.775,284.5,281.05,297.75,316.85,324.65,343.65,344.25,346.5,352.95,361.6,352.2,373.4,365.7,390.35,382.65,378.7,375.3,373,406.4,405.5,418.9,397.35,395.15,378.2,361.65,387.55,365.2,348.55,335.6,329.85,366.9,369.5,386.6,386.6,387.7,323.15,330.35,293.1,316.75,321,318.75,347.05,339.85,345.05,331.3,323.8,323.9,292.8,296.95,303.7,305.3,361.25,390.2,360.1,329.7,313.95,334.2,347.2,351.4,346.45,358.15,336.7
DVN.N,戴文能源(DEVON ENERGY),83.4138,95.9659,98.0944,92.7943,94.2939,104.2781,115.4096,125.039,141.3998,124.384,124.0132,128.9794,140.6729,120.9156,126.4041,124.2137,118.531,125.1048,133.8649,129.4124,131.0052,138.6601,152.2066,139.3788,145.633,136.5115,144.1389,151.7394,159.8813,163.318,155.6413,157.1016,173.8705,195.1864,173.0555,186.1028,178.0232,215.0093,218.722,237.7367,243.0617,252.2548,199.2049,214.236,191.7903,170.0457,152.1284,138.4911,129.8288,92.0394,94.5467,109.6945,133.7914,115.591,123.2052,130.183,143.1527,137.5822,143.1952,156.6623,142.616,146.7723,137.6365,143.8315,136.3975,130.446,133.8078,129.0756,138.9813,139.5824,151.4969,168.911,190.8128,196.7293,197.8069,196.1472,181.2099,170.236,169.9984,146.5183,120.0749,140.6722,141.7768,134.6393,138.5699,159.2001,154.8799,152.1142,129.6183,126.7268,129.1962,126.3772,132.6496,127.6287,113.2894,114.5373,125.8722,119.4234,124.6237,121.6196,125.5735,115.0535,121.9949,126.6076,128.5754,140.7295,134.9418,138.2243,132.3039,143.9213,150.0484,156.9309,165.6742,178.5764,169.805,169.6251,153.8637,135.4037,133.0792,138.7164,136.5861,139.5775,137.2548,155.2337,148.429,135.8997,112.8957,97.4531,85.2405,96.3638,105.7405,74.043,64.5562,45.5364,64.1771,81.1101,84.4078,84.9271,89.683,101.5143,103.4854,88.8928,113.3859,107.2791,106.9737,101.8529,98.1468,92.9007,79.9383,75.348,78.5061,74.0046,86.6746,87.1232,90.9717,97.902,97.8311,72.5279,75.3143,86.0701,98.4842,104.3424,106.8347,101.8976,94.9817,77.0508
EA.O,艺电,1029.44,1031.84,828.48,854.24,840.64,905.76,921.6,916.48,910.24,910.08,901.76,836.96,873.28,831.52,875.52,908.8,673.12,688.64,753.76,816.48,893.44,846.24,894.24,805.76,800,806.72,805.76,806.56,781.92,757.12,778.24,847.04,895.84,977.92,899.04,934.56,757.92,756.64,798.72,823.52,803.2,710.88,690.88,780.96,591.84,364.48,304.96,256.64,247.04,260.96,291.04,325.6,367.84,347.52,343.52,291.52,304.8,291.84,270.24,284,260.48,265.28,298.56,309.92,264.16,230.4,254.88,243.68,263.16,253.28,238.56,262.08,249.44,300.8,312.48,322.88,390.56,377.6,356,361.28,327.2,373.6,371.04,329.6,297.2,261.36,263.76,246.08,217.92,197.6,176.32,213.28,203.04,197.6,236.96,232.32,251.68,280.48,283.2,281.76,367.84,367.84,417.92,426.24,408.8,420,354.72,367.04,422.4,457.44,464.16,452.8,562.08,573.92,537.6,605.44,569.76,655.52,702.88,752.24,877.76,914.88,941.04,929.44,1004.08,1064,1144.8,1058.4,1084,1153.12,1084.64,1099.52,1032.72,1027.84,1057.76,989.6,1228,1212.16,1221.12,1299.68,1366.4,1256.32,1267.84,1260.16,1334.88,1384,1432.32,1517.12,1813.28,1691.52,1867.84,1944,1888.96,1913.6,1701.6,1680.96,2031.36,1979.2,1939.84,1887.68,2094.56,2256.32,2060,1814.56,1927.84,1455.68
EBAY.O,EBAY,978,1028.16,894.24,761.04,912,792.24,1002.72,971.76,988.8,950.64,1075.44,1037.28,1034.4,961.44,936,825.84,787.44,702.96,577.68,667.68,680.64,771.12,776.16,721.68,777.36,769.44,795.6,814.56,781.44,772.32,777.6,818.4,936.48,866.4,804.72,796.56,645.36,632.64,716.16,750.96,720.24,655.92,604.08,598.32,537.12,366.48,315.12,335.04,288.48,260.88,301.44,395.28,422.88,411.12,510,531.36,566.4,534.48,587.28,564.72,552.48,552.48,647.22,570.72,513.84,470.64,501.84,557.52,585.6,716.64,699.36,667.92,728.64,804.12,744.96,825.36,748.08,774.48,786,740.88,707.76,763.92,710.16,727.92,758.28,857.76,885.6,984.48,940.56,1008.24,1063.2,1139.28,1160.88,1158.24,1267.68,1223.9448,1343.28,1313.04,1301.28,1257.36,1298.4,1241.28,1240.56,1199.76,1339.08,1265.04,1212.48,1316.76,1276.8,1410.48,1325.76,1243.92,1217.52,1201.44,1267.92,1332,1359.12,1260,1317.12,1346.88,1272,1389.84,1384.32,1398.24,1472.64,1445.76,1603.5052,1545.9113,1393.6581,1590.96,1687.3299,1567.01,1337.7749,1357.163,1360.5844,1393.0879,1394.7986,1334.9238,1776.8571,1833.8807,1876.0782,1625.7444,1585.8278,1693.0323,1815.0629,1933.1019,1914.2841,1905.1603,1955.9114,1991.266,2037.4552,2060.2647,2193.1298,2146.3704,1977.0101,2152.0727,2314.0199,2444.0339,2294.6319,2160.056,2150.9323,2067.6777,1907.4413,1973.5887,1882.9211,1655.3967
ECL.N,艺康化工(ECOLAB),857.139,807.723,844.1249,835.441,825.7355,828.7213,859.9648,845.1113,819.9092,849.4393,854.3182,933.9976,922.152,931.9375,986.2282,975.9013,999.3952,1050.3852,1114.8371,1153.9224,1111.0025,1176.6456,1150.6997,1175.7491,1141.9333,1100.3139,1121.5309,1121.27,1125.4432,1116.6529,1101.2237,1089.4557,1237.6804,1236.8937,1256.0358,1346.1918,1265.4886,1230.0003,1144.9356,1211.6334,1181.8435,1136.6298,1181.8412,1209.3381,1286.3307,987.8129,1017.7708,935.6865,904.0089,845.9777,928.8263,1030.9891,998.8961,1046.5702,1114.2121,1135.1489,1244.8334,1183.7092,1209.2898,1204.5026,1186.1298,1138.5765,1191.8089,1324.4129,1280.754,1221.9174,1330.7499,1289.6656,1384.8208,1346.0655,1304.8539,1380.943,1360.9492,1332.1909,1402.3837,1450.211,1508.4833,1554.7068,1378.7751,1478.0469,1352.7568,1489.7204,1577.709,1605.4757,1678.515,1666.2955,1719.7848,1774.6775,1761.3026,1915.2699,1829.1904,1789.5043,1816.9027,1951.187,2020.7121,2022.2465,2036.3094,2153.0315,2261.9244,2387.1793,2382.9478,2409.7985,2606.3955,2584.0485,2800.3669,3005.6591,3038.8347,2964.5318,2858.483,3063.4727,3078.0011,2982.5172,3112.2043,3181.5608,3101.2645,3281.0024,3289.174,3186.0561,3120.7481,3003.3274,2981.7766,3319.9814,3295.964,3226.8059,3303.7443,3267.534,3346.7155,3153.9636,3180.2274,3488.3372,3453.8452,3325.334,3136.0708,2981.4041,3253.0027,3353.9298,3419.8532,3469.7015,3463.2653,3599.8884,3571.5652,3350.0296,3425.1463,3449.9838,3535.6301,3648.6478,3699.9042,3810.6002,3921.2962,3929.5018,3897.533,3945.7823,3817.7336,3878.587,4034.7278,3995.1931,4099.4051,3884.1328,4093.3968,4323.3462,4258.8409,4202.5078,4213.5883,4506.4731,4707.4253,4598.4321
ED.N,爱迪生联合电气,950.0773,937.8073,925.3032,949.4339,1011.0501,1040.5974,1069.9225,1054.8102,1091.687,1023.1052,1036.8809,1054.8681,1070.3507,1057.5742,1002.9317,994.1704,1030.3284,1038.2719,1095.0451,1093.1153,1093.1153,1143.9853,1154.6553,1151.0635,1156.092,1177.2014,1237.2973,1242.1438,1196.634,1105.9428,1070.6467,1139.9822,1148.9154,1168.519,1217.2435,1227.293,1094.6398,1041.3546,1011.0486,1059.4364,1066.6712,1009.5926,1025.3473,1071.4437,1125.4088,1134.8396,1072.9466,1034.1622,1082.5099,976.2377,1067.9032,1001.0413,971.2662,1024.9515,1078.089,1117.04,1137.8854,1130.659,1209.4453,1280.4731,1232.8394,1221.775,1272.9324,1291.7949,1233.7581,1248.5319,1336.0161,1394.3085,1414.5498,1458.5528,1436.1294,1471.758,1481.8528,1501.9182,1524.1555,1566.226,1612.3486,1617.8184,1598.3705,1727.3578,1752.2495,1778.3704,1844.5595,1925.581,1830.2798,1822.2276,1832.264,1864.5685,1912.4545,1970.4365,2043.6269,1939.0599,1915.7093,1931.383,1803.9058,1795.8223,1839.1497,1928.4497,1994.8015,2080.4377,1884.1869,1925.126,1977.6204,1875.5832,1839.2256,1941.9607,1861.1093,1863.4689,1834.1415,1911.7206,1829.8628,1979.2532,1897.5199,1991.6888,1934.7736,2019.2198,1976.3171,2210.015,2224.8508,2325.6121,2440.8181,2246.7571,2170.6079,2190.179,2224.0157,2081.5981,2286.9527,2284.5554,2427.6352,2387.6891,2280.9039,2358.7078,2546.6117,2593.449,2838.3097,2763.4809,2738.4298,3006.8154,2993.3587,2836.9394,2838.8244,2848.2495,2655.5834,2804.4057,2829.9072,2959.6133,2983.4316,3045.6665,3208.2142,3131.8743,3210.9268,3292.9844,3152.6994,3362.5407,3506.7795,3345.6976,3164.9236,2976.9921,3098.2342,3185.2901,3078.8624,3129.0198,3167.1394,3196.0475,3085.0989,3077.4054
EFX.N,艾可菲(EQUIFAX),1402.3887,1507.4142,1522.2949,1669.1177,1722.6501,1773.3017,1807.566,1642.6786,1737.1426,1713.7752,1906.2543,1892.3182,1907.2497,1825.6325,1855.5282,1920.3023,1799.7322,1712.9381,1610.1817,1587.6914,1833.4115,1899.3364,1899.348,2029.8375,2076.3338,1935.7942,1824.1908,1991.8462,2105.4992,2225.2266,2026.8498,1931.6758,1911.6168,1930.6728,1868.9682,1825.2937,1861.9401,1719.8406,1732.9078,1923.3869,1919.8832,1691.4694,1765.4272,1779.519,1735.1947,1313.6104,1284.2249,1338.2179,1247.3886,1086.8425,1235.9673,1474.0617,1377.9135,1321.2176,1318.6865,1401.2246,1477.2679,1388.0437,1454.4456,1568.1615,1624.5117,1639.7297,1819.6629,1707.84,1539.6095,1428.1469,1595.0864,1501.9045,1590.0719,1688.4322,1772.0034,1822.6906,1828.8345,1838.4919,1997.9135,1930.0308,1951.8582,1793.2923,1774.6982,1679.0582,1596.4816,1825.5149,1938.2812,2021.2386,2033.2388,2202.715,2319.0334,2400.7707,2376.2183,2451.4451,2464.0705,2417.6506,2459.8987,2642.622,2715.7223,2868.3625,3111.1027,2932.9259,3064.3542,3256.4417,3251.8945,3146.7018,3376.3101,3166.3696,3207.0946,3465.3769,3619.8112,3714.4327,3766.5821,3780.1329,3670.6029,3820.5996,3833.3172,3928.0807,4120.3151,4278.5701,4060.187,4114.5111,4335.3281,4407.2657,4602.9141,5088.4926,5084.1193,5298.9644,5500.7523,5323.1141,5599.4402,5382.3597,5342.7754,5859.0202,6146.184,6139.018,5831.9845,5781.2715,6319.8615,6649.43,6971.1775,7119.2173,7344.3265,7331.844,7480.8155,6891.044,6379.1795,6589.868,6536.9172,7307.7695,7644.3113,7564.3686,7669.4507,7704.2099,8153.8371,8009.2924,5958.4818,6101.274,6438.2092,6652.5905,7048.0676,6375.0231,6667.8836,6341.8755,6471.7842,7104.9922,7127.1403,7630.3112,7436.6629,5777.5529
EIX.N,爱迪生国际(EDISON INTL),579.5098,579.6883,624.2137,652.6198,660.7101,733.6135,739.5838,814.6638,860.0666,796.0346,820.7742,798.2791,802.1231,812.0078,758.6462,744.4607,722.9062,723.4474,767.5962,809.5191,777.3812,829.6547,858.4051,854.4456,845.052,883.0023,928.3909,989.238,1101.106,1066.1306,1004.7692,1001.3497,1058.7901,1110.3453,1068.9102,1024.7731,998.4673,948.5439,947.1368,1007.9993,1028.48,998.552,939.4707,892.4389,781.3721,696.9682,654.0809,635.3473,644.2485,538.4232,575.9283,569.9312,584.5243,635.1063,652.4678,674.4724,684.1163,648.2603,693.6915,714.8589,684.8504,670.6683,708.8848,713.034,671.3349,664.4623,694.4175,706.9862,727.0134,780.0755,780.9211,822.7318,773.2826,791.1866,786.8572,844.4899,846.4253,840.2192,825.4747,806.3936,836.4645,887.8551,859.645,912.515,904.5801,922.8745,944.067,977.3791,998.4768,1033.4078,1032.9604,979.5006,1029.3024,1057.0118,1024.5715,1025.7504,1093.8462,1090.2144,1149.8441,1229.3643,1049.7583,1108.5168,1147.4162,1056.2674,1067.913,1136.7732,1071.3908,1081.7972,1125.256,1223.6224,1331.4739,1330.2979,1296.8993,1375.1843,1296.8525,1399.5594,1331.7971,1490.4124,1513.7522,1569.1791,1633.1637,1539.7031,1507.1582,1470.2453,1467.1089,1351.0015,1458.6829,1421.4927,1543.4015,1480.9999,1452.6132,1460.5437,1524.4317,1681.3149,1785.3375,1756.033,1778.8806,1941.0669,1933.8195,1817.3604,1817.3649,1848.3041,1729.8295,1824.5968,1847.154,2021.0217,2031.3613,2040.5472,2081.3735,2008.9257,2021.5152,2060.0546,1996.6042,2068.5306,2102.6827,1651.7129,1633.169,1582.4998,1678.7657,1727.8154,1639.2095,1684.5358,1773.9943,1750.0322,1818.4168,1864.3609
EL.N,雅诗兰黛(ESTEE LAUDER),96.04,93.572,95.6996,81.7213,83.168,83.2531,83.2744,85.9339,74.1044,70.5726,70.2322,72.0777,78.5147,80.5599,80.0648,79.9141,88.138,83.251,80.3446,79.3543,86.8247,86.9539,88.8915,88.9389,103.4934,104.2995,106.4348,112.0343,103.0576,99.1576,98.0899,90.6166,92.5122,95.6497,97.7849,96.2278,93.1607,93.9551,101.1705,100.6409,105.032,102.4944,97.309,109.8202,110.1291,79.5242,62.844,69.7365,59.1274,51.0185,55.5234,67.3489,74.5118,73.5883,82.0801,80.7511,83.5217,95.7301,106.7046,110.1908,119.6696,137.0094,147.8097,150.2022,132.7713,126.9838,141.8399,127.7585,144.0729,162.1646,172.4211,185.7232,185.2629,217.2755,221.7632,223.2361,235.9168,242.0846,241.4402,224.755,202.1552,226.5731,274.113,260.9626,269.1874,272.0219,287.8209,303.6664,251.6226,251.4832,243.3978,278.5739,286.1016,286.334,274.0362,281.6104,286.6442,302.4386,302.1083,327.2093,320.614,311.1062,310.5386,310.017,331.5512,336.579,356.5113,358.2235,326.9289,328.3777,319.0282,346.1704,366.4593,355.1718,351.3456,368.4176,358.2997,360.5055,356.695,366.6058,339.6155,398.9044,401.2688,392.2456,423.0201,419.2945,431.1486,387.1432,391.5596,390.4919,409.6911,428.8802,415.1946,446.261,460.8221,468.4446,449.9264,446.2007,455.4169,438.874,435.5786,428.5452,383.8235,377.8463,401.1622,410.9264,420.5486,432.2043,468.6259,477.7854,492.7691,534.3073,538.5522,558.3783,625.2963,637.3684,676.0393,695.3152,751.969,743.7823,752.4673,718.4794,679.4562,707.454,733.7083,693.9229
EMN.N,伊士曼化工,80.8051,86.1623,88.6835,81.168,88.3529,83.5419,83.9055,72.6656,71.7939,80.6439,84.5722,79.5355,74.3246,76.0513,79.5892,84.5189,87.6757,84.694,77.84,82.263,85.4353,96.348,93.9124,94.5111,93.3159,94.1286,101.6491,108.6633,106.1915,103.9743,111.2314,107.9019,108.5963,108.3685,104.4953,100.1028,108.2631,107.8371,103.0255,121.255,126.3857,114.2825,99.5118,100.1092,92.0884,67.5527,55.0256,53.8134,44.0384,34.8574,46.4316,68.7464,71.7957,66.3707,86.9648,91.3429,94.5575,92.7384,106.1785,107.1867,100.5854,105.9589,114.123,119.9295,108.2269,96.3575,113.1154,111.1471,134.5392,142.8479,141.4661,153.7457,169.8005,170.8062,182.5331,197.1071,194.5341,188.4754,178.3564,152.7635,127.4629,146.1555,147.3831,146.3257,188.5076,202.7806,194.6188,203.2033,175.3038,190.6957,197.9268,209.2088,216.8312,225.3128,231.4362,260.0463,271.8926,266.4662,268.1006,255.7451,275.1993,269.8041,309.9607,292.8884,301.3734,304.8166,298.0077,313.6786,303.0283,339.8379,336.4573,340.2039,344.458,342.2378,308.6605,323.118,318.2604,317.8276,326.2474,300.0521,280.394,294.5146,275.513,303.1995,305.3874,327.1415,313.4673,289.7173,260.2485,290.206,292.1362,273.2405,247.7419,259.6412,294.2952,311.2041,298.8993,278.4097,267.462,278.3687,279.4804,296.9479,310.2034,312.6483,322.1678,333.5996,338.1072,333.7135,335.2199,353.6265,350.132,362.9314,383.2773,384.6327,391.2402,394.8131,422.6853,430.7827,452.2771,437.284,446.8367,430.4249,446.1847,417.8084,414.586,339.3524
EMR.N,艾默生电气,840.8563,834.3919,816.9039,788.4701,841.5283,792.9129,833.0459,856.9773,914.5507,885.8914,969.1461,957.482,992.7307,1054.18,1077.632,1094.6411,1068.7718,1085.4794,1022.1458,1069.9772,1092.2494,1099.2827,1136.044,1155.4366,1178.4982,1134.857,1135.9114,1238.7208,1284.4297,1240.6876,1247.8454,1312.4395,1418.8103,1393.4839,1528.3624,1518.713,1361.1056,1373.9354,1387.4159,1408.9848,1576.9869,1340.3575,1320.0285,1276.3188,1112.4154,892.605,989.0508,1008.8924,901.1413,744.6665,795.61,947.6055,901.7178,910.4286,1022.2652,1045.627,1136.6621,1070.5837,1183.8549,1217.8753,1187.5714,1363.3554,1449.7531,1504.1836,1346.4755,1266.7423,1436.3565,1361.5519,1536.9629,1602.3408,1617.1143,1678.7801,1728.9938,1761.809,1725.4861,1794.5882,1621.0067,1671.5239,1458.7575,1394.0309,1237.1089,1441.0476,1577.125,1406.2823,1550.8647,1530.4267,1587.312,1598.2632,1434.4116,1428.5843,1465.081,1567.6592,1491.9344,1496.8797,1565.3734,1650.4515,1784.1455,1779.5677,1753.5176,1742.2187,1853.1028,1758.9319,1979.2015,1959.8262,2100.3934,2174.0858,2188.9317,2293.1665,2154.6224,2146.6147,2197.2703,2242.6631,2208.8785,2196.6308,2106.9251,2133.8136,2085.8178,2135.1468,2140.3966,2072.5754,1911.7519,1960.5314,1916.5277,1991.3339,2057.4992,1891.0161,1765.4715,1643.7758,1521.4916,1626.8972,1739.4123,1663.9218,1599.5636,1716.0868,1911.1366,1919.9226,1844.5734,1849.5376,1982.154,1884.4518,1949.914,1812.9085,2038.3703,2013.4505,2118.5472,2186.9197,2178.1866,2193.4696,2168.9501,2187.2937,2186.9269,2183.3577,2323.8855,2383.7947,2416.7778,2598.3531,2693.0556,2667.5759,2563.9662,2493.016,2677.3696,2613.1187,2731.7938,2919.227,2913.5201,2582.5248
EOG.N,EOG能源(EOG RESOURCES),162.7659,199.7472,213.6892,208.6481,218.9159,249.2368,268.28,280.267,328.8735,297.7852,315.227,322.3443,371.6083,296.2669,316.4869,308.9574,288.853,305.0421,326.4813,285.4014,286.4141,293.2066,310.8352,275.2255,304.9703,298.8383,314.7198,324.3722,339.6545,322.6938,309.9941,297.8773,319.8555,392.238,366.4725,395.1156,386.9895,527.286,531.7616,578.752,570.5462,581.9456,446.3569,463.6286,397.2057,359.9729,378.2117,296.1813,302.083,223.052,244.0913,283.6241,327.0076,303.4617,331.504,322.4137,373.9551,366.2634,387.927,436.4123,406.1712,422.4773,417.4911,504.3768,471.6274,442.5218,439.2455,391.3565,418.8375,431.9033,401.356,412.4559,480.8184,507.5732,535.5935,511.6671,493.9703,473.1959,462.4027,419.7438,321.9139,406.2213,471.2221,447.4657,482.8726,517.9939,505.4376,500.3952,452.502,410.6239,447.459,494.4374,511.5578,532.6608,537.8278,552.3229,572.2624,575.605,586.411,555.5834,591.9926,603.8233,668.015,721.0926,777.2464,819.9699,758.3802,771.4336,760.3289,871.5898,902.6489,903.0112,974.8836,1076.7948,1009.5147,1013.5735,913.3968,878.5313,801.5385,850.9876,824.5131,830.9032,849.1475,918.0068,822.8198,812.2435,717.56,727.9716,676.7505,799.6341,777.0934,659.3605,663.2685,604.6185,677.8376,773.274,761.4812,780.7615,766.1708,829.8464,906.9324,849.4231,963.0928,949.7531,955.7927,912.6042,917.8734,871.8426,851.2011,853.1805,898.3919,802.547,913.5004,944.6992,967.8744,1020.7518,1089.4001,960.7562,997.2274,1121.3158,1117.8998,1180.717,1225.3121,1123.5353,1212.293,1002.8421
EQIX.O,易昆尼克斯(EQUINIX),41.94,43.79,42.34,34.98,38.1,43.34,44.37,38.97,41.65,36.89,39.92,40.76,46.93,52.44,64.22,65.9,58.28,54.86,52.38,57.67,60.1,68.4,76.5099,75.62,84.07,82.67,85.63,83.47,87.38,91.47,86.91,88.51,88.69,116.66,104.11,101.07,75.53,69.35,66.49,90.42,95.49,89.22,81.36,80.5,69.46,62.42,45.41,53.19,53.35,46.41,56.15,70.23,74.4,72.74,81.73,84.37,92,85.32,96.19,106.15,96.23,94.47,97.34,100.65,92.01,81.22,93.51,91.21,102.35,84.24,77.6,81.26,88.42,86.44,91.1,100.66,101.4,101.02,104.47,94.04,88.83,96.01,100.02,101.4,119.96,140.18,157.45,164.2,163.11,175.65,178.18,197.65,206.05,180.59,185.76,206.2,215.43,211.55,216.31,214.1,202.64,184.72,179.35,173.74,183.65,161.252,160.7,177.45,185.2,189.96,184.84,187.81,198.75,210.09,214.52,218.26,212.48,217.0983,236.0853,235.628,225.3707,232.9727,243.7371,267.8963,282.3831,267.5618,293.8018,285.9551,289.8029,327.117,326.9185,335.3051,344.3641,336.7354,368.7793,368.3779,405.7292,434.5674,417.9123,415.1659,405.706,402.3612,383.5695,404.6864,435.9032,428.1083,455.7708,475.4988,504.3981,490.8449,515.5152,538.1281,512.7273,532.4873,535.8385,522.8373,525.1099,454.9858,485.2021,488.2772,463.2144,501.7796,512.7399,511.7249,507.9233,444.3874
EQR.N,公平住屋,130.1311,135.371,134.6442,143.5898,150.0691,155.7403,170.8829,159.7586,161.9064,167.895,174.3542,169.1796,183.4077,195.8194,204.3202,195.936,192.5736,197.2855,205.1364,219.956,225.0428,242.9732,236.9667,227.8684,252.6982,228.048,218.656,210.4955,229.718,208.883,182.2404,184.2089,196.1678,193.4818,172.3183,171.1315,175.3547,179.1555,197.1753,197.3178,200.9771,184.021,207.5826,202.9184,215.9997,169.8912,148.0043,147.1704,118.1016,86.8612,92.8388,115.8082,123.1442,114.7648,123.9026,140.9908,160.182,150.6859,168.0607,178.1059,168.9845,190.2327,208.2492,240.8031,240.0584,223.116,245.6741,245.5669,256.6595,262.3787,269.6625,282.8818,295.0792,300.0889,309.1007,327.3475,338.7998,330.6612,340.6912,337.1642,287.511,325.2583,305.9135,319.4253,333.5398,318.6411,352.693,346.0469,344.132,353.1566,358.5367,342.0568,327.6536,326.9702,316.149,327.2219,319.831,317.8101,320.2525,337.7018,328.919,340.1758,328.1062,304.0255,316.107,308.967,304.1284,309.9614,330.9362,349.4012,349.5844,358.3255,372.5525,382.8853,392.9132,403.9744,377.2836,426.1748,434.017,443.1157,478.7056,475.1281,483.5702,458.7272,461.5841,439.1886,468.23,445.9482,473.7878,487.6633,503.431,518.1719,489.5927,473.0803,537.5514,487.6866,495.8541,497.2644,490.8393,468.3151,490.4489,470.7791,457.5134,494.6058,467.0167,484.6921,481.9933,500.2753,504.226,513.7659,531.1698,524.0677,518.4776,528.9368,525.4766,505.4562,488.3355,445.6924,492.8692,493.589,511.8257,513.8403,527.8783,546.5957,538.8589,528.2866
EQT.N,EQT能源(EQT),1403.1134,1469.6184,1422.3232,1427.2756,1585.0698,1695.7953,1771.8567,1891.8266,1960.0728,1939.4986,1886.7302,1851.4076,1862.0044,1845.5634,1853.1771,1802.419,1718.6901,1711.0288,1839.2282,1894.3161,1797.6988,2082.4115,2241.4915,2157.2677,2234.7743,2218.0049,2509.342,2700.9702,2712.9123,2584.6201,2456.8493,2576.4118,2716.7815,2949.858,2779.4321,2801.5162,2931.3912,3252.3212,3108.7588,3503.0275,3718.6694,3656.7181,2766.6308,2654.5668,1950.9018,1846.1233,1786.5363,1796.173,1832.5783,1656.4082,1687.651,1811.5449,2018.9712,1892.1419,2080.2178,2162.0217,2321.7072,2281.377,2254.528,2406.2909,2411.7697,2409.8487,2257.8564,2394.9799,2169.0527,2000.244,2030.1315,1814.6579,2007.2565,2084.0734,2265.8754,2510.5474,2698.1106,2772.7199,2806.465,2959.4426,3060.5421,2966.7713,3585.8843,3391.3078,3025.0783,3599.9338,3528.1065,3117.3191,2874.3742,3030.0722,2755.1826,2847.1935,2662.432,3078.6164,3237.6275,3109.7007,3400.1545,3494.091,3473.5737,3411.1118,3435.9809,3650.6187,3920.2634,4346.7186,4623.9625,4594.4404,5007.1702,4963.7865,5137.5075,4957.4168,4930.2132,5200.7349,5376.2553,5927.2662,5618.9951,6315.5024,6195.0154,6196.1747,5438.0272,5743.6019,5307.5845,5452.5371,5276.7591,4390.5327,4317.4538,4630.6055,4808.1478,5218.3518,4937.4035,4720.9169,4460.3204,4518.3994,3760.6879,3836.1687,3323.8133,3028.1438,3586.3725,3239.5437,3909.0726,4074.1301,4258.9995,4502.0386,4236.3236,4159.0605,4224.2094,3839.1328,4078.3219,3805.9682,3528.3769,3486.9674,3557.4171,3385.0774,3219.6913,3413.0941,3710.7714,3633.2824,3802.2994,3644.9387,3475.2081,3318.9404,3165.5881,2935.3622,2771.9947,2928.3607,3008.8887,3221.3908,2900.3025,2980.2997,2583.6663,1984.3352
ES.N,能源方案,99.4772,100.1845,103.4042,98.2527,107.1792,112.8601,116.7556,108.7379,108.9016,99.2943,102.3721,108.488,109.5348,109.0742,108.5738,112.0206,113.4531,115.9207,125.6228,128.982,131.5831,141.4221,159.5785,160.3186,157.4151,166.3793,187.7496,184.3121,175.297,163.4799,157.6001,160.5363,165.8778,178.9994,184.5296,182.952,162.3838,149.3795,144.4924,154.9731,154.9183,151.477,149.2817,160.7874,153.3729,134.8964,140.6113,145.1978,143.6287,133.6399,131.688,128.2113,128.2875,137.6668,141.9863,148.2477,147.9361,143.6364,151.7131,162.2845,159.327,162.6764,175.6397,176.5928,166.558,163.5413,178.6888,187.5867,191.4718,202.5444,203.0205,208.1123,214.9014,224.0705,227.7567,234.3393,233.7878,233.3234,225.5614,232.0453,225.0238,231.176,231.4435,243.0787,234.1831,243.942,252.232,249.8537,246.9947,266.2001,273.5393,260.733,264.6091,272.0151,270.5563,272.9309,284.4543,292.5122,306.2534,319.4309,296.1997,298.6876,315.6762,291.2239,295.8859,307.6496,294.6665,306.8098,317.0151,324.6002,332.2679,345.1205,334.4405,348.216,323.3907,338.0501,329.1789,366.7038,376.2893,400.735,416.1594,390.5815,381.2981,368.0146,374.9072,345.6759,378.485,359.6064,388.8755,391.3339,391.4107,395.5811,416.7273,424.0455,455.5951,440.7575,434.9508,471.6429,460.5408,424.951,430.1693,437.1561,409.8438,442.1125,442.8329,473.3988,474.3673,479.3708,504.7956,493.7352,494.3858,512.359,495.2819,513.31,531.4201,521.5595,520.8165,470.5427,490.7327,501.81,479.5995,492.4549,510.1836,524.5514,520.4705,535.8881
ESRX.O,快捷药方,593.52,602.32,697.52,717.12,739.12,799.68,836.8,925.76,995.2,1206.56,1351.36,1340.8,1460.64,1396.32,1406.4,1249.12,1172.48,1147.84,1232.48,1345.28,1207.2,1019.52,1091.2,1145.6,1112.32,1206.56,1291.52,1528.8,1633.6,1600.32,1604.16,1752,1786.24,2019.2,2168,2336,2159.68,1891.2,2058.24,2240.64,2307.52,2007.04,2257.28,2349.12,2362.24,1939.52,1840.32,1759.36,1720.32,1609.6,1477.44,2047.04,2049.6,2200,2241.28,2311.04,2482.56,2557.44,2745.6,2765.44,2683.52,3072.32,3256.32,3204.16,3219.2,3009.28,2891.52,2726.4,3116.8,3105.28,3333.76,3459.2,3605.12,3598.08,3559.04,3631.36,3811.84,3454.72,3472.64,3004.16,2372.48,2929.28,2921.6,2860.16,3274.24,3413.12,3467.52,3570.56,3340.16,3573.12,3708.16,4007.68,4008.32,3938.88,3446.4,3456,3418.88,3643.52,3687.68,3799.68,3975.68,3951.36,4195.2,4088.32,3955.2,4001.28,4310.4,4495.36,4780.16,4819.84,4805.76,4261.12,4574.08,4437.12,4457.6,4731.52,4520.32,4916.48,5321.6,5418.88,5165.44,5426.56,5553.28,5529.6,5576.96,5692.16,5764.48,5350.4,5181.44,5528.32,5470.72,5594.24,4599.68,4504.32,4396.16,4718.72,4835.2,4851.2,4868.48,4652.8,4513.92,4313.6,4856.32,4402.56,4408.32,4521.6,4218.24,3925.76,3824,4085.76,4008.96,4020.48,4052.48,3922.56,4171.52,4776.96,5067.52,4828.8,4421.12,4844.8,4851.84,4941.44,5085.44,5633.28,6080.64,6206.08
ESS.N,埃塞克斯信托,141.022,141.2768,137.0287,150.6126,158.6439,166.3099,183.93,176.101,181.8488,181.6063,185.2837,187.9352,202.5705,203.1209,223.3549,224.115,218.774,231.2039,242.4473,259.7989,253.1179,277.8876,275.3022,271.2822,302.9545,291.5155,273.7344,272.4237,268.9777,247.8516,229.268,251.027,252.5763,265.1654,222.8653,211.3701,224.639,227.7394,249.3922,260.3762,261.4045,235.1846,267.9779,259.1447,263.5995,216.7517,192.6261,173.4515,149.27,122.9415,131.8026,145.9391,156.5127,145.4326,151.9295,174.3649,188.3873,177.9714,188.7898,200.4408,190.9519,205.8322,218.0435,256.5132,255.083,238.7813,257.313,258.9287,270.4846,279.1844,273.9447,284.8583,289.2975,308.7004,311.9179,340.7955,346.1534,342.9937,355.8474,363.9349,306.9031,364.9908,339.6541,361.9055,370.8946,360.5662,393.1265,409.8884,390.402,402.3081,411.2994,397.2374,390.3389,394.9733,369.932,389.0479,407.9631,395.2557,402.7336,420.0379,420.2786,428.3512,434.7393,386.2762,401.3389,437.4784,412.5068,393.2359,433.9542,458.2866,469.3582,478.2182,499.4711,513.9884,526.9417,537.7268,500.4838,564.9097,566.7296,582.0387,636.8337,626.6354,651.7021,629.1661,631.0653,606.4722,641.8902,612.5227,641.8682,633.3069,663.0417,691.8846,615.8787,604.8102,680.6173,641.5893,661.3216,668.7202,685.6955,665.8177,657.5276,632.1063,637.5094,691.2862,666.9054,697.8274,693.6116,732.3769,769.6743,775.935,789.2961,802.1745,771.5333,797.0456,750.1516,738.4396,712.7715,684.7783,742.2297,739.1766,737.1412,743.1967,747.4867,765.6104,772.9348,785.6859
ETFC.O,亿创理财,55,53.08,48,44.44,49.4,55.96,62.04,64,70.4,74.2,78.08,83.44,95.16,102.32,107.92,99.52,97.08,91.28,93.24,94.36,95.68,93.12,96.28,89.68,97.52,92.36,84.88,88.32,95.8,88.36,74.08,62.32,52.2,44.56,18.4,14.2,19.88,17.08,15.44,15.92,16.4,12.56,12.08,12.8,11.2,7.28,5.4,4.6,4.56,3.2,4.96,5.72,5.76,5.16,6,7.04,7,5.84,6.56,7.04,6.08,6.44,6.61,6.76,5.92,4.728,5.852,4.959,5.828,5.72,5.9,6.4,6.624,6.392,6.252,6.496,6.324,5.52,6.352,4.944,3.644,4.34,3.672,3.184,3.276,3.854,4.38,4.252,3.396,3.216,3.052,3.428,3.52,3.344,3.368,3.58,4.24,4.284,4.284,4.116,4.648,5.064,5.96,5.616,6.6,6.764,7.168,7.856,8.008,8.988,9.208,8.98,8.148,8.504,8.408,8.904,9.036,8.92,9.124,9.702,9.22,10.414,11.422,11.516,11.784,11.98,11.368,10.516,10.532,11.404,12.172,11.856,9.424,9.384,9.796,10.072,11.156,9.396,10.032,10.552,11.648,11.264,13.804,13.86,14.98,13.804,13.956,13.82,13.844,15.212,16.4,16.404,17.444,17.436,19.256,19.828,21.08,20.892,22.164,24.272,25.34,24.464,23.924,23.544,20.956,19.8264
ETN.N,伊顿公司(EATON),834.7429,860.2788,806.627,723.3742,742.02,742.6399,810.085,796.1603,791.5517,732.7614,797.7603,839.9519,828.8093,876.8701,918.4041,964.7207,929.782,953.2984,810.4301,845.8989,875.7916,921.3302,985.8622,961.0494,1002.1057,1041.7166,1074.64,1147.3029,1211.2824,1201.7204,1255.7332,1222.809,1285.364,1201.5247,1164.4944,1264.1108,1083.5121,1057.7985,1045.2041,1152.3877,1275.6222,1121.1173,943.8221,972.2537,746.3953,604.1121,622.6546,667.9362,591.4816,491.4162,501.0678,602.1918,598.0672,613.3282,720.9198,749.1067,785.7637,839.3605,894.3751,890.4561,857.1444,960.8576,1068.7637,1088.3702,993.2907,929.2486,1114.1327,993.7633,1179.8437,1270.5238,1387.572,1461.1248,1553.9654,1604.5803,1606.0288,1551.5675,1506.6166,1500.2017,1398.1472,1261.7878,1042.9212,1316.7248,1329.3508,1288.5023,1451.3041,1556.7149,1486.3212,1437.1053,1282.6891,1191.5839,1318.169,1356.3863,1433.7294,1443.9777,1595.0419,1656.813,1741.519,1895.0296,1885.6595,1890.5853,2048.2559,2040.5044,2137.8632,1975.3319,2147.5339,2214.2361,2280.136,2388.7139,2293.6298,2344.4669,2372.9613,2294.6207,2343.598,2454.5922,2175.3412,2235.8741,2029.6139,2190.3944,2188.1248,2192.3185,2035.2174,2290.7083,2209.1178,2252.6214,2346.3577,2211.9805,2003.3348,1886.9311,1696.4522,1848.9015,1942.133,1737.7682,1686.677,1893.7132,2109.8142,2133.7587,2097.3391,2032.68,2157.9145,2284.7778,2256.2781,2189.6645,2305.3317,2325.4354,2453.336,2494.9298,2591.374,2643.4461,2725.4624,2741.3122,2756.1054,2548.1039,2726.7126,2841.4057,2782.3473,2826.3469,3003.7761,2886.8016,2881.9839,2705.9849,2787.1472,2720.18,3026.9919,3050.3415,3182.0558,2629.5162
ETR.N,安特吉(ENTERGY),270.3227,270.823,276.857,287.2009,283.543,298.2274,307.6617,297.8284,295.4826,281.1697,280.4751,275.0659,278.5118,292.7941,278.3785,282.4165,285.2934,287.8977,313.7373,318.1629,320.5394,351.6797,376.542,380.6654,382.8507,409.4363,435.0183,469.1,470.2441,447.1275,416.3472,434.7143,454.3062,502.8875,504.5663,504.4819,456.6169,436.7459,463.6971,488.2678,516.7556,515.5148,457.4937,445.6059,383.6288,336.3917,370.4243,361.8492,332.3807,296.3276,299.4056,284.8069,331.4471,344.3283,356.8098,354.2711,358.1277,344.0466,356.1703,370.6163,345.5735,347.4496,372.0551,371.7806,347.135,331.1817,358.418,368.4071,357.6128,348.2671,336.6082,334.671,341.0025,340.2401,321.1733,333.1677,329.6292,330.2579,323.0995,319.8657,325.1632,339.2901,349.3036,362.6582,344.4384,334.8277,337.692,329.4507,328.4717,345.5748,369.9061,350.5716,356.8538,373.7439,331.2423,332.3371,336.7683,328.7926,333.968,376.1629,368.173,372.4492,360.7968,342.1787,341.9622,350.2421,339.2612,346.8259,345.5103,354.4667,371.2959,402.6769,423.6222,461.0865,409.0746,439.8316,439.377,477.3886,481.5408,502.088,502.2602,461.0514,449.3381,447.5406,448.3138,413.314,416.3626,387.6737,386.3089,404.4672,400.5744,410.975,424.3215,439.3477,482.3637,457.418,467.1078,500.5166,500.7627,486.3192,477.1773,458.2097,432.6902,462.5309,451.0101,488.544,484.083,485.9948,509.586,494.8257,494.5034,516.1582,497.8381,562.3823,569.6542,536.1258,518.3406,505.5354,525.2714,544.0073,545.5889,544.7797,548.0839,569.7509,552.9835,572.2046
EW.N,爱德华兹生命科学(EDWARDS),40.7,43.01,43.22,44.04,45.71,43.02,45.87,44,44.41,41.38,39.99,41.61,42.94,41.35,43.5,44.44,44.34,45.43,44.24,46.69,46.59,42.93,45.84,47.04,51.16,50.41,50.7,49,50.2,49.34,45.96,48.3,49.31,50.22,49.45,45.99,46.27,43.61,44.55,55.42,57.71,62.04,62.68,59.21,57.76,52.84,49.77,54.95,57.49,55.61,60.63,63.38,63.84,68.03,65.41,61.88,69.91,76.94,82.28,86.85,89.62,91.83,98.88,103.08,101.06,112.04,115.6,115.14,134.1,127.82,132.72,161.68,168.58,170.08,174,172.7,177.46,174.36,142.7,150.9,142.56,150.84,132.06,141.4,165.34,146.26,145.46,165.94,170.74,206.6,202.4,204.22,214.74,173.66,173.54,180.34,179.86,171.86,164.32,127.58,132.92,134.4,142.76,140.76,139.26,130.38,131.06,131.52,130.24,139.52,148.34,162.94,162.4,171.68,180.5,198.52,204.3,241.84,259.36,254.76,250.7,266.04,284.92,253.3,261.44,284.86,304.32,281.76,284.34,314.3,326,315.92,312.84,348,352.84,424.84,394,398.92,458.08,460.64,482.24,380.88,331.4,374.8,384.96,376.16,376.28,438.68,460.28,472.96,460.72,454.64,437.24,408.92,468.8,450.84,506.32,534.68,558.08,509.44,549.24,582.28,569.8,576.96,696.4,590.4
EXC.N,爱克斯龙电力(EXELON),598.9427,619.3884,626.6255,675.9199,645.0598,706.7432,736.8965,747.7991,741.5547,721.989,727.7475,743.1303,802.9835,804.3478,745.0534,760.546,803.1128,806.2338,821.4137,871.0979,864.8125,885.3829,873.3441,890.0258,862.7023,954.7177,994.9742,1091.9954,1136.0494,1057.3999,1021.7163,1035.5444,1104.2681,1212.9951,1194.5789,1202.9779,1121.3452,1109.8971,1205.0947,1267.5217,1312.6794,1341.9163,1172.7597,1140.7796,940.4373,814.5851,852.6995,843.5976,822.5115,723.1013,695.0777,706.4096,742.8217,792.3328,786.9176,782.0658,775.8118,734.2225,761.7127,772.6214,721.2398,692.7713,700.9309,697.4111,625.2656,615.0605,677.5871,667.9581,698.469,669.5985,654.0776,691.7905,706.2444,702.3054,693.5602,709.2006,712.7088,729.5686,750.5156,744.0223,735.2224,765.9358,773.5846,757.1737,694.4978,691.2108,696.2367,692.6854,663.0976,674.5736,701.4705,662.8946,646.7176,650.3529,558.8266,549.9505,581.3868,582.7502,648.3778,705.3553,594.4868,585.7611,580.2601,584.1939,567.9077,546.8315,521.3376,530.6368,561.8279,595.4076,657.0825,685.8641,727.436,720.5231,613.8667,666.5681,679.9314,729.7944,727.4227,745.7239,724.8083,688.2686,681.9784,690.2977,692.8251,643.4692,657.1906,636.0976,614.1775,577.3682,570.8967,580.5127,618.1405,664.7283,756.9755,740.7214,730.0069,774.5273,794.1248,730.7962,715.5354,732.3008,705.7684,770.462,778.9286,804.4589,788.4618,758.878,803.4759,798.1651,848.3962,845.3202,840.8559,897.5528,938.3252,886.5835,866.3367,841.1076,885.8425,901.0569,947.935,975.647,973.3567,1009.1071,1007.9528,1011.4157
EXPD.O,康捷国际物流,1416.1658,1400.2737,1350.8315,1238.8297,1289.7013,1260.1024,1392.6649,1404.3021,1436.4307,1534.8407,1799.9501,1711.4737,1864.3427,1972.0862,2190.1083,2170.3342,2501.4265,2846.2143,2310.6118,2022.9922,2265.3854,2409.1951,2303.4581,2063.0264,2174.5826,2284.6107,2104.7963,2129.247,2231.2243,2110.6176,2283.3509,2257.2876,2417.2448,2588.445,2405.2967,2290.4658,2424.2643,2015.6919,2316.0977,2388.3796,2421.958,2212.0687,1826.7572,1856.5944,1792.2901,1679.6289,1728.3134,1720.0415,1437.7624,1424.3205,1462.5781,1794.4888,1706.2408,1733.8027,1764.4849,1698.4402,1827.9294,1675.5586,1670.233,1818.7912,1783.744,1907.7168,1931.256,2129.5079,2011.0845,1814.9196,2242.4854,2082.6084,2431.2876,2595.8978,2792.6385,2882.383,2674.9148,2523.4049,2647.4635,2864.962,2801.734,2715.2739,2531.2145,2413.4589,2150.8958,2418.7632,2322.0241,2185.9367,2382.8631,2330.8297,2482.1269,2134.7038,2056.0453,2082.9217,1911.9878,1967.8907,1953.915,1967.8907,2026.7557,2142.1215,2323.5655,2104.2079,1935.2213,1946.0538,2130.1933,2076.1607,2200.5994,2213.6982,2404.7224,2471.8538,2387.3674,2431.8832,2245.5762,2171.3832,2177.9781,2266.4602,2518.6705,2443.9571,2389.7207,2285.6754,2245.8283,2360.9422,2609.5431,2486.3673,2434.5332,2692.0319,2685.3436,2554.3648,2574.6512,2589.5352,2632.5022,2750.4509,2642.6121,2796.5071,2746.4075,2551.7713,2552.9029,2590.2459,2761.6842,2806.9485,2769.6241,2797.5771,2819.8253,2889.4225,2939.0532,2936.2009,3031.6127,3044.2588,2993.6744,3240.848,3247.171,3224.1781,3092.9345,3272.5541,3411.6145,3250.5362,3468.3975,3382.6436,3778.1072,3772.8582,3788.022,3788.6052,3691.7905,3724.4509,4369.9193,4288.9514,4469.0757,4299.5125,4314.1806,3941.6109
EXR.N,EXTRA SPACE STORAGE,13.2922,14.2453,14.0643,13.5434,15.0019,15.171,17.0872,15.7956,16.5213,15.6834,16.3709,16.7926,16.7381,16.3564,19.0178,17.3915,16.8051,18.2387,17.8905,19.6537,19.7,20.986,20.9633,21.0399,22.7452,21.8926,22.0691,21.8011,20.8689,19.4913,16.5854,18.1565,18.4671,18.8631,17.1111,17.4505,18.4885,18.403,20.0828,20.8767,20.6534,19.3549,17.8554,19.8463,19.6673,14.7376,11.3317,13.575,10.6679,8.2476,7.5872,9.7904,10.3412,11.4979,12.09,13.6322,14.5272,13.1778,15.1331,16.089,15.8104,15.7129,17.8037,21.0892,21.1173,19.6528,21.9291,21.618,22.8225,23.0502,22.7941,24.9021,27.5211,28.2653,29.8519,31.1853,31.3654,30.9603,30.8587,31.2071,27.2243,32.9235,35.2177,35.6123,38.6841,38.7576,42.6338,44.9439,41.997,45.6326,48.8239,50.8669,49.877,51.7371,52.7271,54.9785,60.1908,56.5648,59.7133,66.267,63.6972,64.3695,64.5537,63.2949,70.8786,71.2504,64.9449,65.8964,71.4177,76.7983,76.4968,82.5206,82.5522,84.7159,82.2977,83.8409,82.7749,93.3524,95.1341,94.8738,106.7816,106.4257,110.1303,107.4573,114.1398,107.2511,120.9,120.8343,127.9346,131.3833,138.8611,147.2792,151.4199,137.1612,157.1335,142.8257,156.3096,156.9684,145.909,136.6307,136.0483,125.3234,120.2008,133.7517,124.7645,137.1284,130.1751,132.1699,135.5648,137.918,140.5702,137.2637,142.7462,145.729,152.4627,157.599,150.4444,153.2738,158.8462,162.901,175.0108,183.108,172.3942,169.1653,160.4739,166.8084
F.N,福特汽车(FORD MOTOR),324.2129,311.4118,278.9166,226.6668,248.3134,254.7825,269.6973,250.3615,247.5992,211.5261,206.6956,196.2719,220.6966,205.0061,204.7489,181.2873,186.765,180.7656,175.2554,219.9232,212.5662,217.5585,213.6172,197.3266,213.6172,207.8367,207.3112,211.2524,219.135,247.5122,223.6018,205.2091,223.0763,233.0608,197.3266,176.832,174.4672,171.5769,150.294,217.033,178.6712,126.3836,126.1209,117.1873,136.6309,57.5426,70.6802,60.1702,49.1346,52.5504,69.1037,157.1256,151.0823,159.4903,210.2014,199.6914,189.444,183.9263,233.5863,262.7518,284.8229,308.4706,330.279,342.1028,308.2078,264.8538,335.534,296.5154,321.6082,371.2683,418.8264,441.1603,419.0891,395.4414,391.7629,406.477,392.0257,362.3347,320.8199,292.18,254.081,306.8941,278.5169,282.7209,327.6185,326.5634,329.0693,298.8353,279.7607,254.063,244.7906,248.7861,262.6372,298.7064,306.4685,346.6172,349.1696,340.0022,354.5622,369.6614,425.8847,420.1809,461.178,442.3266,460.9048,470.1316,469.3073,423.9702,414.3508,426.2606,432.077,450.8062,458.9012,481.2321,478.4953,489.4597,415.8017,399.6501,446.1673,439.6435,421.4934,468.1987,462.4679,456.994,438.7721,434.1443,433.321,405.2705,396.5048,437.1403,422.9723,415.8884,364.314,381.7059,411.9128,418.3069,416.1475,387.7668,394.8254,392.9542,376.4252,370.695,377.6416,383.0094,396.5614,402.0157,373.4607,372.966,361.5852,363.8614,369.5223,363.2648,394.223,409.1211,417.4569,416.4566,374.7826,362.4834,378.5406,389.1591,399.8921,383.2732,352.4986,332.8373,324.7622,341.3183
FAST.O,快扣(FASTENAL),1483.0305,1449.5048,1371.1532,1327.0184,1441.0745,1518.6823,1627.5315,1509.6179,1522.3268,1747.5983,1978.6012,1950.1931,1901.351,2199.0693,2370.8481,2344.3051,2153.4954,2017.7751,1781.3914,1846.9005,1943.0722,2026.1526,1812.1578,1806.6191,1877.1115,1785.8603,1774.7209,2082.0691,2194.4765,2119.5382,2282.0733,2321.1567,2310.9784,2263.6494,2017.3351,2057.0304,2056.5214,2081.3877,2351.1593,2498.5866,2530.8364,2209.3628,2501.1461,2672.6115,2541.8888,2072.0073,1981.9424,1808.0598,1773.2994,1578.0034,1684.6182,2009.7016,1740.4142,1737.7946,1863.532,1915.3459,2047.6211,1825.3987,1961.9068,2203.1768,2194.7112,2370.0117,2563.3731,2921.2518,2694.2392,2680.8855,2621.5951,2438.5978,2865.2312,2773.1172,2906.2711,3253.2642,3152.8046,3400.6306,3548.4127,3686.9646,3646.8471,3955.697,3712.6259,3692.7664,3671.8035,4219.128,4613.4598,4830.5638,5189.5149,5856.5476,6014.4121,5223.6999,4934.734,4497.3802,4832.3258,4828.9638,4817.7571,5033.5692,4708.1326,5316.1343,5672.8847,5895.5522,5861.2957,5623.4759,5982.3236,5249.724,5651.4762,5070.5372,5794.4057,5772.6096,5390.3176,5503.8468,5117.9285,5497.7246,5743.5437,5863.4246,5707.7066,5794.3467,5222.1925,5331.0985,5286.3587,5215.7214,5353.1019,5632.6001,5290.9884,4951.3641,4937.66,5112.9013,4979.7403,5060.1168,5056.775,4655.7121,4422.5641,4765.2478,4938.0428,4967.2476,4974.8635,5555.019,6010.0669,5777.0243,5683.1893,5480.7033,5316.3362,5361.1054,5195.7082,4885.2668,5940.5246,5887.887,6266.2391,6310.3853,6495.7994,5675.2838,5483.4826,5529.21,5498.295,5461.1789,5833.6193,6051.1022,6749.3558,7045.6627,7127.1453,7096.0224,7079.1642,6530.6127,6953.8811,6287.6253,7488.981,7677.0934,7632.3674,6815.7371
FCX.N,FREEPORT MCMORAN,41.9239,47.6299,45.671,40.2248,40.9676,43.4511,47.0472,49.2547,57.4013,58.6893,61.8839,64.4813,77.4071,60.998,72.7355,78.9895,68.4828,68.8616,68.1847,72.7462,67.4984,77.0985,80.1452,72.8238,75.594,75.4625,87.0034,88.6746,103.9115,109.3513,124.514,115.8227,138.9687,156.3302,131.4221,136.0849,118.5274,134.5944,128.4025,152.4038,155.0299,157.0128,130.1633,120.1673,76.4835,39.6117,32.7008,33.3142,34.2684,41.4655,51.9478,58.1363,74.1936,68.305,82.195,85.8481,93.5224,99.9971,112.8648,109.4434,91.0663,102.6323,114.0753,103.3211,95.8248,80.8868,98.3296,98.9481,117.366,130.7038,139.7005,167.0717,151.919,147.9376,155.2018,154.44,146.3705,149.9419,150.8091,134.1506,86.7095,115.4588,113.566,105.5074,133.3434,122.811,109.7681,111.4693,93.25,99.1582,98.9283,106.0975,116.2929,115.1308,115.5157,101.2724,105.3061,95.358,98.8831,91.7579,93.6274,86.0941,89.1931,95.3118,104.332,117.0509,110.4597,120.1714,104.0991,104.7736,106.219,111.4438,110.4062,118.3502,121.6632,118.8847,106.725,94.104,88.6559,77.1322,56.267,72.4007,63.4301,78.1036,65.9534,62.4963,39.8196,36.0579,32.8384,40.042,27.8287,23.0318,15.6494,25.9576,35.1771,47.6286,37.6946,37.8988,44.0905,35.007,36.9462,38.0348,52.2214,44.8729,56.644,45.5874,45.4513,43.376,39.0895,40.8585,49.7379,50.2822,47.7647,47.5606,47.3564,64.5027,66.3398,63.278,59.7739,51.8894,57.6549,58.883,56.4524,48.0701,47.6253,40.01
FDX.N,联邦快递(FEDEX),772.5699,789.7741,759.3667,686.6227,722.7522,655.3597,680.2765,658.8384,705.5652,744.4349,790.5116,837.9225,819.7684,869.1247,915.9758,933.7373,886.211,948.5605,849.9381,820.0673,882.9515,930.5601,937.7907,883.1443,897.6168,928.7569,874.1692,857.9763,908.2637,903.8016,901.9283,893.2951,853.9192,842.425,802.7249,727.6376,761.502,719.151,757.0499,783.1917,749.2074,644.4452,644.8542,677.4077,647.3554,535.395,578.6394,526.3125,417.9323,354.5123,366.1402,460.5351,456.1733,458.7071,559.4875,566.6625,621.316,600.4182,697.5557,690.1487,647.9707,700.9827,773.4189,745.3472,691.357,581.4174,684.5814,647.2632,710.085,728.5223,757.8216,773.5403,751.1682,748.6732,779.0963,796.7519,779.8458,791.0992,724.6252,656.5665,565.4507,683.6707,694.1142,698.8083,765.5847,753.0327,770.6338,739.4598,747.0019,768.9497,757.9539,735.5427,711.4383,773.4012,753.9444,772.3867,854.3243,887.8405,828.0286,792.6983,812.345,832.5137,895.176,906.6613,964.9928,1107.8262,1172.9427,1217.124,1128.6567,1128.7413,1123.4502,1154.7231,1221.7606,1284.7929,1246.6005,1255.0877,1372.0491,1422.6139,1514.2255,1477.4661,1438.7555,1505.712,1409.2443,1444.337,1475.4264,1453.3959,1462.0958,1284.6007,1230.1207,1333.2431,1354.5169,1275.0925,1137.2192,1171.4521,1395.0535,1415.5438,1414.3435,1304.5137,1391.4927,1417.5349,1504.9779,1501.8763,1651.3575,1607.5018,1632.6244,1666.0349,1688.2695,1641.1208,1676.9365,1884.6186,1803.9719,1859.0371,1960.7485,1962.7477,2011.8577,2173.551,2286.2614,2146.288,2095.7714,2157.6556,2174.4141,1987.1011,2151.7156,2134.9129,2112.8366,1933.396
FE.N,第一能源(FIRSTENERGY),55.936,58.6173,59.6264,61.858,63.5666,69.0336,71.4299,73.8369,75.4141,68.7293,68.5812,71.5458,73.1669,75.2843,72.0713,74.739,77.9381,80.5994,83.2608,85.5172,83.7187,88.1999,90.3735,91.0683,89.6033,95.2796,100.8682,104.2182,106.1776,99.2759,93.1718,94.9818,97.919,107.7511,106.7607,112.6468,110.9028,106.0438,107.6598,118.6737,124.3559,130.0752,116.2035,115.6886,106.6902,83.0715,94.2026,78.1216,80.389,69.1785,62.7418,66.4803,62.222,63.8026,67.8366,75.3057,76.2902,72.2187,72.8379,78.5358,73.7509,66.1731,66.9265,64.8377,61.1914,61.2261,65.5187,64.403,67.9467,64.0328,62.8374,66.2558,70.0142,68.5467,66.4236,71.5634,80.9687,80.1158,81.0231,81.3109,82.5237,82.6156,82.709,82.3929,78.5243,83.4182,85.8667,88.1833,89.1667,93.7403,95.7032,84.2148,84.9857,88.1076,82.8501,81.4842,79.0062,78.1102,83.4916,92.1969,76.8134,73.5251,74.9625,74.8609,72.823,75.66,66.1455,66.8549,63.8345,63.1298,69.7955,69.2213,70.122,71.988,64.7104,71.8253,70.4198,78.3282,78.125,82.5947,85.4333,74.7657,74.9367,76.7535,77.0184,70.262,73.3056,69.7331,68.3149,68.0749,69.2923,70.0429,72.9788,74.6995,80.2791,72.7355,74.0205,78.7582,78.7807,74.6468,75.445,78.2047,72.1411,71.4033,69.9047,75.6791,74.2556,69.8684,69.0917,68.9026,75.4006,77.854,73.6721,78.7381,82.4885,73.9836,79.4925,79.0154,83.1214,84.0745,85.0269,88.7076,87.5219,93.2575,92.7335,93.008
FFIV.O,F5网络(F5 NETWORKS),47.94,55.09,50.49,42.78,51.21,47.27,42.18,41.29,43.47,52.03,52.98,57.19,64.61,67.8,72.49,58.56,48.52,53.48,46.34,50.09,53.72,66.19,74.81,74.21,71.41,72.62,66.68,76.78,81.26,80.6,86.69,69.94,74.38,72.06,52.84,57.04,47.06,44.32,36.34,45.26,60.1,56.84,58.3,68.22,46.76,49.64,49.8,45.72,44.34,40,41.9,54.54,63.52,69.22,74.24,69,79.26,89.78,94.06,105.94,98.86,111.6,123.26,136.86,140.66,137.14,175.66,174.86,207.62,235.4,263.76,260.32,216.76,236.02,205.14,202.72,227.16,220.5,186.96,163.14,142.1,207.9,226.06,212.24,239.48,249.92,269.92,267.86,206.96,199.12,186.76,194.98,209.28,165.18,187.36,194.3,209.76,188.86,178.16,152.86,166.42,137.6,175.6,166.76,171.616,163.07,164.52,181.72,214.04,224.68,213.26,210.34,217.1,222.88,225.18,248.38,237.48,245.96,258.38,260.93,223.24,236.23,229.88,244.04,251.38,240.7,268.28,242.82,231.6,220.4,206,193.92,187.56,192.34,211.7,209.5,220.4,227.68,246.84,245.46,249.28,276.42,281.5,289.44,268.06,286.54,285.14,258.26,256.26,254.12,241.5,238.76,241.12,242.54,268.4,262.44,289.08,297.04,289.22,326.18,346.22,344.9,342.76,378.24,398.84,350.56
FIS.N,富达国民信息服务(FIDELITY),35.3027,35.9382,34.9704,36.7987,37.93,38.6575,35.0163,34.7735,40.5288,37.9363,40.7212,41.127,44.0574,44.0019,45.0571,42.2237,40.8237,39.3902,39.7685,40.77,41.2265,46.3186,44.4578,44.7246,47.4356,51.2286,50.7715,56.4339,60.22,60.6798,55.4815,52.9886,49.6569,51.5708,48.3699,46.5971,47.527,46.4851,42.7876,40.4542,45.1884,41.4608,21.2864,24.544,20.7842,16.9899,19.343,18.3739,17.9673,19.7629,20.6158,20.2193,21.8165,22.6652,26.5942,27.8887,29.0259,24.7591,25.7148,26.7269,26.8638,25.7007,26.7847,30.0413,31.4469,30.7034,32.8213,29.5929,31.1145,31.0801,30.8507,31.4693,34.962,37.2139,37.6193,38.1027,37.0324,35.4894,34.6018,32.481,28.0868,30.2349,27.8212,30.7694,33.049,36.7173,38.5663,39.2067,38.1704,39.933,36.8396,36.9099,36.8122,38.7577,42.5663,41.2722,43.9992,44.6395,47.2453,50.143,53.5415,51.3384,51.7219,53.2798,55.9209,58.7025,61.0265,64.9218,61.3177,67.256,64.9283,64.904,65.7786,66.7898,68.8152,69.2423,68.9812,71.5419,74.9726,76.5112,76.7941,83.1413,84.0493,77.1708,77.4301,76.6292,81.1303,85.6313,83.488,90.7565,79.2439,75.7447,74.6573,72.8074,79.4609,82.5862,93.2169,92.805,100.1734,99.9215,97.3546,93.424,97.5568,95.9289,100.7228,104.3373,101.3329,107.1491,109.2873,109.0579,116.4902,118.6612,119.6368,118.8297,120.841,120.9055,131.5324,124.8761,124.1413,122.4268,131.7728,137.0939,133.3443,139.8609,141.4379,134.993
FISV.O,费哲金融服务(FISERV),435.6914,432.1603,453.3469,481.8234,489.683,488.5439,505.402,511.4391,522.488,497.5425,518.3873,492.8723,500.9597,472.7109,484.6711,513.3755,491.5055,516.6788,497.3147,503.01,536.3845,562.6969,582.1748,597.0966,599.1469,603.2475,604.3866,605.6395,674.8945,646.9875,562.9247,529.8919,579.3272,631.0406,584.6808,632.0658,585.1364,599.3747,547.7752,575.7961,596.4131,516.7927,544.6997,590.7178,539.0044,379.9912,388.8759,414.277,361.6523,371.5622,415.3022,425.0981,482.5069,520.6655,540.0295,549.5977,549.0281,522.488,526.7025,552.2175,513.0337,549.142,578.1881,582.4027,541.6242,520.0959,570.6703,569.6452,613.0434,621.0169,629.9016,667.035,703.5989,720.6848,714.42,698.3592,734.9231,713.3948,687.5381,635.9386,578.302,670.5661,656.7834,669.0853,716.3564,755.1984,790.3955,800.647,768.0698,822.6309,798.8245,812.2655,843.248,852.7022,876.9642,900.2011,914.7811,936.765,1000.7803,1037.7998,992.8069,995.6545,1096.2337,1096.5755,1151.0227,1192.9402,1251.7158,1345.2328,1276.8891,1322.4516,1291.4691,1384.6444,1369.3809,1374.165,1404.9197,1468.7072,1472.4661,1582.8413,1628.6316,1616.7853,1652.3241,1778.5322,1808.8313,1767.825,1825.9172,1886.9709,1978.7794,1942.5572,1973.0841,2198.6184,2192.4675,2083.5731,2154.195,2178.5709,2336.9006,2226.1838,2399.5491,2477.0053,2514.1388,2347.6078,2266.0509,2243.4975,2383.3744,2421.1912,2447.3897,2628.9563,2626.9059,2714.1581,2854.035,2787.0581,2927.3906,2818.2684,2937.87,2948.5772,2994.5953,2987.3053,3208.5113,3266.6034,3249.0619,3228.5588,3307.8375,3375.7256,3439.0575,3648.1894,3753.4387,3613.1062
FITB.O,五三银行(FIFTH THIRD),2788.1947,2686.1949,2600.2036,2631.6625,2581.4492,2511.8303,2629.5819,2526.473,2265.4148,2473.1549,2482.4015,2348.4371,2339.0981,2406.3386,2473.9283,2540.5534,2388.4471,2348.177,2423.8016,2500.0618,2444.828,2558.4663,2531.5012,2653.5741,2586.7971,2611.4333,2535.1298,2659.6257,2775.6035,2632.9669,2442.2969,2362.8511,2270.3901,2096.1571,2004.3497,1712.3754,1846.6126,1560.4217,1454.0911,1489.5398,1299.7851,718.0404,985.3659,1113.0332,846.9856,772.2516,680.4355,588.6653,170.3281,150.3733,208.9703,293.4172,493.7997,508.8438,680.8474,784.0495,726.7561,641.382,723.1689,700.1961,893.3783,876.8609,974.5495,1071.9326,934.3026,883.9364,914.1442,794.0324,865.9636,904.1149,860.2049,1057.4235,1071.1095,1051.6609,1004.4849,959.9939,944.8018,926.8547,919.5853,772.0155,739.8785,879.7961,885.6565,937.691,958.7005,1003.2998,1041.3174,1054.6629,989.7891,999.7104,1031.0446,1129.5236,1164.2392,1090.6529,1099.2881,1148.9285,1231.3188,1197.3045,1241.1809,1295.9724,1385.0087,1382.875,1474.0451,1401.2622,1392.0074,1467.9701,1567.0687,1631.1265,1630.3509,1682.7052,1789.6662,1606.8403,1613.0775,1674.6833,1606.4409,1600.558,1580.4777,1578.1093,1588.3722,1618.7233,1374.4252,1538.085,1507.8353,1599.8253,1619.0232,1675.5922,1695.7122,1603.1603,1532.2177,1543.5615,1674.8249,1639.0591,1288.4146,1244.3802,1371.422,1504.5378,1550.5532,1457.0243,1572.1615,1669.9039,1705.4538,1813.816,2168.9105,2259.4933,2186.6064,2298.8689,2139.831,2058.1131,1999.9838,2199.2801,2261.9715,2213.6822,2384.192,2462.5857,2599.7748,2598.8511,2835.2661,2830.9832,2733.5841,2855.842,2632.8505,2486.4583,2563.5645,2549.7027,2434.2835,2353.1989
FL.N,富乐客(FOOT LOCKER),215.6543,218.6984,234.7203,214.1314,212.1234,218.6293,201.3619,175.9098,176.7152,157.1355,176.3732,190.6803,184.358,187.5226,193.7706,188.8112,196.8752,199.4818,222.0525,196.9623,206.3609,190.2099,187.8313,179.8751,185.1207,187.4306,194.2777,197.2925,181.9503,180.7893,154.833,139.3998,127.8874,125.2606,109.7818,114.9134,116.6476,104.8039,100.2879,109.2519,126.1795,107.5246,131.7123,142.4697,141.3327,129.2912,59.5164,64.9109,66.3347,74.8969,94.4548,108.716,101.5841,95.7323,102.7598,98.8646,110.8285,98.4597,89.1586,104.6604,107.3695,123.3466,143.0326,147.4138,143.1882,121.1962,131.9715,114.0062,141.0997,156.194,185.0208,192.3745,176.5179,196.3836,194.901,214.4102,248.4847,236.728,218.0507,209.421,201.594,221.058,238.5525,241.0806,267.1141,296.9405,316.0783,313.2665,325.0434,313.1641,340.0883,356.0524,365.6309,346.8034,371.0279,332.5172,357.4928,355.8276,356.3479,365.0967,359.3381,367.8189,380.3786,339.0033,357.3222,367.5627,411.9456,438.9567,410.8849,443.9899,500.0874,497.7581,515.4091,542.5809,510.7237,602.9183,597.9755,604.3108,618.1212,606.145,576.4884,608.4433,682.4271,646.63,687.4183,728.8591,770.1061,772.7259,785.6065,742.1931,712.0672,713.0531,743.0431,687.3918,709.3884,678.8461,617.856,606.1442,661.8552,728.6846,751.7751,744.2154,798.8306,790.1368,766.9168,846.6967,837.0739,869.0959,667.6104,553.7762,533.7142,398.4478,398.3347,343.4349,489.1207,535.2469,564.8068,527.5743,523.3225,499.1127,625.2811,609.988,569.2167,574.931,594.523,553.6132
FLIR.O,菲利尔系统(FLIR SYSTEMS),121.9,125,121.2,106.4,107.24,119.36,131.56,129.16,118.28,83.84,99.2,89.32,94.8,103.36,113.64,97.8,102.44,91.6,95.96,110.8,108.64,127.76,128.84,127.32,123.64,139.04,142.68,161.96,165.44,185,174.6,196.96,221.56,277.56,274.92,250.4,242.24,227.68,240.72,274.64,315.36,324.56,325.92,285.6,307.36,256.8,248,245.44,199.76,163.28,163.84,177.44,179.68,180.48,171.92,184.16,223.76,222.48,229.6,261.84,236.64,214.48,225.44,244.72,227.92,232.72,238.08,200.8,205.6,222.72,214.44,238,248.32,258.8821,277.3966,282.2857,290.2223,270.6333,220.4565,208.2156,201.6158,211.6765,216.6868,202.2464,207.7321,211.7146,204.7572,181.7008,173.1346,158.2806,165.9917,161.2573,162.6826,158.2439,166.7592,182.4191,194.3072,215.9537,213.3291,199.386,200.5241,222.0089,267.2832,258.1936,259.1841,235.0816,245.6531,249.2133,262.6261,283.5788,299.0286,282.7481,290.8439,289.3443,277.264,282.3491,261.8769,280.1766,265.9556,270.8171,253.1314,271.4845,263.0742,259.7942,257.8249,260.1035,259.8503,242.4995,237.0786,225.898,259.829,238.6584,248.606,264.2779,281.2648,257.8758,266.9829,265.2687,279.2392,265.2822,270.359,283.266,310.0485,312.466,305.0408,318.2544,314.5266,318.4278,329.8287,301.7119,324.8669,332.1007,340.0536,409.183,408.3839,408.7346,448.9768,431.9081,439.9129,471.0525,475.5364,458.5089,517.0025,554.9803,543.7463,409.6452
FLR.N,福陆公司(FLUOR),57.3096,67.168,59.487,55.3338,61.6549,61.9682,68.6503,66.6166,69.4542,68.6128,79.9403,83.5256,95.0825,93.2987,92.9839,100.6892,94.9996,100.9388,95.3993,93.8678,83.7114,85.388,94.8054,89.0976,90.1343,92.1094,98.1314,104.5846,113.8596,122.0427,126.5794,139.3349,158.0262,173.414,161.5275,160.1517,133.522,153.0409,155.4242,168.3175,205.4009,205.1614,179.3839,176.6937,123.0326,88.1991,100.5908,99.3923,86.168,73.6526,76.8449,84.2292,104.4913,114.3622,117.7291,117.9521,113.6571,99.2851,94.949,100.9652,101.6377,95.9438,104.5662,118.7976,105.488,95.8195,108.8735,100.6894,111.9826,108.953,130.7481,150.1321,156.7709,160.3282,167.2025,158.7583,156.4657,147.0398,144.4701,138.3655,106.0757,129.5468,125.2215,114.7826,128.4651,138.1503,137.509,132.2643,107.7263,113.3792,113.9307,118.7065,129.7243,128.7332,122.7163,135.8017,149.8813,143.4745,153.7425,132.0707,146.8815,137.8191,145.3711,147.7604,165.3015,172.8957,181.6271,187.416,177.3087,181.8355,181.9292,177.1779,176.2162,180.4878,171.0292,173.9136,157.2024,156.1433,146.3655,143.1543,126.5321,137.4412,135.4507,142.5123,133.7204,126.0854,111.1959,109.0096,101.1959,114.2426,116.6372,113.3253,107.7334,110.9913,129.4577,131.772,127.7488,119.2774,129.5399,126.1224,124.713,126.3412,130.5545,128.139,135.4097,135.6485,128.8649,125.6812,110.3756,112.6392,106.8571,95.4181,104.1509,106.6001,119.7612,128.3304,150.8161,141.8901,142.6881,147.0021,122.0589,122.1591,128.3447,144.2958,146.0301,110.2389
FLS.N,福斯公司(FLOWSERVE),90.9831,91.129,94.338,101.2301,107.4659,110.3467,123.4745,135.4354,132.5546,127.6317,136.2377,144.2603,167.6715,187.4362,212.7438,209.7535,193.9272,207.4926,188.8949,186.4881,184.4825,193.2708,196.334,184.0449,193.5261,189.2231,209.088,223.054,253.7646,262.3258,264.7805,261.6297,279.6547,289.86,345.4019,353.7055,301.8998,400.4005,384.7469,457.3984,510.5876,504.8258,492.4175,487.9121,328.6386,210.7256,186.3285,191.5801,198.3134,187.7485,209.794,253.8313,275.0275,261.9067,303.0255,323.5848,370.7166,369.4751,374.1777,356.6202,340.1718,377.5956,417.1572,433.4622,359.7683,321.8297,376.3282,339.2115,416.395,380.5474,401.3253,454.8076,476.8194,476.7431,492.6116,484.2739,463.6592,421.5735,381.2538,361.9187,285.0145,357,395.8236,383.7534,425.6757,458.1317,447.6889,445.441,398.3505,446.2224,466.56,496.4248,498.1299,528.3515,540.2842,573.8907,612.8668,627.4486,657.3152,619.7286,658.9613,636.6886,668.1635,657.6718,737.1184,820.7664,843.3325,933.0685,856.1314,961.2392,929.2151,866.4688,874.6531,883.7395,880.0547,902.0442,840.0698,809.9312,701.2891,714.6612,650.8757,742.1344,676.8895,701.3337,659.0356,633.1031,564.9357,542.5739,496.7636,559.7949,558.3459,510.3735,468.6509,509.6457,540.8098,594.3914,586.1106,552.1727,584.9339,591.2906,592.1568,519.8558,582.4594,592.1,605.7781,572.3839,599.1444,629.4605,600.1343,576.9032,511.0495,488.0628,531.5628,550.0346,531.438,525.8216,568.1837,530.9483,545.694,559.2954,520.6321,511.1731,560.8986,659.4639,694.3365,582.7399
FMC.N,FMC,61.373,64.1952,69.5145,63.727,72.1156,73.0129,78.6573,74.0794,74.4175,70.802,69.1503,69.1503,73.3771,79.0865,80.8462,82.9071,84.2245,84.2322,80.7002,79.9546,84.0523,89.9296,92.9863,100.6627,102.3722,96.7966,99.4244,101.4016,110.2724,118.1042,117.7607,118.9102,137.7478,152.2587,144.8973,144.7213,141.0336,150.1865,147.4849,166.8607,196.6288,206.1517,197.9791,195.7696,137.0851,116.1449,116.5717,119.6724,119.3781,108.168,115.734,130.7306,145.8077,127.2307,130.8351,128.3067,151.647,137.7629,150.9461,150.6588,137.6356,154.4685,163.9138,172.3071,163.9408,155.8163,169.5448,168.975,185.9501,198.6983,211.5281,217.4966,207.0696,210.8266,231.6377,240.7745,230.0559,235.0349,239.27,207.4657,189.3481,215.9871,229.7584,235.9659,254.1762,271.4266,290.8179,303.4275,280.0489,294.3664,301.0815,298.9899,305.3128,295.0585,305.7538,323.3803,339.682,332.9956,315.8994,336.2282,347.362,338.9637,367.2755,369.7736,398.8942,404.6785,405.2347,420.4482,393.5364,430.0317,427.4148,429.8712,427.4148,398.2814,364.8815,370.0286,320.7831,321.6806,305.1338,320.7214,323.3646,356.6009,322.8747,334.4925,322.4235,297.2898,274.6041,239.3593,192.7612,231.4157,244.2627,223.3572,203.8926,214.8521,231.3697,247.933,272.1761,266.4548,273.5318,270.0796,279.0872,270.7157,324.0044,327.4874,348.3318,333.6249,404.0108,425.1431,437.5671,425.0457,444.4215,501.6762,520.6408,541.3358,550.3134,552.7912,533.3448,458.304,448.1323,466.6264,509.7014,523.0828,527.0114,501.0361,512.1297,458.6727
FOX.O,21世纪福克斯-B,228.7458,223.9314,229.3968,207.382,217.6729,219.6269,225.8796,222.623,215.9319,197.0869,204.6772,217.3714,216.4553,224.4383,230.459,239.2521,262.088,264.8441,264.0566,260.7756,271.5761,286.0496,283.2865,292.8916,321.7071,313.6809,322.6553,316.458,311.5793,302.4811,298.7891,286.6582,309.1062,303.0271,286.508,280.8254,256.2449,252.5446,252.4299,245.2707,246.5965,203.5084,193.6976,190.3831,161.7887,141.4153,109.0575,127.5667,96.4074,83.3578,103.5684,122.668,151.0485,142.1712,161.6743,170.0136,189.0837,183.8126,185.029,215.1688,198.4095,212.8712,230.9312,241.5207,208.5305,188.0304,200.792,191.2887,205.492,219.5462,207.948,224.049,226.2322,251.0659,255.1338,258.9704,258.4223,247.7346,226.0852,238.1431,215.0095,246.0205,246.0205,250.5688,268.3484,279.6502,276.4069,274.6076,268.5175,311.7017,320.9753,325.9581,344.3078,338.3356,350.2801,364.4469,392.2248,406.5305,428.3993,433.4131,449.0115,457.0893,417.6754,437.1734,466.9821,475.5807,461.8089,483.7599,436.782,455.0978,436.7517,439.5585,483.6267,480.3988,444.3303,483.346,469.1574,467.1855,498.0308,519.5802,448.5939,479.4391,465.178,471.8274,473.1007,455.8405,474.2325,391.3267,385.1041,439.306,426.0756,387.3803,385.5308,386.3844,403.3413,430.8028,418.2162,389.7535,386.6069,355.4266,356.5138,380.291,404.3564,392.684,446.8672,422.9459,460.7313,432.896,389.9834,404.0459,415.9339,392.8829,376.5314,371.5674,454.7868,498.1485,532.7503,531.7283,533.5594,529.1583,559.966,722.8065,651.6554,658.6972,674.927,665.4998
FOXA.O,21世纪福克斯-A,17.7513,17.3754,17.7192,16.0018,16.8919,16.9443,17.1537,16.9757,16.3962,14.9869,15.5758,16.3541,16.575,17.1219,17.532,18.1125,20.1285,20.2446,20.3079,20.0863,20.8069,22.0775,21.8128,22.7446,24.6188,23.8564,24.5467,23.7716,23.4531,22.5188,22.4233,21.4783,23.4135,23.0728,22.434,21.8164,20.0703,19.6018,20.0297,19.1217,19.1751,16.0665,15.0944,15.1265,12.866,11.4173,8.4772,9.7541,6.8568,5.9662,7.1848,8.9648,10.6144,9.8873,11.2114,11.6347,13.0544,12.5741,12.5087,14.9427,13.7639,14.5934,15.8108,16.9299,14.4832,13.1226,14.3186,13.7809,14.4111,15.978,15.0511,16.0662,16.5738,19.1669,19.4843,19.7503,20.3266,19.6173,17.7553,19.1407,17.2591,19.5336,19.4444,19.8904,20.9941,22.1537,22.0699,21.9523,21.4988,24.9588,25.7762,26.1905,27.5346,26.8885,27.6863,28.6639,31.1696,32.3662,34.3776,34.8959,36.1805,36.71,38.1297,39.98,42.9291,43.6606,42.9035,45.0557,40.7641,42.9675,41.1078,41.1721,45.531,45.1967,40.722,45.5439,44.2439,44.489,47.4825,49.5534,42.7859,45.16,43.8539,44.165,43.5429,42.1757,44.6963,35.4952,35.1602,39.9951,38.4573,35.3948,35.1472,35.2123,36.5302,39.6486,37.8405,35.4427,34.9055,32.1539,31.9788,34.6855,37.115,37.0226,41.4325,39.5048,43.0196,40.5624,36.0201,37.6405,38.6499,36.6443,35.2809,34.9733,42.7169,46.1808,49.3505,49.2435,49.3033,49.1286,51.8028,66.7725,60.4701,61.0077,62.5078,61.4149
FRT.N,FRT信托,47.18,50.19,48.35,53.5,55.2,59,65.31,61.92,60.93,60.65,62.98,60.65,66.82,69.69,75.2,68.23,68.38,70,72.55,74.07,74.3,80.15,85.18,85,93.42,90.49,90.62,90.17,88.62,77.26,75.14,84.07,88.6,88.22,83.19,82.15,73.85,71.68,77.95,82.15,80.62,69,72.61,75.88,85.6,61.27,57.84,62.08,50.63,41.13,46,55.2,52.65,51.52,57.05,62.37,61.37,59.03,64.32,67.72,64.38,68.96,72.81,77.39,73.7,70.27,78.19,79.29,81.66,81.98,77.39,77.93,80.43,84.18,82.2364,88.2861,88.3265,86.5597,88.7546,92.0166,84.4278,90.9333,90.5952,93.68,97.5098,98.4286,100.6298,104.6533,102.1789,108.9586,113.7423,112.9573,110.9771,113.6435,109.6492,110.3956,112.3378,112.7198,115.4556,125.0413,115.1457,111.5732,113.3488,104.7182,109.9904,112.3214,112.2346,110.7968,119.0894,121.6132,126.2174,129.32,131.4984,133.9102,135.217,138.1849,132.1344,147.0143,147.9736,149.816,161.3896,159.4363,166.2578,150.9658,151.8693,145.6087,155.4986,146.7341,156.2028,164.2619,167.7305,168.3047,173.7536,170.5626,180.8713,176.2698,177.5564,193.0358,197.8748,185.3983,180.6202,170.4117,164.7677,167.9354,165.9501,166.3046,158.9833,155.8751,146.1694,151.7036,159.1934,152.3518,150.293,145.8281,159.9729,161.9107,147.2691,138.906,142.7684,142.4487,146.1867,156.9081,155.6062,161.942,158.0704,155.0458
FTI.N,TECHNIPFMC,30.63,34.54,33.18,30.33,31.55,31.97,36.25,40.21,42.11,36.46,41.09,42.92,51.82,46.92,51.22,54.58,66.74,67.46,63.02,58.82,53.7,60.45,60.01,61.63,61.93,65.78,69.76,70.88,75.6,79.22,91.52,94.7,115.32,121.26,111.16,113.4,96.32,113.32,113.78,134.4,143.7,153.86,123.56,107.12,93.1,69.98,54.94,47.66,59.18,52.98,62.74,68.46,83.24,75.16,87,95.4,104.48,105.2,108.94,115.68,106.34,112.34,129.26,135.38,116.3,105.32,126.56,123.7,136.58,144.2,168.48,177.82,188,188.1,188.96,185.92,178.52,179.16,182.4,177.84,150.4,179.28,209.44,208.92,204.44,201.72,201.68,188,160.96,156.92,180.48,187.36,185.2,163.6,163.44,171.32,189.4,207.64,217.56,217.2,222.64,222.72,213.2,214.52,221.68,202.2,192.4,208.84,197.76,200.96,209.16,226.8,232.24,244.28,243.2,247.36,217.24,224.16,191.08,187.36,149.92,159.72,148.04,176.4,167.16,165.96,131.04,139.12,124,135.32,136.08,116.04,100.6,98.12,109.44,121.96,108.92,106.68,101.52,112.8,118.68,129.08,137.04,142.12,134.48,129.28,130,120.52,115.8,108.8,114.16,103.32,111.68,109.56,115.1239,125.8565,130.4791,115.8475,118.8982,133.0691,126.2416,128.6327,131.9154,124.7127,127.237,107.0827
GD.N,通用动力,1059.9147,1081.4722,1098.9236,1082.3996,1112.5894,1132.7359,1191.1616,1184.9571,1236.2477,1206.6385,1185.888,1183.2942,1211.4437,1283.3849,1332.2133,1371.2072,1329.8327,1367.8638,1405.4196,1416.5338,1502.9308,1495.6176,1574.2901,1563.9827,1648.6773,1611.3369,1611.7588,1662.2105,1699.0544,1656.2816,1669.6736,1669.6736,1795.2817,1939.9665,1893.4722,1897.951,1808.9781,1751.6249,1784.1536,1943.0463,1980.2225,1809.3839,1923.5358,1991.7248,1588.6325,1308.6756,1121.0091,1249.4468,1238.6566,956.7766,908.0862,1137.6641,1252.8177,1227.7557,1227.7557,1311.9852,1431.9014,1397.8446,1469.186,1519.7937,1498.4653,1626.2327,1730.464,1720.9726,1530.3043,1329.1966,1390.2542,1268.1389,1425.6632,1556.4993,1510.1151,1621.3915,1733.0585,1749.6076,1759.721,1684.3696,1716.7524,1734.7485,1586.2287,1491.7161,1324.3403,1506.6763,1550.5691,1558.7844,1634.0819,1730.2461,1733.7902,1606.6533,1523.5834,1569.9978,1521.7644,1571.4185,1586.0508,1645.5362,1607.3466,1686.9514,1614.6222,1655.2921,1717.1494,1815.8353,1892.9273,1923.1257,2110.1888,2058.5097,2164.0933,2156.2976,2281.4988,2378.3244,2536.4983,2742.5528,2727.0299,2756.364,2974.7073,2935.1687,2956.4362,3120.4998,3217.7227,3556.7791,3699.2946,3502.3178,3405.4101,3547.8028,3469.8319,3528.5136,3601.489,3658.6009,3850.1939,3667.3801,3562.0297,3855.4216,3800.4108,3564.2799,3489.2967,3554.5074,3426.6944,3686.7808,3722.2004,3674.045,3875.9011,4016.5407,4094.1168,3997.2735,4649.8734,4578.5408,4822.6483,5055.1517,4985.6404,5184.3482,5437.426,5299.6511,5274.49,5409.3545,5522.9953,5474.9102,5587.6559,5487.5873,6025.1488,6024.3363,5982.3596,5475.3676,5486.2471,5070.1072,5459.9784,5286.1425,5595.5485,4738.4973
GE.N,通用电气,3488.8337,3420.3646,3503.9303,3517.534,3544.7415,3387.787,3373.1212,3286.1045,3313.6999,3337.3199,3515.4547,3474.1056,3246.1329,3282.4208,3473.1547,3454.1812,3421.2271,3316.0297,3288.8656,3426.6981,3576.987,3557.7341,3574.9604,3798.4077,3679.9945,3591.6278,3637.9249,3792.2487,3866.3241,3966.7703,4016.5103,4027.9091,4319.0328,4293.9949,3994.5837,3900.3708,3720.4508,3518.6158,3929.5103,3471.8991,3261.6741,2865.2784,3037.0448,3048.3586,2803.4598,2144.9216,1887.6629,1815.2718,1359.2128,981.5978,1166.1521,1459.1319,1554.8694,1362.9862,1558.3631,1616.511,1920.8755,1668.1903,1874.082,1781.4745,1893.3318,1902.7808,2156.3269,2234.5234,1937.1398,1719.3218,1922.0158,1726.4757,1951.8502,1924.2241,1901.4024,2231.4987,2457.2108,2570.0392,2463.159,2512.2993,2412.7902,2336.0206,2218.3526,2020.1748,1903.2463,2089.5694,1989.5301,2261.3598,2362.3697,2426.5737,2556.5005,2494.0847,2431.6689,2677.2258,2665.6639,2660.5252,2939.7374,2726.1501,2735.2114,2741.8844,2910.3947,3058.0045,3044.8348,2935.5263,3071.1742,3078.4449,3235.0885,3071.8075,3195.7938,3496.779,3566.34,3779.9453,3388.87,3464.7299,3521.8633,3657.8951,3644.2919,3604.4049,3449.421,3563.2587,3543.5592,3569.8385,3663.8908,3528.0554,3335.3875,3661.9341,3495.6747,3815.5127,3842.2833,3775.4982,3708.713,3526.8297,3615.7397,4146.2011,4292.4364,4499.3156,4203.213,4242.6859,4628.517,4477.0965,4401.3862,4618.1044,4568.2265,4582.8965,4379.1558,4302.2767,4547.6986,4707.048,4424.0293,4475.8317,4474.3302,4352.7125,4110.9786,4089.6357,3877.659,3717.1624,3697.721,3082.9634,2796.9941,2686.9621,2489.8669,2190.6475,2092.8368,2184.4373,2185.9898,2131.7747,2134.9073,2026.8306,1785.2414,1597.0716
GILD.O,吉利德科学,264.8,276.4,286.4,296.88,326.4,351.92,358.48,344,390.08,378,405.52,420.56,486.96,498.16,497.76,460,458.64,473.28,492.16,507.2,550.16,551.2,527.68,519.44,514.56,572.48,613.2,653.76,662.16,620.7984,595.68,581.92,653.92,739.04,744.64,736.16,731.04,757.12,824.48,828.16,885.12,847.2,863.68,842.88,730.08,733.6,716.64,818.24,812.32,716.8,741.12,732.8,689.6,749.44,782.88,720.96,744,680.8,737.76,692.32,772.32,761.76,727.52,635.36,574.72,548.48,533.12,509.28,569.76,634.72,584,579.84,614.08,623.68,679.52,621.44,667.84,662.56,677.76,638.16,620.8,666.56,637.6,654.88,781.76,728.56,781.76,832.32,799.2,820.48,869.28,923.04,1061.28,1074.8,1200,1175.2,1262.4,1367.04,1566.08,1620.48,1743.36,1640.64,1964.8,1928.64,2011.84,2277.6,2393.92,2403.2,2580.8,2649.28,2267.52,2511.68,2598.72,2653.12,2929.6,3441.92,3406.4,3584,3210.24,3016.32,3354.56,3312.96,3140.16,3216.32,3592.64,3760.132,3785.1825,3374.4198,3165.8799,3486.3692,3416.4032,3276.6925,2687.6715,2825.2932,2988.9086,2870.1462,2832.7279,2729.5671,2600.32,2564.6544,2604.5497,2423.8245,2426.1288,2372.5055,2400.3355,2335.0675,2267.5671,2288.6002,2166.408,2382.0633,2560.7685,2817.2156,2743.735,2538.5137,2532.418,2442.6686,2857.2813,2684.4124,2588.7247,2480.2173,2314.3659,2452.0935,2694.0491,2621.3585,2693.3426,2378.346
GIS.N,通用磨坊(GENERAL MILLS),928.2483,917.3875,860.9814,870.8131,872.5759,824.8046,841.5899,818.8634,855.7939,862.7859,849.7351,881.7365,875.0268,886.5474,912.2888,894.1568,940.3688,936.2006,946.9297,989.4412,1032.6825,1043.206,1027.233,1057.5267,1057.7871,1040.7856,1075.8974,1113.9328,1138.8521,1086.4099,1041.2671,1046.1346,1086.0106,1088.1492,1133.7636,1074.3895,1034.7451,1062.6445,1136.4735,1153.9205,1207.4135,1160.9893,1238.8396,1273.2786,1322.1472,1311.7108,1223.2178,1176.3571,1153.8068,1023.6987,972.9819,997.2216,1006.8613,1102.0784,1168.1001,1184.3595,1276.5623,1316.6332,1358.1775,1414.3021,1434.2347,1448.3136,1423.7761,1441.2881,1442.7058,1438.8576,1396.114,1476.1253,1491.6376,1544.8981,1453.175,1463.8691,1441.575,1539.3932,1514.9387,1611.451,1661.1562,1554.6451,1572.9368,1596.5203,1620.9461,1635.7458,1696.0302,1715.559,1703.6969,1638.6801,1687.4427,1676.3712,1650.0769,1661.2843,1682.4023,1709.7902,1732.3961,1756.7733,1796.6601,1771.6761,1852.9996,2043.4247,2178.6221,2242.8499,2094.2755,2158.7764,2331.2012,2211.0546,2148.2915,2278.4097,2278.8616,2255.3635,2186.6253,2278.1521,2359.6611,2433.5471,2521.2135,2411.5157,2319.621,2469.0203,2333.4971,2423.1387,2459.9801,2487.0282,2466.4255,2527.9921,2660.0549,2621.4055,2659.7745,2639.4058,2778.473,2709.2617,2679.1906,2795.785,2778.9458,2774.1346,2740.0579,2853.5199,3071.7159,2995.7398,3066.067,3483.1458,3534.3641,3481.7592,3140.5645,3070.5299,3019.0076,3060.1264,3119.353,3014.01,2946.1111,2895.0791,2856.3169,2788.8607,2827.2248,2705.3178,2629.126,2662.2967,2900.2215,3040.2075,3023.8313,2613.3471,2329.5237,2285.9157,2210.1366,2313.0917,2433.6384,2430.9966,2267.7325,2340.0592
GLW.N,康宁公司(CORNING),432.9561,453.9311,440.4754,544.1632,620.544,657.7449,753.9134,789.9271,764.9946,795.072,801.404,778.0545,963.6636,966.0382,1065.3727,1093.4713,959.7061,957.3315,754.7049,879.7635,966.0382,808.5276,853.248,740.4578,824.7536,816.4427,899.9471,938.7311,989.3877,1011.1542,943.4801,926.8129,977.5755,962.5053,965.5492,953.6239,960.3816,925.3338,957.599,1063.9546,1091.0312,919.8343,798.5199,821.632,625.6244,433.2169,362.3922,383.3072,406.6354,426.3806,536.31,590.8706,596.1426,651.2959,689.4166,613.4642,622.8207,594.3443,680.6424,787.9619,737.7706,721.5041,827.0901,787.8023,715.4296,662.8909,743.7513,645.5943,752.6444,752.6444,729.1016,797.6355,916.9505,954.175,853.6266,866.4538,835.8998,752.9321,660.0082,625.6794,514.5308,594.8742,555.154,543.0218,538.4199,548.5238,592.2711,603.6286,549.6135,547.0749,482.7629,510.5816,559.9789,500.3614,525.0359,541.7786,515.1619,545.3234,576.46,627.057,668.9249,619.3104,661.091,615.3688,639.4751,749.0493,753.1126,785.7417,758.8448,854.1068,922.8077,926.7968,948.5068,977.4519,875.031,933.4138,865.399,914.1727,945.1149,1030.9936,1068.7622,1102.4273,1024.7152,945.6477,950.5739,896.502,848.7916,787.7189,783.5995,851.3406,862.8069,842.0774,857.2791,849.1321,969.3098,866.3003,975.8972,956.7436,1038.0294,1066.336,1111.452,1067.2759,1135.8383,1147.1825,1252.1163,1312.4371,1283.4409,1371.3803,1390.5532,1435.9492,1392.4646,1381.753,1437.4843,1504.2658,1563.7999,1544.4878,1507.3119,1412.5154,1354.2273,1312.4542,1328.6842,1345.3111,1622.589,1647.498,1735.5022,1570.8015
GOOGL.O,谷歌(ALPHABET)-A,195.62,187.99,180.51,220,277.27,294.15,287.76,286,316.46,372.14,404.913,414.86,432.66,362.62,390,417.94,371.82,419.33,386.6,378.53,401.9,476.39,484.81,460.48,501.5,449.45,458.16,471.38,497.909,522.7,510,515.25,567.27,707,693,691.48,564.3,471.18,440.47,574.29,585.8,526.42,473.75,463.29,400.52,359.36,292.96,307.65,338.53,337.99,348.06,395.97,417.23,421.59,443.05,461.67,495.85,536.12,583,619.98,529.944,526.8,567.12,525.695,485.63,444.95,484.85,450.02,525.79,613.7,555.71,593.97,600.36,613.4,586.76,544.1,529.02,506.38,603.69,540.96,515.04,592.64,599.39,645.9,580.11,618.25,641.24,604.85,580.86,580.07,632.97,685.09,754.5,680.2976,698.37,707.38,755.69,801.2,794.188,824.57,871.218,880.37,887.75,846.9,875.91,1030.58,1059.59,1120.71,1180.97,1215.65,1114.51,1068.7245,1142.1933,1168.2081,1157.978,1163.5926,1175.6809,1134.6406,1097.097,1060.2927,1074.0593,1124.1708,1108.3261,1096.4776,1089.5843,1079.0345,1313.7271,1294.3858,1275.5041,1473.3524,1524.2232,1554.5138,1521.2261,1433.0515,1524.3231,1414.3896,1496.2503,1405.698,1581.148,1578.1709,1606.5634,1618.2321,1550.2579,1583.3658,1638.7921,1688.2243,1693.9587,1847.2502,1972.269,1857.5602,1889.1696,1908.6307,1945.5549,2064.0801,2070.334,2104.7607,2362.1513,2205.7029,2072.2721,2035.1881,2197.8704,2256.1939,2452.0642,2461.2153,2411.8231,2179.0487
GPC.N,通用配件(GENUINE PARTS),488.7513,499.7202,505.7533,498.8921,499.5899,481.3595,536.4189,536.7703,505.9873,523.3253,522.6176,521.7231,505.2114,528.8505,524.6062,522.4517,515.3899,502.6599,502.4186,498.6782,524.6624,553.736,570.4016,581.0785,582.1811,597.0051,604.8689,609.93,633.5076,616.7277,591.6109,617.7224,626.3518,614.7016,601.9241,584.445,554.5285,520.6989,512.523,541.0673,560.8189,510.2098,515.7388,545.441,521.7994,510.6393,508.0439,496.5735,419.9758,369.0855,397.4259,451.9954,445.6068,451.7101,476.7453,498.5502,518.0956,476.3049,487.7395,522.433,518.5795,555.4636,587.2183,595.0034,564.5581,554.1856,601.6672,589.0242,632.4598,678.8412,682.8127,734.1144,739.977,753.4182,773.5628,774.4281,790.2916,791.4945,773.4531,800.5152,745.4709,842.7637,858.4655,904.8587,943.0047,926.7409,935.2114,965.466,938.9373,905.4017,962.2053,949.1314,924.5065,947.9865,986.009,970.5674,1038.498,1084.2938,1199.5532,1173.8705,1195.5547,1209.0907,1269.8007,1192.6742,1261.5586,1229.4309,1291.9707,1305.8903,1291.1345,1382.8089,1372.3177,1376.584,1364.1012,1396.7097,1317.4886,1395.7552,1404.4558,1554.4928,1645.764,1716.0793,1496.5976,1547.1605,1510.3485,1456.2165,1466.265,1460.9761,1451.5114,1362.4136,1362.9455,1492.3505,1490.2129,1421.925,1426.5605,1492.4501,1656.6318,1600.1102,1615.9496,1699.6742,1716.2932,1726.0296,1697.2218,1530.6254,1625.9199,1625.2307,1646.8347,1628.1226,1583.4149,1576.7324,1587.0132,1601.1443,1465.9895,1429.7411,1664.1967,1535.0975,1617.5678,1665.0537,1823.8305,1609.4993,1586.9147,1560.0657,1603.6953,1633.8563,1732.112,1777.3238,1782.0035,1755.4707
GPN.N,环汇(GLOBAL PAYMENTS),58.3072,56.5441,65.6796,65.9546,70.6227,69.0941,67.5043,67.0751,79.2502,87.3873,89.3254,95.0995,103.9137,106.2632,108.2023,96.8126,95.1198,99.1426,86.8698,77.7411,89.9181,89.3052,93.618,94.6401,77.1838,78.675,69.6561,77.6729,81.9279,81.1299,76.526,80.8262,90.5303,97.3682,88.5224,95.2814,76.3767,81.2926,84.7558,90.6986,96.8076,95.5365,90.8007,98.8783,92.0075,83.0857,74.2219,67.2861,71.226,62.9925,68.5977,65.8259,73.8778,76.9595,86.903,87.2313,95.9874,101.1875,105.3992,110.7452,91.4995,88.0633,93.6997,88.0633,86.8293,75.2013,77.6503,77.4858,88.317,80.2245,85.6197,95.1994,97.3213,98.907,100.8237,109.7272,107.1295,105.1502,97.7484,94.533,83.312,94.7187,91.2717,97.7719,103.2198,106.5629,98.0577,95.8488,87.7353,89.2843,88.4375,86.0621,86.434,88.335,90.7753,93.6488,101.8353,99.7049,102.7037,95.9616,99.2298,95.8366,95.8159,98.6298,105.7295,123.1165,130.5485,134.5654,136.843,145.6655,147.281,138.4164,142.0417,150.9297,143.5127,150.704,144.8184,166.8272,179.0139,167.3436,180.9832,190.4569,190.0837,207.9144,216.4578,214.5292,232.4464,231.0353,237.9629,282.9296,293.9441,267.6406,244.5731,252.919,270.9698,299.5191,322.427,296.2394,309.8519,315.2477,318.6098,301.0107,284.572,288.1421,320.8129,330.8596,334.9699,339.4539,380.3494,375.0464,391.8637,396.5144,394.6448,431.6881,417.61,416.323,464.2516,470.9384,463.211,469.5661,461.7157,463.1256,467.6118,517.501,529.2566,474.5446
GPS.N,盖普公司(GAP),4868.7899,4723.2589,4836.192,4737.4489,4659.7858,4392.2558,4694.7099,4227.6852,3876.3048,3853.1877,3875.4862,3943.4264,4044.024,4144.6216,4194.2138,4061.7413,4086.4396,3924.8196,3913.5414,3791.7367,4274.4444,4760.9549,4240.0132,4434.5617,4359.5153,4364.0636,3913.785,4100.4794,4230.6896,4363.1842,3945.5901,4303.446,4230.0397,4353.8354,4699.3779,4902.0962,4415.5718,4665.3789,4552.0405,4325.3815,4239.4313,3872.4011,3763.806,4541.3168,4151.394,3038.0431,3056.8255,3143.6938,2664.4058,2548.6648,3068.3184,3691.2183,4239.9129,3895.4942,3898.0209,4693.3891,5111.3754,5116.6261,5135.8075,5023.117,4593.3898,5175.9895,5563.5869,5978.8937,5270.5169,4704.7825,4400.5103,4104.0651,4529.2939,4644.8331,5219.0234,5409.6058,4729.7235,5529.874,5561.7818,5732.6384,4785.4211,4464.7485,4788.047,4100.4943,4030.9944,4722.0215,4669.5546,4662.4472,4770.5255,5871.416,6570.1547,7197.3555,6692.2779,6942.3825,7482.8531,9089.0402,9078.8906,9094.3073,8773.5115,7935.0992,8354.3506,8415.7044,9049.6943,9751.717,10408.8477,10711.7438,11823.1049,10416.6963,10375.4829,9576.2999,10606.6776,10117.3776,9908.6326,11383.9989,10423.8399,10280.7555,10785.6374,10874.5803,10547.9006,12136.2655,10963.4,10016.5652,10468.6192,11132.1604,10946.1507,11055.1073,11514.851,10591.5339,10241.5109,10198.76,9805.5998,8819.1263,7660.6248,7377.2546,7244.4532,6694.2759,6762.6687,7564.231,8042.9797,6391.2674,4960.2632,5850.8497,7188.824,6932.3789,6199.2805,7770.9288,7032.9863,6385.0018,6552.8784,7062.1989,6911.3945,7526.1235,6463.274,6382.8122,6916.8902,6855.9357,8571.3709,7603.1299,9451.9864,9963.9324,9790.1599,9301.241,9189.3198,8682.2044,8308.0739,9617.5308,9029.5418,9083.4138,8634.4806,8242.2931
GRMN.O,佳明公司(GARMIN),55.9785,52.1618,47.1441,40.2027,45.139,43.5106,55.8665,58.9301,69.0368,58.4517,56.5702,68.1204,63.8699,70.6563,81.5494,88.6643,95.7793,108.2535,97.5246,96.0154,100.1632,109.6703,105.582,115.4784,104.192,113.6112,112.3456,120.7274,133.4662,153.4664,174.0683,212.8712,249.6006,224.5151,224.4106,202.7743,150.8265,122.7307,112.9056,85.4997,101.7007,89.5552,74.5666,72.6643,70.9501,46.9308,37.2507,41.9316,38.3444,37.4476,46.3938,55.0995,45.6283,52.1028,60.5023,71.8984,82.5509,66.1894,66.9354,68.7723,72.379,71.5725,86.5366,87.2149,78.3487,68.0827,66.5194,62.0863,70.8125,76.6222,67.5694,72.3057,71.9324,79.212,79.002,79.8653,79.5153,78.9486,77.9925,80.1437,76.8582,83.1965,88.5188,97.3343,101.9553,115.3782,115.8411,116.2109,105.9288,95.5014,96.2995,100.6394,105.2821,95.8486,98.0935,103.8876,96.5963,87.597,85.3329,90.5742,90.187,94.6188,104.8472,106.6522,119.4581,123.5819,128.3666,123.2523,120.2103,143.1851,148.6919,153.643,158.5133,165.1872,149.2313,147.3665,142.2896,151.8413,156.8224,145.8629,144.5653,137.0278,132.4863,125.9902,126.7987,123.8496,118.1547,106.0319,102.5936,101.4213,108.2265,107.7628,101.9934,117.4461,117.3584,125.1999,124.8768,126.1064,161.5125,145.9053,144.5622,145.3134,156.7317,147.2049,146.5978,156.6766,156.6804,155.8527,159.5314,157.9931,155.3924,159.4483,168.7503,177.0049,194.1082,187.8349,198.4611,186.7943,187.3796,186.5529,191.0681,195.6355,200.2859,218.5345,226.4132,213.8401
GS.N,高盛集团(GOLDMAN SACHS),112.5477,113.5391,114.7809,111.7073,101.9895,106.7176,112.6892,116.5686,127.4726,132.7686,135.4898,134.1765,148.6798,148.7219,165.2161,169.0723,159.2206,158.6721,161.5085,157.1734,178.87,201.0569,206.3643,211.1844,225.1306,214.0842,219.2625,232.3457,245.3229,230.3688,200.5335,187.4052,230.7722,264.3819,241.6889,229.3293,213.1747,181.2118,176.6823,204.8158,188.8047,187.1886,197.354,175.8321,137.2599,99.4944,84.9628,90.7712,86.8344,98.5015,114.6588,138.9706,156.7521,159.8639,177.0603,179.79,200.316,184.9079,184.7477,183.8548,161.9455,170.6359,186.2206,158.4671,157.8349,143.6225,165.0122,150.1913,158.5821,176.735,171.6389,184.8521,179.8614,180.4197,174.7134,166.3523,155.4271,146.9892,149.0656,128.7456,104.7401,121.3567,106.6024,100.5639,123.9617,128.4297,138.725,128.4408,107.2561,107.4354,113.084,119.0068,127.9672,137.7719,133.1559,144.2005,167.1486,169.8717,166.9112,165.6862,184.4273,172.104,186.6461,173.6721,180.613,183.6383,193.4958,203.0251,187.9752,191.2873,188.2994,183.668,184.2831,193.0816,199.3431,207.1792,212.3382,219.7643,218.6325,224.9219,200.0659,220.9252,218.8067,228.6429,240.7644,243.8003,239.4566,220.9839,203.5958,219.6951,223.4101,211.8998,189.9492,176.5691,185.3662,193.7855,189.0902,176.1664,188.2958,201.7089,191.9603,212.1598,261.831,285.9019,273.8067,296.9563,275.0012,267.9143,253.7539,266.5341,270.654,269.662,285.8725,292.2483,299.4054,308.0138,323.8884,318.784,305.3624,288.9582,274.8318,268.3711,288.8849,290.3054,273.7399,275.1193
GT.O,固特异轮胎橡胶(GOODYEAR),71.44,66.9056,61.7697,54.9218,66.5817,68.9415,80.5551,77.7327,72.1341,72.3654,79.2596,80.4163,72.3654,66.3041,66.9982,64.7772,58.8547,51.3591,50.8964,62.9265,67.0907,70.9311,77.964,97.1196,114.2393,113.9154,144.3144,153.8922,164.1177,160.8326,132.8859,127.9813,140.7054,139.5024,133.0247,130.5724,116.599,125.3902,119.3752,123.9096,117.5707,82.4984,90.8269,90.7344,70.8385,41.2723,29.7513,27.6229,28.5483,20.5436,28.9647,50.8501,52.9785,52.0994,78.7506,76.2983,78.7969,59.5951,63.4354,65.2399,61.7234,60.104,58.4846,62.1399,55.0606,45.9918,49.3695,42.753,49.7397,47.2874,44.2336,54.8293,54.9681,65.6101,69.3116,83.9791,82.0357,77.5939,74.8177,57.6517,46.6859,66.4429,64.731,65.5638,60.1503,59.5025,51.9143,50.8039,48.3516,54.6442,52.9785,56.4487,56.4025,52.7934,58.2995,63.8981,63.6205,60.0809,58.3226,57.8137,70.0519,70.7876,85.5985,93.0941,103.8795,97.2613,103.2445,110.6191,109.973,124.8933,121.4537,117.3466,122.7949,129.3607,117.508,121.1952,105.3983,113.3856,128.2666,133.6949,113.7171,125.3984,127.0404,133.3628,149.7245,141.7552,141.9491,140.2531,138.1801,155.0415,164.6726,154.2389,134.4566,142.5496,156.0851,137.424,132.6803,121.7225,136.3289,139.5624,153.59,138.4864,146.4053,147.264,155.0102,167.7403,172.2867,173.8716,154.6272,167.7767,151.646,145.8228,160.02,147.8828,156.488,156.1979,168.9997,140.461,129.0067,122.5448,119.2262,113.6626,118.8423,111.3809,114.8171,104.1518
GWW.N,固安捷(GRAINGER),742.4571,763.9579,757.7519,672.8136,664.7028,669.5912,761.6157,789.0986,771.9229,821.7323,864.7088,875.4207,873.3276,914.6899,930.8736,950.2694,894.7639,932.8311,769.8987,832.2193,834.9602,906.7204,905.1023,874.8322,971.2713,970.3444,969.7167,1037.2604,1110.0296,1173.0636,1101.3309,1159.5705,1154.2543,1138.1791,1122.1386,1112.2262,1008.781,940.263,975.1112,1106.845,1170.3785,1049.0572,1147.9353,1159.8163,1120.3956,1012.1822,913.9231,1021.0245,944.7455,861.5882,913.9399,1092.3522,1032.3104,1072.2513,1177.4074,1151.3977,1176.2765,1233.8003,1292.3442,1280.8361,1313.2439,1350.6692,1436.639,1468.7946,1358.7542,1328.0403,1495.7647,1419.343,1598.0523,1664.062,1683.4316,1861.032,1771.558,1802.1984,1862.673,2050.9967,2052.9622,2088.0231,2016.2706,2103.8635,2041.6077,2338.8245,2560.9898,2564.9635,2613.6073,2855.7542,2953.086,2856.9915,2672.7883,2639.5251,2827.0965,2853.7503,2887.1429,2790.7062,2698.9436,2815.0975,3030.017,3161.8148,3141.1512,3441.1927,3607.6399,3533.9288,3673.5034,3478.6309,3680.5841,3782.6859,3639.869,3604.588,3309.0744,3613.4989,3580.059,3604.7139,3676.7053,3618.3607,3346.2757,3519.6537,3597.5664,3528.2313,3527.2677,3659.4971,3385.9932,3416.7847,3400.9202,3582.9295,3482.6661,3429.3385,3314.2785,3254.6816,3131.8881,3058.9113,2937.4297,2967.4573,2881.0365,3195.9834,3439.55,3455.611,3382.7114,3366.4163,3241.9811,3436.2189,3349.5164,3100.433,3454.8018,3479.9745,3784.4441,3733.271,3504.4207,2901.2798,2611.2439,2736.289,2527.2743,2483.2058,2745.625,3019.8056,3401.5697,3631.1999,4144.7169,4040.0622,4360.1161,4345.9052,4794.5728,4785.4179,5377.5435,5515.4057,5567.4334,4423.4466
HAL.N,哈利伯顿(HALLIBURTON),331.3892,354.2715,349.4638,336.0508,346.3451,387.511,454.2031,503.4709,556.4165,479.9214,517.8961,504.1452,647.838,554.4959,595.4307,637.2625,609.4744,606.3694,545.1686,534.2674,465.969,529.8452,553.8813,509.7218,484.9334,508.7839,522.2769,522.7706,593.0431,569.1235,594.1979,572.171,635.1942,652.0665,607.1089,628.667,550.0629,636.6604,653.7821,763.1614,809.0338,883.8086,746.4161,733.2026,540.4741,330.2248,293.6815,304.9189,289.3207,275.0371,260.8721,340.9718,388.2548,350.4961,374.0318,402.9649,460.9197,496.4405,498.9898,512.9691,497.967,515.5385,515.1965,524.0881,426.0528,421.2484,512.7047,485.5435,569.1926,548.3664,651.2927,704.4313,776.3754,811.3985,861.5276,872.5905,868.429,883.1481,947.7391,769.9575,529.617,648.3122,640.3081,600.4628,639.9601,636.6541,578.9406,596.9071,524.3433,496.7047,579.6347,574.7378,591.0536,566.4921,585.0887,610.2578,715.6324,730.2335,713.0764,754.721,738.4867,738.3982,799.8134,851.7407,854.4024,940.9961,934.7854,903.1426,872.1777,1014.3671,1050.7665,1125.3497,1153.363,1269.969,1233.8426,1211.8601,1156.2948,988.3444,756.4043,708.1213,720.0044,773.118,793.368,885.0356,820.8502,781.8226,758.5876,717.6432,644.6934,699.9529,726.7619,623.6192,582.3988,594.6379,658.007,760.9818,780.3023,837.8353,807.6814,795.6568,833.7236,854.5295,986.2385,1008.1652,1054.3891,999.8268,920.3419,858.0631,845.1585,801.9633,796.8936,731.7376,868.3135,806.2507,788.1412,925.7066,1017.1976,879.2981,892.6213,1007.6694,945.8667,860.0996,809.7076,761.4153,777.1383,664.9681
HAS.O,孩之宝(HASBRO),1546.4459,1666.3743,1613.5111,1499.9135,1599.802,1648.1607,1746.5627,1647.8509,1564.2643,1507.0833,1633.4735,1614.275,1702.9909,1629.8908,1694.9579,1592.7614,1498.214,1463.4657,1520.9562,1651.0915,1850.3612,2118.3191,2186.1511,2227.0137,2330.76,2320.0911,2348.8152,2607.4968,2652.0412,2590.9989,2324.614,2340.3769,2312.9992,2490.01,2316.5017,2133.8176,2180.5153,2163.7227,2342.5636,3002.7416,3060.1618,3016.2522,3286.22,3174.1897,2946.7344,2486.1557,2290.4425,2492.9928,2078.5552,1971.7418,2159.5267,2313.1848,2204.7271,2103.2108,2316.9282,2482.1732,2426.2172,2401.9637,2611.596,2823.8708,2708.041,3171.6435,3393.2507,3422.2627,3581.9564,3666.71,3783.159,3622.4981,3994.98,4173.8765,4301.1234,4257.8053,4001.184,4074.6918,4250.7475,4278.5241,4178.0464,4012.7148,3640.9265,3565.4573,3001.2794,3530.1753,3321.4813,2957.89,3265.9497,3304.3066,3435.2813,3471.4002,3346.6793,3200.2266,3418.4125,3579.6944,3642.203,3468.9921,3707.0696,3493.6163,3636.6696,3894.5549,4276.0306,4649.1628,4365.5217,4399.8727,4553.3318,4511.7579,4666.1752,5151.2001,5367.6203,5486.3024,4937.4201,5544.5458,5590.7839,5597.8205,5439.793,5373.9482,5103.2092,5379.5692,5618.6385,5921.8228,6093.7234,5660.3691,5697.0898,6464.2052,6560.1595,7391.169,7531.0782,7808.8082,8268.3224,7832.5396,7575.2702,8115.5081,7720.4541,7115.1976,7896.3575,8065.3829,8515.0544,9050.6385,9334.0056,8981.1334,8741.0674,8795.9479,8536.6106,9031.2758,9245.6617,8422.7664,8989.3377,10553.8377,10875.2356,10859.1416,11532.976,12217.767,11663.2484,10822.7631,10758.873,10260.544,10308.1953,10072.1552,10543.7137,10655.2048,9398.7001,9892.5926,9742.1093,10366.5027,11257.7957,11223.8901,11880.5289,10436.5402
HBAN.O,亨廷顿银行(HUNTINGTON),643.2638,630.1017,675.0829,663.502,658.7001,687.9767,710.7763,683.7018,646.3236,669.047,689.1817,689.2829,673.3205,697.9896,707.7268,708.3134,689.8356,698.931,721.7544,709.0089,716.7466,731.1234,728.1282,718.5962,704.3756,700.4422,668.8622,678.964,687.5352,704.5201,594.8454,533.1922,534.3325,563.5981,493.7383,472.5045,430.5681,391.1927,351.8399,307.3281,291.618,192.2306,233.875,243.8696,270.4163,319.829,270.7547,263.6586,99.1301,50.2535,57.5671,96.7544,135.9416,145.31,142.1813,158.52,164.1368,132.773,133.1215,127.5392,167.3734,168.0722,188.6875,236.647,215.6428,194.258,212.4916,185.7549,199.8472,198.7936,204.94,241.6773,254.6934,240.6219,233.9385,239.2233,232.5293,231.488,213.3148,177.1448,170.7392,184.2561,186.746,196.8207,205.0663,209.5477,232.5488,241.3889,235.9766,232.4431,225.7241,239.3438,251.8708,233.606,225.2042,234.9465,255.9042,258.478,272.4379,265.0447,286.4849,292.8499,318.1534,306.618,309.1788,329.3914,343.2408,363.1178,341.2931,358.6023,377.1211,346.4824,350.6432,362.7695,373.4168,374.1773,371.8297,378.7084,386.3513,404.4315,385.2095,420.578,427.1114,419.7674,430.2036,439.4499,453.4377,423.9079,414.151,428.6072,456.7382,434.81,337.3119,343.9952,377.7907,398.383,413.8273,356.6639,379.0052,399.3518,396.1975,425.9324,500.6715,534.4149,546.9466,571.6057,544.4137,522.8648,509.8542,552.9983,541.9547,514.9592,574.5864,568.0009,592.6966,603.8823,671.0725,651.1643,630.6037,622.6689,620.9985,620.8334,649.4355,681.8232,633.1845,608.1457
HCP.N,HCP信托(HCP),198.4206,195.6912,182.2568,199.108,214.6608,213.4766,219.9504,217.6909,216.2487,203.9099,213.9644,208.1816,226.0187,227.3123,235.008,226.8985,219.9643,224.9272,230.6471,257.1372,265.341,268.332,314.2018,318.9664,357.3429,321.394,315.5266,309.9219,289.7705,256.5981,241.6085,274.3404,299.1411,306.9871,305.6621,317.8155,277.5174,270.6336,313.5751,331.1041,321.8507,298.8345,338.8544,344.8018,382.0236,284.828,200.1761,268.9351,226.0334,180.3764,176.2299,216.7084,234.2549,213.6832,259.7678,292.3212,294.9898,303.7143,326.5552,318.626,295.7776,305.4707,350.2617,345.9058,343.1058,347.3058,381.9825,384.1901,392.4804,392.8076,363.9106,406.5676,409.8829,425.4573,424.7855,443.5952,430.1246,415.9534,416.4069,428.6124,403.0888,458.16,449.8721,482.2303,489.2141,465.2945,464.8233,488.2647,486.9503,526.4166,562.9021,552.6928,536.0614,534.4947,549.1217,550.4625,571.84,602.5337,614.6139,657.0181,589.8524,565.7006,546.155,513.2056,515.9776,529.4777,469.13,463.3887,499.4952,501.731,501.9898,541.7194,547.321,542.4705,544.4369,575.6657,527.5717,584.1684,602.577,592.2202,636.0685,576.9445,588.5215,548.751,535.0798,503.9866,533.9743,519.7516,522.4163,521.7151,506.0788,544.6792,511.9187,428.0462,471.4586,489.547,483.5155,520.4374,577.0706,587.1788,566.576,511.3367,490.2723,493.4268,503.3883,551.0376,525.662,526.8384,533.1315,543.6784,538.405,513.4303,479.3279,445.0533,461.7264,455.4397,420.5133,384.137,412.3615,414.6691,432.2951,465.6595,467.1023,494.5081,481.5188,504.0214
HD.N,家得宝(HOME DEPOT),2021.7183,1960.9589,1878.4501,1737.4681,1932.9763,1915.6662,2142.6899,1990.5055,1882.8839,2026.0502,2067.5464,2003.214,2006.678,2085.8564,2100.8182,1983.1128,1893.2197,1784.647,1730.7934,1709.8504,1816.4476,1869.5337,1913.0365,2023.375,2052.597,1994.6568,1861.899,1919.1648,1969.8425,2005.5055,1894.4,1965.0439,1663.9526,1616.2499,1477.0239,1393.2431,1584.5942,1373.0737,1459.648,1502.9625,1427.8144,1232.4104,1253.9855,1427.1123,1373.7846,1251.7411,1226.2712,1234.5924,1154.6818,1120.3577,1279.3434,1429.2155,1257.6228,1295.0084,1421.6046,1495.5894,1472.1043,1386.4526,1511.8909,1611.9036,1560.6436,1738.382,1815.8801,1977.5411,1900.6399,1586.7047,1611.5764,1585.9593,1806.0097,1761.5435,1735.5684,2014.2016,2112.4413,2152.6564,2143.6369,2148.8427,2098.5199,2110.7968,2035.6194,1959.7037,1929.7622,2101.7793,2320.606,2487.4625,2626.5095,2814.6667,2995.1181,3083.2274,2954.7023,3173.2808,3124.7743,3415.927,3633.8241,3694.6185,3934.3719,3739.6789,4046.2297,4141.7624,4242.3543,4459.3965,4782.224,4733.2195,4828.5315,4551.1491,4658.6325,4783.9273,4954.6722,5082.0883,4743.2413,5062.9549,4912.0576,4935.6464,4980.341,5055.0459,5048.1777,5838.0286,5757.0756,6119.7952,6237.7732,6618.7753,6584.0956,7235.4431,7200.4225,6780.2236,7061.6238,7080.6543,7456.5732,7420.2556,7395.9207,7917.8425,8573.6069,8506.7104,8089.2545,7983.7648,8629.8066,8659.5578,8589.3291,8301.3279,8987.2,8764.0664,8408.5898,7972.7389,8500.5351,8807.9733,9037.895,9519.4169,9704.2473,10316.9176,10204.3709,10197.0588,9944.4589,10021.3202,10936.7261,11085.1703,12084.894,12737.4594,13501.586,12249.5475,12047.022,12490.4043,12679.2785,13260.398,13424.8786,13715.7179,14151.5713,12015.3433
HES.N,赫斯公司(HESS),279.8039,324.2044,311.6273,303.3353,300.7441,345.9902,382.8598,412.8753,447.6618,407.2908,398.8911,413.8838,505.198,451.382,465.7405,468.586,490.5975,519.758,520.2498,450.2275,408.3331,417.9943,495.5796,489.6319,533.2908,523.1169,548.9821,561.6501,586.0955,584.5306,606.738,608.4234,660.6378,711.0818,707.2091,1002.712,901.0092,926.3603,877.5245,1056.8508,1222.1455,1256.7807,1009.8864,1042.8521,818.3956,600.3363,538.817,535.9053,555.5871,546.3956,542.4489,548.3538,666.4515,538.8348,553.3708,507.1563,536.9144,549.7699,582.1093,608.6833,581.4183,591.5798,630.3369,640.4142,536.1139,508.2436,541.0563,507.335,597.9756,637.5237,708.5283,775.231,852.0046,881.4784,864.0844,871.6899,801.4153,759.1749,696.2149,602.5874,533.6057,636.3396,612.5379,578.8091,573.7139,661.5543,601.6731,532.1669,446.024,444.503,482.4571,516.9329,550.5724,535.6089,508.4493,543.8286,689.6437,682.8664,736.3856,742.247,693.1958,684.76,766.8405,770.857,799.0586,838.9392,838.216,860.274,782.4348,829.4907,861.7093,927.0029,949.2527,1030.8704,1031.8086,1053.9083,985.724,886.3365,762.1804,774.3916,707.9882,787.6093,714.5511,809.621,710.8662,706.695,623.5357,628.185,531.3937,596.6767,626.293,517.2016,453.4048,465.14,564.4998,639.2304,642.5541,647.1912,577.7339,584.7335,580.5046,519.3361,605.838,677.0477,588.8978,559.116,526.7855,533.5602,501.4351,481.95,489.3105,427.3502,518.1935,488.0236,507.0318,527.695,561.4888,504.9064,565.6056,636.7812,675.1065,750.4767,736.34,755.5255,806.1857,646.4803
HFC.N,HOLLYFRONTIER,502.7379,626.3457,620.554,570.6033,636.5382,778.8246,781.3278,940.1966,1069.4762,962.8295,1016.6543,985.7279,1232.3692,999.6255,1242.9577,1294.1047,1399.082,1619.8586,1700.5155,1539.8739,1459.0909,1601.5316,1818.7284,1733.3792,1776.8823,1870.6332,2003.2066,2148.4645,2367.7024,2510.6151,2280.5007,2255.4589,2028.3838,2129.0741,1642.5739,1729.3548,1645.4187,1814.3103,1480.2001,1414.3907,1447.4659,1263.5902,978.153,1095.2028,994.6526,675.1393,625.6131,631.7604,809.8871,807.8078,739.4647,731.0934,843.7571,631.947,747.5813,802.7624,906.2637,1026.1792,900.2503,912.2626,928.9916,914.0423,998.6298,966.0696,926.7113,956.2389,961.6353,935.7326,1039.9605,1183.9272,1300.041,1480.7608,1782.2156,2075.3169,2212.6494,2108.499,2269.0945,2533.3597,2752.0171,2659.0841,1948.3713,2280.5307,1767.1194,1786.1797,2239.5946,2490.7284,2499.2306,2395.8409,2329.8687,2813.8362,2969.4986,3240.5462,3372.3486,3156.6229,3749.4241,3868.2147,4339.3807,4670.111,4337.4585,4168.8498,4216.1219,3667.0292,3904.4689,3854.7686,3674.0689,4018.7037,4230.7091,4408.904,4108.1154,4043.3439,4294.8983,4747.1354,4492.0399,4011.3961,4316.2218,4668.3022,4075.7834,4234.4105,3852.2785,3565.1332,3416.7445,4184.3705,3860.4537,3717.6159,3992.7463,4125.6925,4663.9944,4560.8263,4753.5373,4766.19,4679.5674,3908.1101,3426.087,3313.419,3493.7377,3521.4343,2678.7403,2379.4341,2544.6031,2622.3606,2482.5284,2528.1259,2948.382,3357.2817,2968.8782,3034.7105,2937.2847,2916.5558,2508.5675,2883.2782,3027.0748,3326.0096,3821.0337,3925.1375,4760.4103,5481.7495,5132.8525,4617.6391,5267.7527,6543.1828,8357.7275,7410.2007,8076.1767,8107.2236,7604.6019,7336.9721
HIG.N,哈特福德金融服务,160.8611,172.7018,164.5648,173.7099,180.2154,180.1913,194.143,176.7187,186.6856,192.927,212.0842,208.4916,199.6072,200.9364,196.4727,224.2301,215.4768,207.2929,207.881,211.3718,213.5628,214.5968,212.3706,231.0669,235.029,235.3727,237.9116,251.9006,258.0556,246.3997,229.7913,223.6472,232.8033,244.0725,241.1202,220.5547,203.6318,178.0605,193.0135,181.5504,182.4145,165.731,162.7023,163.3452,106.1433,26.7236,22.9232,44.5442,35.7005,16.6665,21.4478,31.3384,39.3134,32.5418,45.2076,65.1637,72.8009,67.3614,67.3307,64.0275,66.0369,67.2211,78.3924,78.8062,69.2973,61.1707,64.7088,55.8835,63.5938,66.3647,61.8175,73.5645,77.1469,82.4885,75.0479,80.7329,74.5502,73.7669,65.5146,53.819,45.3834,54.1283,50.2442,45.9723,49.5652,58.59,59.9261,58.4194,48.087,50.4027,47.0292,51.5498,55.8912,62.4176,61.1843,64.8242,71.6417,68.204,74.839,81.4816,89.1388,89.9828,89.8082,86.5776,91.0235,98.5698,104.6543,106.4167,97.6637,103.3619,104.0295,105.7992,102.6456,106.0819,101.194,110.2887,110.8841,117.8199,123.4761,124.6421,116.3008,122.4596,125.5862,122.433,123.9921,125.3795,143.4158,139.212,138.6969,140.1511,138.9137,132.2784,122.2951,128.1999,140.9314,135.7321,138.7955,136.368,122.4485,126.8577,132.2631,136.2477,146.2545,147.8996,151.1897,151.7484,149.8971,150.8014,154.7362,164.6989,172.312,170.1185,174.3974,173.2018,181.5085,177.8429,185.6797,167.0043,163.5893,170.956,166.9457,163.1174,168.1261,161.6531,160.3373,145.767
HOG.N,哈雷戴维森,2027.9427,2087.6576,1952.5856,1589.5183,1657.4666,1682.1971,1803.9529,1670.6659,1648.3998,1685.4922,1832.8409,1758.2266,1827.8864,1793.0565,1777.7673,1742.1297,1708.2055,1888.7477,1961.3522,2013.3108,2166.3723,2369.3726,2546.8252,2440.2036,2364.023,2280.5706,2040.876,2199.6301,2122.1637,2079.3092,1999.4297,1876.2966,1622.3746,1808.0998,1685.9214,1650.6592,1436.1548,1313.177,1335.9777,1362.6973,1480.9758,1302.411,1359.1625,1428.8447,1350.9002,886.5962,616.0539,626.3698,449.5689,372.7952,499.728,827.0331,633.3372,608.27,848.0507,899.8344,866.6298,938.9746,1097.9823,953.056,860.0196,934.5305,1065.9192,1284.6472,1147.1828,846.9569,1037.4555,926.9663,1087.3542,1172.232,1195.9366,1329.4312,1520.3908,1568.9359,1633.1231,1432.1056,1433.1221,1580.0596,1673.3899,1490.9715,1328.5697,1505.4285,1422.9976,1509.3326,1715.9096,1814.8801,1912.2867,2038.9153,1883.3636,1787.5927,1689.8673,1640.2228,1662.3267,1834.5621,1842.4088,1921.982,2063.2868,2079.6961,2106.1714,2159.5172,2163.3651,2174.4715,2251.8196,2379.1463,2556.6414,2548.6818,2667.2806,2764.1402,2462.7355,2648.4374,2670.4877,2964.3576,2867.2622,2811.3175,2488.1267,2558.1581,2352.3493,2655.4871,2816.3522,2674.8904,2504.0318,2592.6653,2477.2454,2292.492,2193.4985,2310.7803,2390.7452,2298.4781,2264.1272,2039.3641,2017.5064,1884.307,1660.5481,1808.7536,2150.6444,2004.0001,1959.1767,1913.1431,2234.9565,2225.6653,2235.9603,2424.3099,2588.85,2494.732,2439.1415,2426.3638,2603.6717,2444.8693,2297.1679,2340.9358,2109.0957,2037.1602,2105.3808,2067.387,2192.2862,2237.9964,2131.5508,2011.4675,1900.6551,1823.0863,1836.9149,1881.6305,1917.8501,1905.7769,2042.6869,1723.4325
HOLX.O,豪洛捷(HOLOGIC),71.4,73.9,63.75,71.16,73.62,79.5,91.18,96.46,115.5,110.92,142.22,151.68,205.84,191.32,221.4,190.68,157.96,197.44,179.64,172.72,174.08,192.6,200.12,189.12,221.8,220.2,230.56,230.2,216.0804,221.24,207.2,212.6,244,271.72,265.56,274.56,257.44,241.24,222.4,233.52,192.24,174.4,147.76,169.76,154.64,97.92,112.48,104.56,94.32,90.56,104.72,118.88,101.36,114,117.52,131.68,130.72,118.24,115.76,116,120.56,138,148.32,143.04,119.2,111.44,113.12,113.44,128.08,128.24,131.2,150.56,159.36,161.44,177.6,176.16,172,161.36,148.56,133.12,121.68,128.96,140.88,140.08,163.12,165.84,172.4,152.96,134.08,144.32,148.16,157.04,161.76,164.96,152.64,160.0808,190.72,174.56,180.8,162.92,166,154.4,181.6,170.72,165.2,179,179.12,178.8,170.88,174.24,172,167.88,195.52,202.8,208.56,198.96,194.64,209.52,214.4,213.92,242.92,259.04,264.2,269.92,286.16,304.48,333.28,310.48,313.04,310.88,322.8,309.52,271.52,277.04,276,268.72,275.28,276.8,307.92,307.36,310.64,288.08,306.24,320.96,324.24,324.64,340.4,361.2,346.48,363.04,353.68,308.8,293.52,302.8,333.76,342,341.6,310.64,298.88,310.32,303.12,318,343.28,318.08,327.84,311.92
HON.N,霍尼韦尔国际,247.5458,262.6243,257.3676,247.3385,252.0256,254.8081,273.2422,267.738,262.2825,239.2017,257.0185,262.0125,270.2422,289.6012,302.4724,300.5629,292.7639,286.5076,275.1326,276.9165,292.5073,301.2325,309.0002,325.2482,328.4834,335.3275,332.8704,391.5527,420.3204,408.4896,417.4171,409.4166,433.6243,440.4783,414.6571,450.9085,432.5997,423.4543,415.2119,437.1427,440.703,371.663,375.8024,372.8632,308.7994,226.3042,209.2424,246.5696,246.4194,203.4769,211.2884,236.6945,253.887,240.4117,265.6779,283.9095,286.9216,277.1902,299.403,305.0844,300.726,315.0042,355.0856,372.3418,337.7246,308.1924,338.4352,310.6461,349.457,374.6682,397.8305,425.441,448.2496,466.1571,480.6465,492.882,482.0762,482.4,429.8614,389.8533,358.0518,427.2812,444.5741,446.2161,476.5112,492.1532,504.3806,501.1585,462.8492,464.3461,482.7236,489.1663,500.046,512.5157,516.8405,534.8748,575.0725,594.2102,638.7124,623.3698,668.5055,676.0034,707.0174,681.3695,711.0836,742.6816,761.7897,786.4052,785.2003,816.7482,802.219,803.4297,809.5564,807.8183,798.0845,831.5617,813.1368,839.3333,869.756,877.2183,858.2552,906.8227,920.3219,890.4121,923.829,904.058,931.365,884.4264,843.6218,920.1527,931.5051,928.0999,924.7843,913.3737,1009.8029,1029.8097,1031.1871,1053.744,1053.8346,1062.7173,1061.6246,1004.3904,1049.5713,1067.1654,1089.9181,1152.9941,1156.4207,1214.4871,1237.8556,1240.648,1266.9893,1293.2596,1325.715,1348.3496,1466.1795,1441.7369,1501.0572,1427.4881,1365.14,1366.7459,1404.3496,1367.7003,1515.8164,1517.5955,1587.6266,1443.31
HP.N,赫尔默里奇&佩恩,213.3001,225.8156,223.8417,216.792,234.3421,265.1394,322.7784,336.2387,341.7276,313.4908,328.8069,350.8521,444.0764,373.1569,396.1352,412.7023,373.4858,342.2484,314.4187,279.1371,262.068,272.537,302.9036,278.9632,305.8677,309.9145,346.4556,368.7229,387.5457,405.0418,370.1639,360.6151,375.9604,362.1038,396.2427,459.5498,451.063,514.6904,538.1115,617.1003,719.8493,827.5107,679.4045,656.9205,496.7156,394.5893,292.1995,262.1269,258.7855,273.2213,262.9438,355.9037,404.4399,357.022,397.385,387.5597,457.8672,440.3772,435.4877,462.51,485.1252,470.5108,442.1779,471.6719,438.1313,424.6431,471.2702,431.3336,471.1598,498.1763,528.9421,565.3244,684.8494,758.6122,801.8014,774.3704,732.3699,772.5637,806.7986,667.0903,474.9889,622.1652,667.2892,683.6902,722.9357,718.9816,632.7742,602.7482,532.1223,510.7435,546.2183,536.869,560.0424,562.2774,614.9571,659.8419,757.9759,782.3889,716.7372,692.1768,730.7723,739.176,748.0532,751.7445,822.2205,924.7745,924.2393,1009.2213,1056.7536,1193.7768,1300.2798,1313.4567,1336.9132,1411.8144,1292.0455,1286.0679,1198.1673,1062.8883,858.3222,832.0357,735.0348,836.258,848.853,972.3089,918.5081,886.1671,726.6017,750.9454,601.4181,716.0769,750.0906,689.5682,654.1562,692.007,767.1257,863.8003,808.1784,887.2121,819.0158,808.0259,899.44,843.4422,1022.494,1046.1472,961.8066,933.5029,908.9263,827.9599,727.7504,750.9676,699.558,594.2565,731.3818,762.2595,831.9734,918.0396,1022.995,926.762,955.6201,998.5483,962.2963,924.3147,889.3775,961.5797,1008.5075,913.4787
HPQ.N,惠普公司(HP),786.7783,835.3746,884.709,825.4327,907.6937,951.256,996.1686,1123.2185,1184.8921,1137.821,1203.9639,1164.8769,1268.6295,1334.9497,1341.8657,1324.3276,1320.6568,1295.5682,1304.9742,1495.1381,1503.7805,1587.8021,1617.3121,1691.6321,1777.4663,1616.0652,1651.8041,1734.1062,1881.0156,1839.3752,1897.4998,2034.3605,2055.8656,2133.9051,2112.4339,2087.5777,1808.0209,1975.5068,1891.4472,1920.0301,1949.4416,1834.4627,1858.9443,1946.9122,1922.1162,1591.2329,1466.5281,1511.8746,1447.7168,1209.4164,1339.6211,1503.4176,1435.3083,1618.4496,1813.166,1879.7465,1980.332,1990.8189,2057.9345,2164.1645,1977.6203,2133.9141,2236.4854,2186.8325,1936.0431,1824.2608,1940.5954,1620.6753,1776.9727,1775.7055,1771.0593,1781.584,1933.5053,1846.3304,1737.0949,1711.6554,1584.8818,1548.6024,1496.2732,1107.4209,960.2005,1138.1263,1195.4389,1106.5305,1201.8914,1087.2006,1028.732,1068.8797,979.0869,873.308,792.1004,733.0403,746.5137,606.0501,568.4181,629.5143,729.3531,889.7136,1059.8283,915.7912,1085.6127,1108.9962,1148.3477,998.991,944.7407,1096.8714,1230.9985,1265.9904,1312.1416,1351.9583,1471.2099,1503.0346,1523.0387,1538.4964,1626.6584,1735.8332,1627.1911,1645.9999,1791.8829,1848.4473,1664.2013,1604.782,1442.2304,1526.0056,1545.908,1396.469,1420.201,1305.7287,1199.2249,1262.4406,1293.3828,1233.6005,1011.6774,1113.7829,1298.0079,1292.74,1409.6871,1334.4977,1489.7461,1528.0265,1666.0576,1554.4864,1652.1112,1605.5667,1628.287,1879.292,1949.4135,2051.8995,2045.3578,1920.1497,2098.1041,2095.9071,2207.7721,2383.6417,2372.5807,2339.1775,2596.3646,2604.1581,2454.8124,2406.6569,2467.1312,2555.8409,2599.7712,2776.6187,2919.2389,2734.5917
HRB.N,H&R布洛克税务(HR BLOCK),1717.2612,1894.6393,1805.4666,1777.9812,1781.9077,2091.8158,2041.9851,1932.2857,1727.6555,1791.0557,1760.7965,1777.7293,1771.2121,1614.8009,1576.6301,1662.5619,1656.736,1747.2773,1665.9916,1537.8384,1602.1739,1611.0176,1768.7292,1707.6217,1823.2419,1617.2007,1569.2533,1686.3506,1766.9016,1753.299,1496.7186,1488.4661,1600.2979,1647.1432,1486.9623,1413.1527,1464.1389,1419.2406,1592.5366,1677.6867,1790.453,1651.4997,1877.6162,1970.9954,1766.6151,1531.3253,1485.5098,1777.8918,1622.1698,1494.6186,1434.9314,1194.3299,1151.7316,1371.9516,1328.9537,1375.9329,1476.8502,1473.6362,1631.124,1831.3423,1742.285,1399.0095,1454.1392,1495.8028,1313.6269,1294.2512,1293.4263,1058.3329,1081.1956,983.5123,1051.1392,1006.2319,1057.7685,1283.347,1428.9618,1475.911,1382.8662,1382.2236,1289.1561,1302.9439,1160.093,1332.6689,1371.0191,1442.3303,1444.98,1439.6805,1473.2623,1314.9336,1365.9208,1447.828,1461.4183,1500.3774,1589.3951,1623.3291,1653.5946,1722.7298,2112.3617,2306.25,2748.7806,2591.8142,2734.7658,2610.8608,2957.0939,2625.9145,2526.9989,2695.7183,2643.5859,2772.0498,2901.8703,3020.2361,2901.0302,2730.9466,2861.6323,3241.1808,3106.7763,3242.1478,3016.869,3143.3421,3272.7337,3295.7475,3354.4604,3341.7392,3158.0761,2977.8678,3124.5948,2939.1682,3299.997,3372.361,3608.8507,3714.5243,3657.6998,3338.8228,3412.9966,3295.7218,2667.2086,2043.3119,2156.3806,2343.7199,2424.2215,2207.1727,2382.8991,2364.3712,2280.9954,2390.1589,2231.0923,2137.5236,2440.1809,2601.8101,2785.4796,3270.1946,3226.8177,2829.0199,2827.5227,2641.7262,2795.4888,2825.6637,2860.1493,2729.7506,2762.3141,3005.8239,2984.0819,2502.3983,2763.8429,2972.5591,2856.3868,2944.0196
HRL.N,荷美尔食品(HORMEL FOODS),899.2957,889.3035,888.1616,892.9239,849.3386,841.023,852.6995,918.3582,950.0356,919.4786,948.393,944.9233,973.5839,999.7165,981.4237,978.4876,1047.005,1082.8674,1104.2695,1072.6604,1053.0511,1061.0086,1113.016,1097.1493,1118.0915,1076.4949,1097.1457,1128.1927,1109.2365,1106.2745,1023.6325,1059.6173,1064.0782,1089.3727,1187.0221,1208.8215,1162.3049,1225.9107,1249.9128,1187.9202,1139.0892,1043.2357,1095.9939,1080.5403,1099.327,860.9922,809.1986,946.9086,914.47,975.7821,972.1033,965.0768,1071.485,1065.3164,1113.7029,1145.9572,1101.6076,1136.6596,1169.7057,1198.6989,1213.0465,1288.5876,1316.798,1284.0463,1253.8038,1275.2255,1358.7634,1366.0447,1411.9489,1460.6087,1561.1209,1630.4617,1579.2251,1751.8529,1779.9848,1888.8776,1883.7396,1914.5679,1868.5228,1780.8048,1742.7506,1909.1657,1950.6271,1897.5047,1874.0757,1853.8894,1922.2625,1902.392,1958.0366,1991.4234,1836.6742,1889.9779,1924.1975,1953.1626,2051.0522,2064.2806,2300.5244,2486.6402,2746.5376,2754.661,2657.8775,2575.1108,2838.4717,2776.8095,2823.0561,2924.3657,3029.3361,3039.4294,3070.7653,3206.598,3329.5908,3236.4901,3339.6452,3349.1463,3084.3893,3453.7528,3502.138,3688.3814,3631.595,3564.546,3521.7419,4022.9817,3908.8448,3753.2363,3951.4293,3892.731,4106.596,4237.6797,4390.9575,4703.2017,5216.3416,5505.9836,5619.361,5941.5256,6043.556,5407.7369,4826.9838,5134.1938,5260.2656,5388.4273,5341.9511,5442.9704,4840.7093,4921.2935,5156.9413,5007.7736,4919.6936,5008.482,4801.461,4869.9921,4904.1166,4411.8392,4612.7687,4497.0856,5260.551,5251.8917,4981.048,4709.7238,4979.5971,5287.9577,5235.4428,5427.9974,5273.5085,5739.7236,5776.3757,6427.3817
HRS.N,哈里斯(HARRIS),231.9564,238.8682,234.2687,202.3393,206.642,224.4014,266.5351,277.6078,301.1749,296.1313,321.7857,310.4532,335.1393,329.7256,341.9302,336.7243,294.9835,300.7064,329.973,318.1649,323.1033,309.3774,306.6256,333.9313,370.0478,357.5235,371.843,374.7623,365.142,399.0084,401.4222,444.9437,423.7524,444.0638,461.3869,460.7254,401.3339,359.9229,357.7116,398.2518,486.0084,373.0399,355.751,386.8562,342.6525,266.6311,260.3451,284.006,323.1175,278.2587,217.2858,229.5992,234.879,214.3233,236.6171,262.4629,285.9704,317.3055,335.5217,363.4181,328.0317,345.6103,364.6731,395.3121,361.9564,321.3704,343.5924,324.6111,343.7183,350.7028,345.2246,353.4962,363.1725,364.1089,389.1717,416.8688,389.9329,355.3879,314.4544,318.2401,271.4137,299.8498,284.8543,288.3749,328.0625,349.1065,363.4476,367.1563,323.3707,340.1977,338.5719,382.3058,419.6843,375.1102,389.2632,404.3778,381.582,397.027,385.7539,384.5885,420.3393,412.9606,478.5311,474.8418,500.8297,523.2952,548.4201,593.4771,589.4815,627.5674,625.4681,628.5458,664.0362,651.1423,586.8447,613.664,574.6163,602.3087,624.3918,625.6986,584.8392,676.7512,690.4052,703.3788,698.5727,678.2028,731.3761,677.4092,649.2637,702.3409,742.4492,776.1197,776.7449,696.8108,699.7925,719.1163,712.4375,754.6754,783.437,840.9602,833.2775,811.4473,946.7586,936.7937,938.9878,1004.7197,1022.1698,1027.8654,1035.3101,1006.8797,1056.6329,1134.4473,1221.1646,1292.0158,1345.5727,1319.0338,1484.1341,1454.0566,1507.3819,1461.9586,1411.6153,1355.9837,1547.4575,1524.567,1594.1346,1401.0032
HSIC.O,亨利香恩(HENRY SCHEIN),68.06,72.34,71.68,75.02,80.9,83.04,86.34,83.38,85.24,79.28,85.32,87.28,93.28,93.3,95.72,93.24,92.18,93.46,94.82,99.74,100.28,99.38,103.06,97.96,101.54,104.34,110.36,104.26,107.06,106.86,108.68,116.38,121.68,119.8,118.3,122.8,116.26,119.64,114.8,110.74,111.44,103.14,107.12,116.96,107.68,93.62,71.46,73.38,74.86,73.36,79.98,82.08,91.08,95.9,102.76,105.96,109.82,105.66,99.32,105.2,108.1,113.66,117.8,121,112.82,109.8,104.98,105.6,117.16,112.3,114.75,122.78,131.32,137.96,140.34,146.14,143.64,143.18,132.92,131.82,124.02,138.64,128.68,128.86,141.78,148.04,151.36,153.48,148.62,156.98,149.62,153.62,158.44,147.5,161.54,160.84,172.68,178.44,185.1,180.8,192.58,191.48,207.66,202.1,207.53,224.86,228,228.52,229.78,238.08,238.74,228.46,239.3,237.31,232.5,239.38,232.94,240.06,274.4,272.3,276.14,280.1,279.24,274.2,283.34,284.24,295.96,273.62,265.44,303.42,312.96,316.38,302.88,330.9,345.26,337.4,347.46,353.6,361.96,327.58,325.96,298.4,297.92,303.42,319.72,343.12,339.94,347.6,367.94,366.04,364.42,347.36,327.96,314.4,285.8,279.52,302.72,264.76,268.84,304,276.8,290.56,317.64,310.72,340.12,332
HST.N,豪斯特酒店及度假村,124.3284,124.1729,129.3165,131.3468,130.8002,137.4445,146.4766,137.366,133.6128,132.7431,141.5189,150.7781,158.7347,154.5972,171.3994,168.3559,160.747,176.5737,171.3258,181.9832,186.7488,187.8076,205.3993,202.0253,217.8253,216.2617,218.1582,212.6026,211.6076,193.4128,176.6816,186.4694,189.4185,187.0549,161.9849,147.1336,144.4569,139.7942,139.1351,150.3219,150.2345,120.945,116.1604,126.7043,119.4882,92.9653,67.6111,68.5224,48.6989,33.4918,35.4832,69.6086,84.9062,75.9449,82.1906,90.2468,106.5401,91.514,99.9485,110.8744,100.7085,111.2544,139.2822,154.589,135.5743,128.2476,136.4295,125.1793,137.858,151.282,156.8992,170.2284,176.325,175.2772,167.947,169.6636,167.6609,161.9514,151.4412,113.0315,104.8943,136.8229,135.6723,142.1013,157.9758,151.8184,158.551,160.6753,147.3501,153.4684,142.4093,148.4239,156.4752,140.9739,143.2162,153.6547,164.637,163.4603,172.5163,180.21,175.4755,167.5176,177.3482,169.1064,176.6391,185.4361,184.0366,195.6427,185.0756,197.9574,205.1495,217.4139,223.6981,224.6166,221.8612,232.8828,219.7472,240.1457,239.4246,247.5343,238.3703,218.6883,212.2422,211.8215,209.5076,210.6363,205.8563,188.3299,170.0281,186.3749,178.5241,167.0913,150.8614,166.7645,184.1585,174.4543,169.8228,181.2054,198.3087,199.203,176.2911,175.2721,201.9932,216.166,207.3311,206.4132,216.4835,208.2465,208.7105,214.2369,218.8101,212.478,219.181,231.8648,234.5913,238.2586,249.1813,222.7748,226.2031,237.3677,262.4879,258.1447,256.552,263.7805,260.9956,236.3804
HSY.N,好时公司(HERSHEY),2692.1384,2910.0711,2792.7444,2951.6435,2976.0403,2878.2449,2960.2818,2749.8129,2620.4428,2644.6415,2534.608,2582.7571,2393.4328,2402.219,2452.9403,2505.0706,2684.4374,2597.6449,2592.9279,2558.1582,2533.9799,2508.3793,2524.1461,2373.088,2432.177,2533.5799,2617.873,2632.2411,2537.583,2436.9655,2219.3621,2253.3525,2248.9912,2089.0759,1948.5277,1923.6279,1765.9295,1824.9928,1854.0312,1839.7581,1944.3837,1626.3561,1824.3171,1804.7497,1977.2736,1862.2577,1816.722,1753.1367,1881.3166,1714.877,1768.8327,1839.586,1807.8046,1847.8412,2050.5904,2028.9656,2009.8293,1954.4892,1844.083,1865.9805,1899.3482,2089.7919,2250.1004,2470.853,2476.8125,2536.6159,2487.3972,2475.9441,2535.6182,2636.8511,2510.7978,2529.5751,2504.8963,2825.9033,2935.5475,3117.0275,3028.6965,3089.5638,3067.282,3207.0563,3239.3182,3129.4089,3173.4724,3399.0487,3360.5357,3360.6744,3395.5545,3710.0295,3722.558,4010.4076,3994.2613,4019.7934,3967.741,3853.5614,4124.8131,4065.7022,4472.7228,4716.2141,4953.3264,5045.5682,5066.7981,5076.4643,5394.3119,5255.0387,5286.4718,5671.6699,5565.7884,5585.3195,5709.9738,6106.2626,6024.3225,5553.456,5645.0253,5646.765,5112.0708,5332.7321,5566.6443,5594.6438,5882.5828,6096.6975,5995.7996,6118.4221,5949.2193,5419.2076,5505.605,5266.6691,5507.3837,5341.5797,5482.3988,5292.0543,5185.7825,5363.6288,5293.9323,5496.4305,5568.9986,5630.6815,5651.2552,6907.4954,6741.3358,6112.9107,5850.378,6270.1855,5951.3391,6369.4847,6495.1132,6710.7012,6766.4431,6701.4109,7178.6342,6686.6484,6558.3584,6574.0911,6840.3881,6653.0403,6992.3282,7154.9552,6954.508,6235.4779,6279.8992,5834.4173,5754.8349,5947.8558,6277.0139,6471.2856,6566.5652,6898.1123
HUM.N,哈门那(HUMANA),346.4327,336.3237,322.8789,350.274,367.5603,401.7284,402.8404,486.8455,484.015,448.7349,463.2918,549.2176,563.7744,522.3279,532.2346,456.721,511.8146,542.849,565.3918,615.9364,668.0985,606.5351,546.8925,559.1243,561.045,605.6253,586.5195,639.288,627.2584,615.7343,647.8806,647.8806,706.4113,757.6635,778.69,761.3027,803.8613,690.7424,453.4861,483.1052,516.0603,402.0317,443.8826,469.0538,416.4875,299.1229,305.5926,376.8605,383.4313,239.2781,263.6406,290.9347,316.7124,326.1137,332.078,360.8884,377.0627,379.8932,419.6212,443.6805,491.4956,478.4551,472.7941,462.1798,465.5157,461.6743,475.3214,483.1052,507.8721,589.2489,566.5038,553.3622,586.014,657.1808,707.0178,769.4909,814.0713,816.6955,756.2596,787.2888,739.8293,863.5241,902.0771,893.6799,908.0628,888.4775,946.0417,825.3314,781.446,794.8238,632.2462,719.2827,722.6561,765.0987,673.8266,709.6953,768.9486,705.8692,717.4557,769.3625,838.6061,878.7899,950.4429,958.9829,974.7793,962.4549,1086.117,1080.8938,1018.901,1177.6527,1183.2042,1152.0286,1306.4371,1343.5741,1237.6409,1354.3042,1373.5393,1463.7802,1454.5031,1517.1001,1546.7809,1736.2732,1883.3475,1751.9512,2270.8715,2026.6082,1929.2403,1936.6568,1899.5428,1895.6164,1789.815,1897.429,1730.3371,1881.06,1947.7084,1885.1092,1836.5628,1918.1685,1840.0043,1905.6921,1886.2844,1832.1039,2271.1979,2179.2348,2123.2024,2259.5794,2209.1983,2378.9552,2489.1258,2583.0781,2481.9535,2765.5747,2619.7778,2745.8042,2805.0538,2671.8283,3035.439,2927.6267,2900.8421,3174.3843,3139.8543,3216.9953,3395.8793,3602.1095,3664.4667,3468.4266
IBM.N,IBM,737.5849,732.3473,722.8548,604.1984,599.2201,588.5126,661.9577,640.9703,637.7901,650.9879,708.4953,655.0991,647.9265,641.0844,658.9012,657.8626,640.6759,615.979,620.7099,651.8451,659.6541,743.2983,742.3989,784.6394,800.7925,752.899,763.5922,827.9945,866.919,855.9402,899.8554,952.3307,961.3896,947.6788,861.44,885.3552,877.247,936.0959,946.6194,992.3307,1068.4537,978.4734,1056.4838,1008.8036,969.2736,770.4631,680.0178,701.3517,763.77,771.1089,811.8303,864.7848,895.1593,879.4931,993.2832,998.9314,1012.1321,1020.594,1073.9639,1112.6385,1040.3043,1085.683,1094.9893,1101.3928,1074.9428,1059.6674,1101.8893,1061.8996,1156.8522,1238.4373,1225.403,1271.3144,1403.3316,1407.8442,1418.1934,1483.5067,1475.7269,1498.6145,1588.5925,1508.299,1534.2694,1619.9014,1656.0997,1619.8065,1696.6213,1739.751,1845.1637,1831.2796,1713.0274,1736.8269,1740.3791,1737.7322,1850.1029,1734.8783,1702.5213,1715.7782,1818.9667,1806.4741,1918.6422,1821.8556,1879.9187,1727.0997,1762.6159,1655.4451,1681.8748,1627.653,1640.6856,1712.7304,1613.2921,1700.0849,1767.2914,1803.8326,1702.503,1673.9679,1770.0084,1786.3285,1763.384,1527.1576,1516.7529,1500.5725,1433.8866,1525.2265,1511.6639,1613.2891,1609.9351,1543.6018,1537.2437,1415.0888,1387.1487,1340.3586,1346.5569,1329.172,1205.2563,1278.4508,1477.6874,1423.9267,1514.5068,1495.1987,1582.2823,1578.6588,1578.3607,1527.0901,1626.4685,1664.2677,1749.7921,1817.1872,1759.7874,1619.825,1557.4839,1569.7291,1476.2576,1474.9433,1496.0831,1588.686,1603.6281,1597.8997,1704.968,1638.9799,1613.7373,1524.652,1502.761,1485.6395,1541.2579,1574.5707,1625.4154,1240.8022
IDXX.O,IDEXX实验室,232.04,221.8,216.64,226.96,230.92,249.32,253.84,256.16,267.52,280.52,286.2,287.92,307.28,314.32,345.44,332.84,305.72,300.52,354,368.04,364.56,332.84,338.6,317.2,343.24,344.72,350.52,360.68,353.16,378.52,401.04,447,438.36,487.12,484,469.04,450.96,443.76,394.08,425.6,404,389.92,428,450.4,438.4,281.52,247.28,288.64,262.4,240.8,276.64,314.4,336,369.6,398.56,406.08,400,408.96,400.4,427.6,419.92,422.4,460.4,529.12,505.92,487.2,469.92,442.16,493.76,479.68,513.68,553.76,573.6,621.6,617.76,651.44,629.76,620.48,663.52,638.24,551.76,575.92,601.52,615.68,676.72,686,699.6,703.44,678.72,769.04,705.36,760.48,794.8,769.6,747.76,742.4,761.68,736.96,739.12,703.68,659.52,717.52,783.92,750.56,797.2,862.88,833.28,850.96,914.08,1007.2,971.2,1011.52,1027.84,1068.56,995.84,991.76,942.64,1133.36,1194.8,1186.16,1267.36,1254.64,1235.84,1002.96,1084.8,1026.24,1163.68,1143.52,1188,1097.92,1133.12,1166.72,1122.24,1170.56,1253.12,1349.6,1401.12,1485.76,1500.64,1802.88,1803.68,1714.24,1882.4,1876.32,1957.28,2319.04,2473.76,2683.68,2694.24,2582.72,2663.36,2486.88,2487.84,2658.72,2502.56,2502.08,2992.64,2995.68,3062.24,3111.84,3331.36,3487.04,3918.88,4064.64,3994.56,3393.92
IFF.N,国际香料香精,278.4837,272.3494,261.6831,251.0833,245.7172,241.1473,252.4657,240.3484,238.5313,220.7954,217.7836,225.4758,221.8413,233.0814,232.2338,239.0681,240.8275,239.747,251.7207,270.5658,270.272,290.3681,322.016,337.4809,332.8127,321.2796,325.647,335.6467,353.9911,361.0338,346.9774,347.8083,367.7141,363.1925,348.7928,336.4286,297.4244,301.4786,309.6101,320.5748,294.9203,276.0805,284.2795,284.2088,280.6051,226.7027,217.1738,213.0911,205.2041,188.6415,220.2959,225.6478,230.7104,238.4845,256.9977,259.6216,278.2415,279.4152,298.708,303.6069,293.4966,310.7654,353.7636,371.7226,330.2387,316.5056,338.5908,340.9038,364.0504,376.3555,394.0628,419.1401,430.1483,429.3943,471.8644,481.1047,485.1947,488.6939,465.3394,441.3764,429.8973,463.084,414.9098,403.2355,429.3127,438.6974,453.229,465.6812,436.0589,426.2074,433.5183,470.6948,466.0137,505.4348,508.6417,523.1046,553.6859,573.7327,605.4628,609.5693,634.05,596.2439,640.034,626.7859,655.9862,658.7759,704.2087,688.4493,694.0543,750.9847,769.2706,792.1871,798.1374,841.6554,815.1015,819.9441,777.5327,804.0506,820.4316,825.7137,864.4089,993.2841,960.1572,938.4841,973.5699,897.5558,949.2952,899.691,852.5777,958.2624,990.876,992.4715,970.2396,856.8404,948.3995,995.9153,1075.3585,1055.5933,1115.7119,1160.3404,1202.5529,1100.02,1018.1788,996.4378,991.1948,1062.991,1126.014,1177.5015,1171.5541,1152.4198,1136.8834,1168.2122,1225.8262,1264.5113,1333.3037,1314.9624,1295.0584,1217.0791,1185.8239,1223.5007,1057.8093,1079.635,1156.279,1134.7664,1218.0269,1266.5309
ILMN.O,ILLUMINA,9.69,8.28,8.08,9.82,10.5,12.07,11.2,12.2,12.81,15.57,15.75,14.1,21.44,25.43,23.75,31.63,27.33,29.66,38.23,33.68,33.04,43.96,38.44,39.31,40.85,33.59,29.3,32.63,32.63,40.59,45.57,48.29,51.88,56.15,57.79,59.26,63.7,72.41,75.9,77.89,78.48,87.11,93.24,86.13,81.06,61.66,44.02,52.1,54.72,62.66,74.48,74.7,73.42,77.88,72.28,70.54,85,64.2,57.84,61.36,73.38,72.64,77.8,83.66,84.08,87.06,89.66,85.78,98.4,108.62,120.24,126.68,138.68,138.8,140.14,141.96,144.16,150.3,124.9,104.2,81.84,61.24,55.64,60.96,103.72,102.5,105.22,89.06,86.12,80.78,82.94,84.16,96.38,95,107.42,111.18,101.26,100.26,107.96,129.38,140.64,149.68,159.64,155.68,161.66,187.02,196,221.18,304,342.98,297.32,271.7,316.5,357.08,319.82,358.72,327.84,385.16,381.78,369.16,390.38,390.92,371.28,368.5,412.16,436.72,438.6,395.22,351.64,286.56,367.8,383.89,315.9,300.48,324.22,269.98,289.66,280.76,332.7,336.68,363.32,272.28,266.28,256.08,320.2,334.8,341.28,369.72,354.72,347.04,347.7,408.92,398.4,410.38,460.06,436.98,465.28,456.04,472.84,481.86,544.88,558.58,648.72,709.66,734.12,622.3
INCY.O,因塞特医疗,8.96,8.73,6.83,6.55,7.63,7.15,7.97,7.36,4.7,4.99,5.56,5.34,5.09,5.88,6.02,4.17,4.17,4.6,4.26,5.11,4.23,4.76,5.24,5.84,7.43,6.41,6.59,7.71,7.09,6,5.32,5.84,7.15,8.66,8.58,10.05,11.98,9.91,10.51,10.85,9.71,7.61,9.26,10.23,7.65,4.15,3.34,3.79,2.93,2.31,2.34,2.36,3.29,3.29,5.2,6.59,6.75,5.89,8.33,9.11,10.68,10.66,13.93,13.44,12.89,11.07,13.02,12.51,15.99,16.66,14.51,16.56,14.74,13.68,15.85,18.48,17.73,18.94,17.44,16.07,13.97,13.77,13.77,15.01,17.7,16.96,19.3,22.66,21.31,22.7,24.99,20.01,18.05,15.96,17.6,16.61,18.38,22.23,23.41,22.15,22.17,22,23.41,33.89,38.15,39,46.6,50.63,65.52,64.26,53.52,48.56,49.55,56.44,47.57,54.2,49.05,67.06,75.55,73.11,79.71,85.85,91.66,97.16,110.15,104.21,104.28,116.19,110.33,117.53,114.24,108.45,70.56,73.5,72.47,72.27,84.41,79.98,90.21,81.1,94.29,86.97,102.29,100.27,121.21,133.1,133.67,124.28,129.33,125.91,133.29,137.41,116.74,113.25,98.99,94.71,90.29,85.16,83.33,61.94,68.27,67,66.54,73.91,69.08,64.82
INTC.O,英特尔(INTEL),2233.9261,2395.6542,2319.7602,2348.7198,2701.3086,2607.1235,2719.3441,2584.5668,2477.044,2361.4821,2690.245,2516.8109,2143.2218,2087.0201,1971.5248,2024.2068,1835.003,1934.7979,1832.9664,2004.236,2106.6497,2185.5083,2201.7879,2083.9545,2157.0215,2054.7071,1979.1816,2224.3808,2306.5556,2468.7848,2456.316,2690.2762,2701.7686,2810.4245,2736.2395,2797.0915,2213.7521,2107.8622,2235.5906,2349.5867,2461.3079,2280.7979,2356.1874,2443.5823,2001.2373,1712.8583,1487.2891,1579.9753,1390.292,1387.1928,1636.5391,1718.2027,1726.1754,1817.3157,2113.7962,2247.5771,2164.6202,2113.7401,2139.8886,2273.6316,2162.1791,2306.3652,2504.0857,2565.8734,2423.2666,2200.3985,2330.4992,2013.6561,2188.6327,2285.5253,2430.5916,2415.9443,2465.3431,2487.3971,2337.9447,2682.0327,2628.3879,2587.52,2607.3701,2373.4339,2515.5098,2893.3963,2963.1117,2884.6029,3142.7303,3222.9988,3371.0793,3404.6522,3120.7586,3218.5843,3103.8505,3025.0478,2760.0668,2635.1907,2408.1731,2538.0286,2589.7246,2597.6524,2716.4626,2979.5869,3035.7512,3029.4996,2917.5969,2775.0703,2893.8756,3089.4435,3038.086,3307.6142,3127.2915,3185.4165,3321.0155,3433.7144,3544.9663,4009.4971,4397.4711,4561.2614,4548.1994,4442.3969,4897.5099,4771.2922,4343.9927,4402.9594,4140.7681,4310.2655,4596.184,4056.6726,3861.2747,3838.2128,4053.3894,4553.675,4708.9963,4665.6579,4201.1236,4042.727,4419.8113,4136.9981,4353.2573,4520.0013,4803.8794,4983.3086,5241.5687,4841.6822,4854.5568,5074.201,5151.1464,5100.5627,5082.2457,5093.5177,5125.6623,4789.2508,5034.817,5015.3386,5445.7968,6505.4962,6450.4717,6640.3607,6925.1942,7138.7325,7542.8117,7476.1893,8040.8264,7241.1138,7006.5897,7097.563,6930.4925,6870.4058
INTU.O,财捷公司(INTUIT),234,256.8,262.62,241.8,259.62,270.66,288,275.04,268.86,275.58,321.42,319.8,313.98,291.66,319.14,325.02,331.74,363.24,370.44,363.12,385.08,423.6,378.24,366.12,377.4,354.12,328.32,341.4,366,360.96,343.68,327.72,363.6,386.04,351.84,379.32,368.28,318.72,324.12,323.64,347.52,330.84,327.96,360.84,379.32,300.72,265.92,285.48,271.8,273.48,324,277.56,326.64,338.28,356.4,333.24,342,348.84,350.52,368.76,355.32,388.32,411.84,434.28,428.88,417.24,477,512.85,525.72,575.76,538.68,591.6,563.16,630.96,637.32,666.72,647.64,622.32,560.4,591.96,569.28,646.1064,640.9299,633.1049,681.3985,698.3007,726.31,701.6426,680.5824,718.3455,704.0101,710.3197,714.4452,723.1319,728.9724,723.6843,761.104,786.5799,801.1236,729.5972,714.9172,746.7239,784.087,779.303,813.4044,878.4843,913.1759,938.887,903.3473,963.776,958.5964,936.5575,980.3253,995.6564,1015.8367,1030.8319,1086.2277,1094.0055,1166.848,1145.9648,1082.2858,1217.0418,1208.6896,1253.9197,1301.6618,1259.4188,1325.1067,1074.2923,1111.8769,1224.6675,1259.4856,1212.9776,1204.2856,1218.5338,1311.4621,1275.7626,1348.7247,1411.3179,1407.1729,1413.0049,1394.7481,1382.9456,1445.7721,1457.5998,1512.5351,1600.0371,1479.4986,1601.7761,1799.1677,1699.0007,1759.8223,1814.2035,1823.0532,1942.2481,2021.9854,2029.1875,2164.4802,2151.0731,2234.7388,2387.7711,2604.9821,2639.9349,2644.049,2841.2134,2943.8736,2737.4824
IP.N,国际纸业,342.2104,328.6975,323.7693,301.7681,285.6673,267.9295,280.2573,275.8128,266.4253,260.8823,284.2166,302.9661,294.1322,297.6079,313.9549,330.1204,310.8619,295.4926,314.0638,320.4102,319.1201,307.3247,307.3401,316.6253,312.9112,336.3394,340.2656,352.6049,368.5199,367.3909,348.7627,332.7891,339.9927,350.3243,322.2314,309.1512,307.4326,304.9454,261.6567,251.7483,264.2243,226.1729,269.0778,264.8456,256.3274,168.992,124.5428,118.0406,91.2314,58.8194,72.7748,130.8706,148.856,156.7287,194.8491,238.0299,230.5623,231.392,264.2236,278.0318,237.8532,240.8212,255.7881,277.9266,242.6615,236.3939,252.7942,214.9546,228.5075,265.594,263.587,287.5495,304.8615,295.1327,320.6301,328.0668,334.3949,319.3996,318.1143,293.9944,251.7632,299.9501,310.35,323.4633,340.2922,387.3048,386.7538,367.0305,324.5927,321.369,364.7221,387.2663,406.9881,401.4974,419.8104,450.3298,468.1892,501.0432,530.302,534.8559,528.7285,507.6481,553.475,544.2587,516.4751,514.2847,542.073,569.7285,554.7387,572.2364,537.0057,546.0182,561.7112,595.2039,568.2176,583.8571,575.3011,610.0071,653.405,650.4913,639.3219,689.8162,678.5659,656.9212,638.6071,586.3653,589.8152,536.0723,469.5914,530.4804,525.2548,473.3949,429.5713,454.0249,521.9379,550.2986,541.9388,544.7667,588.8571,629.2238,622.6058,584.3255,638.679,695.5729,741.9793,696.9547,671.5628,713.7504,705.6216,755.3941,733.6436,725.2636,764.9801,771.0385,768.8675,786.9313,853.754,815.9169,731.5731,705.9687,738.8839,719.2724,742.0604,712.8523,685.1132,632.2835
IPG.N,埃培智(INTERPUBLIC),774.0694,779.4079,728.3964,762.7995,731.9553,722.4648,741.4458,719.499,690.4344,612.7308,552.822,572.3962,599.0882,614.5103,567.0578,568.2441,565.2783,495.2858,485.7953,544.5178,587.2251,647.1339,710.0085,726.0238,780.5942,746.7842,730.1759,752.1226,696.9591,676.1986,622.2213,649.5065,615.6966,613.9171,562.9057,481.0501,529.0957,511.301,498.8448,536.8068,591.3772,510.1147,521.3847,557.5673,459.6964,307.8483,242.6011,234.89,197.5212,225.9927,244.3805,371.3161,310.8141,299.5441,309.0346,373.0955,446.0538,357.0803,375.4682,437.7496,383.1792,444.8675,493.5063,528.5026,495.2858,422.9207,542.1452,505.9626,594.9361,613.9171,631.7118,629.9324,634.0845,782.9668,749.0338,700.1708,710.8969,748.8037,587.6612,516.9741,434.7477,572.4177,570.2723,591.5511,628.029,712.5363,697.3629,721.8103,635.022,666.9995,606.7544,654.0898,687.4743,624.4146,672.7718,685.2075,752.9821,794.6417,814.9465,865.607,889.3737,914.8486,1034.3133,993.1734,1085.4146,1061.4066,1104.1061,1123.1425,1035.5754,1130.6894,1093.6804,1111.5468,1226.1168,1251.1265,1263.952,1258.4046,1180.439,1249.3838,1313.5278,1344.6019,1290.8696,1451.3948,1439.6795,1356.3707,1336.8072,1261.5218,1394.4169,1243.7475,1260.2166,1510.5472,1523.0499,1541.5913,1485.9669,1426.3508,1530.3764,1529.7096,1603.9679,1550.2786,1547.5941,1563.2068,1509.8389,1512.5411,1636.0284,1591.1684,1599.3248,1650.1614,1682.343,1613.8716,1706.9927,1696.6474,1490.4289,1401.6651,1446.9026,1339.7246,1389.0811,1415.7672,1537.2591,1657.9425,1631.7271,1671.4044,1601.2607,1676.3533,1612.7033,1685.0453,1650.4062,1671.334
IR.N,英格索兰(INGERSOLL RAND),1147.7863,1304.1442,1232.9387,1189.9058,1202.0959,1107.9905,1213.8979,1241.3464,1192.0792,1178.3592,1240.9068,1264.0779,1229.6344,1290.0875,1313.9838,1375.6112,1375.8309,1349.6456,1129.437,1205.3179,1204.0498,1163.788,1242.6727,1246.4953,1365.9524,1385.1585,1387.3978,1428.3447,1648.4493,1760.5298,1616.0134,1673.9384,1755.8141,1623.0079,1670.5998,1503.3457,1277.5365,1360.5576,1448.9646,1442.4641,1437.3119,1221.5845,1174.9143,1210.76,1021.9169,604.8882,519.9148,575.2883,537.4884,475.6701,462.9229,730.2777,684.1254,706.7831,976.6457,1047.0866,1039.6292,1070.8146,1201.3333,1213.9002,1102.4959,1086.0525,1186.7957,1258.6092,1269.8407,1176.1362,1277.4155,1109.2986,1220.236,1343.2505,1400.999,1611.6573,1615.4221,1550.3945,1655.9318,1730.9989,1710.4326,1560.7905,1286.1656,1151.7747,968.97,1073.8354,1142.4808,1054.8837,1209.6369,1380.6617,1437.5498,1478.2253,1436.1591,1472.3448,1480.3733,1632.2154,1569.9712,1647.3839,1708.6835,1685.6214,1806.1735,1850.458,1940.9911,1898.2971,2029.9076,1966.2752,2162.1235,2094.4797,2307.3667,2406.8209,2545.4635,2750.5635,2625.0913,2730.0235,2566.6054,2681.3941,2682.2909,2814.0829,2646.6155,2710.091,2547.8857,2830.8836,2850.7749,2877.1178,3013.7344,3049.5905,3103.575,3001.4598,3135.4861,3086.5336,2810.9339,2531.2139,2336.8605,2727.6414,2700.4847,2558.3105,2381.5562,2570.8036,2885.3919,3049.6466,3108.7411,2977.5708,3098.2073,3179.0992,3192.0456,3161.5065,3502.1354,3544.3035,3747.8742,3748.3465,3860.3225,4213.0303,4253.3805,4357.9595,4190.5841,4071.8477,4274.8934,4247.567,4200.5849,4298.2756,4560.4419,4279.4805,4142.2967,4063.8203,4240.6345,4368.5319,4795.9888,4931.3339,5006.259,4695.0195
IRM.N,铁山公司(IRON MOUNTAIN),95.175,91.2938,97.335,100.2375,96.8625,104.6925,115.7287,116.4038,123.8625,131.625,139.2188,142.4925,140.67,147.4875,137.4975,131.9625,124.6725,126.1575,138.375,138.3413,144.9225,146.3738,145.4625,139.5225,141.6488,140.8388,132.2831,142.2562,139.1681,132.2831,135.6244,143.0662,154.305,175.8206,184.68,187.4138,174.0994,152.28,133.8525,139.0669,152.0269,134.4094,146.8125,146.3569,123.5756,122.9175,110.0081,125.1956,103.5787,94.0612,112.2356,144.2306,137.9531,145.5469,147.8756,148.2806,134.9663,123.6769,121.5,115.2225,115.7287,131.0175,139.0427,127.6249,124.428,114.2754,120.4318,103.1836,114.0038,111.1971,113.3404,128.5889,125.4012,133.679,161.5955,164.8036,175.9802,177.7269,164.9017,169.646,166.0784,162.4543,159.513,163.0884,163.1943,164.4121,153.8151,162.2002,151.4118,177.4762,173.4377,176.6147,185.1474,210.489,192.2385,190.5394,209.9309,211.7105,224.4883,234.0712,221.5825,166.1446,173.5746,161.0873,170.3079,167.2824,177.2412,193.0285,167.9697,172.9942,177.0634,182.6508,199.9911,229.7224,217.1509,233.1569,239.0147,264.0509,280.1355,288.4464,297.2505,274.1956,275.6834,260.6448,275.6078,237.8059,230.5183,217.4006,241.9983,239.0338,220.4859,214.3745,218.581,233.1849,273.5629,294.6993,296.3934,325.6306,336.9128,314.0214,310.6294,279.1775,273.1354,273.2333,301.1623,305.7891,304.9674,297.1872,298.5551,298.5546,316.5409,342.521,342.75,352.4421,360.1077,337.61,313.4502,281.5057,299.322,309.1597,303.2389,324.4037,325.3303,334.5036,325.1149,288.2899
ISRG.O,直觉外科手术(INTUITIVE),19.95,23.575,22.735,21.47,24.75,23.32,34.7,37.2,36.645,44.365,55.865,58.635,68.635,45.1,59,63.5,55.645,57.5,47.6,47.2,52.725,49.59,50.81,47.95,49.205,55.55,60.785,64.83,68.815,69.385,106.305,110.64,115,163.435,163.84,161.5,127,140.96,162.175,144.63,146.795,134.7,155.645,147.635,120.49,86.395,66.265,63.495,51.615,45.48,47.68,71.865,74.84,81.83,113.66,111.355,131.125,123.175,140.27,151.715,164.03,173.57,174.065,180.28,161.385,157.81,164.185,132.515,141.87,131.475,130.145,128.875,161.455,163.975,166.73,174.85,174.5,186.055,200.275,190.675,182.14,216.93,217.105,231.505,229.955,255.81,270.875,289.1,261.55,276.895,240.75,245.895,247.815,271.11,264.5,245.185,287.19,254.945,245.595,246.145,248.765,253.066,194,193.26,188.135,185.75,188.45,192.04,203.79,222.415,218.995,180.85,184.87,205.9,228.775,235.005,230.91,247.9,258.885,264.47,247.24,250,252.515,247.99,243.875,242.25,266.585,255.475,229.79,248.3,260.01,273.08,270.425,281.53,300.525,313.18,317.355,330.705,347.88,343.21,362.415,336.04,321.87,317.085,346.345,368.5,383.235,417.935,457.34,467.685,469.13,502.335,522.94,563.04,599.67,547.41,647.505,639.675,619.245,661.17,689.505,717.72,762.285,840,861,781.77
IT.N,加特纳,11.3,9.63,9.57,8.44,9.92,10.62,10.37,11.24,11.69,12.04,13.48,12.9,13.76,14.08,13.95,14.02,15.65,14.2,14.24,15.59,17.59,18.6,19.28,19.79,21.86,21.16,23.95,25.23,27.56,24.59,20.93,22.11,24.46,21.9,18.89,17.56,14.83,18.91,19.34,22.92,21.79,20.72,24.36,26.41,22.68,18.4,15.36,17.83,14.16,10.11,11.01,13.51,15.35,15.26,17.1,16.66,18.27,18.62,18.92,18.04,21.4,23.79,22.24,24.08,24.75,23.25,25.17,28.68,29.44,31.69,32.17,33.2,35.42,37.72,41.67,42.91,39.03,40.29,36.91,35.62,34.87,38.52,37.83,34.77,37.91,40.26,42.64,43.8,40.68,43.05,44.39,49.39,46.09,46.41,47.88,46.02,51.51,49.76,54.41,57.85,56.61,56.99,60.01,57.97,60,58.95,64.65,71.05,70.33,69.56,69.44,68.94,71.09,70.52,68.42,74.59,73.47,80.71,85.48,84.21,84.22,83.11,83.85,82.98,87.48,85.78,88.57,85.51,83.93,90.67,93.3,90.7,87.89,82.4,89.35,87.17,101.62,97.41,100.25,91,88.45,86.04,102.82,101.07,99.36,103.21,107.99,114.09,119.6,123.51,128.32,120.59,124.41,125.31,120.89,123.15,138.74,113.41,117.62,121.29,132.74,132.9,135.43,149.76,158.5,147.52
ITW.N,伊利诺伊工具,2090.5581,2157.1349,2158.5079,2020.8437,2035.5503,1927.7766,2072.2147,2039.0689,2000.1298,2059.1643,2144.4365,2145.5852,2055.3628,2093.1586,2356.4971,2512.8466,2429.656,2332.6245,2245.7035,2155.8361,2215.1995,2364.6885,2328.673,2289.2378,2527.1322,2559.347,2567.7263,2553.2953,2623.4599,2707.1087,2750.0707,2905.933,2993.8511,2874.3782,2786.0285,2701.3816,2543.9608,2475.846,2447.4317,2653.4564,2725.0069,2424.8512,2391.1656,2532.0326,2284.3816,1715.9843,1753.5006,1817.821,1693.8669,1441.8095,1615.4501,1717.5612,1690.8552,1971.9079,2141.4265,2208.4946,2272.1468,2442.9169,2587.6193,2569.5591,2333.9671,2437.3063,2552.5807,2754.1569,2502.4561,2240.6135,2361.1116,2239.5279,2570.7926,2497.5289,2604.144,2938.2086,2943.1606,2976.7244,2974.4505,3234.1336,3173.7808,3147.3695,2774.6327,2593.0001,2336.4739,2731.3155,2552.1484,2643.3572,3001.0112,3151.5428,3252.7269,3267.5328,3197.4898,3032.8889,3116.0368,3399.8863,3432.0352,3539.3765,3553.227,3530.9913,3648.2845,3571.0568,3560.5615,3772.0684,4097.5087,4064.1903,4232.8216,4199.3303,4505.8627,4654.7387,4701.4102,4992.3084,4682.961,4898.4948,4854.2984,5087.0756,5165.8617,5251.0314,4939.7837,5290.0124,5091.7906,5491.6789,5725.701,5740.5221,5642.9271,5992.6928,5918.1651,5701.2754,5716.5064,5621.5664,5479.4808,5176.9366,5074.8361,5668.5753,5794.3518,5747.9284,5586.0586,5845.2984,6387.883,6517.5862,6611.7457,6531.5342,7236.3579,7452.6962,7556.0486,7160.718,7892.7417,7761.535,8061.957,8366.8156,8437.2329,8795.18,8994.5349,9165.7049,9003.1856,8798.4369,9517.3098,10067.9192,10886.7578,10782.7042,11223.4476,10433.0822,10175.1681,9224.2907,9333.4078,9048.3166,9361.1608,9070.5227,9281.7602,8390.5481
IVZ.N,景顺集团(INVESCO),80.4713,78.9146,77.0681,71.1117,72.3881,72.9959,88.3731,81.2011,80.0089,76.9387,84.43,94.5002,113.2897,117.0353,117.0294,135.7069,121.311,114.7335,121.7453,129.5638,137.0308,143.6573,135.2179,154.0971,152.3467,149.221,138.156,149.5699,151.7147,163.0697,158.9062,155.752,173.365,194.7023,166.6971,199.2745,172.857,162.6329,156.2942,164.5709,179.183,154.3949,149.9523,165.6422,135.5901,96.3607,81.9939,94.342,77.0286,75.2812,91.2859,96.9501,103.8148,118.2096,131.0123,138.3635,151.7665,141.0308,149.0116,157.316,129.255,131.9581,147.5103,154.7815,125.649,113.9371,132.2835,123.5204,144.5611,156.6136,148.7884,164.6665,169.3204,184.4327,175.6371,170.8957,170.38,161.6089,153.1831,127.2593,107.8575,139.568,141.6759,140.5565,157.9074,174.1631,187.5224,174.6553,154.1109,160.1336,156.8034,168.9987,178.3479,173.5662,179.6769,187.5859,195.9262,193.841,209.5422,229.6571,245.7318,231.6026,234.443,222.6786,233.9739,247.543,257.3103,268.7545,245.4969,254.9187,274.9852,261.6819,274.6608,282.519,281.6209,307.5917,297.3487,304.805,305.8557,299.49,278.3469,307.1165,302.6931,315.8869,305.7834,287.8187,296.3404,263.7608,241.4907,256.4921,262.6968,261.0593,233.3783,210.6506,242.3979,244.2886,249.6921,203.0935,232.0387,250.3644,251.0066,225.4805,253.6883,245.829,234.3234,263.1129,250.3618,269.2432,261.4362,290.219,286.7551,272.6689,291.4679,297.7065,303.3704,306.4737,303.0349,275.3808,270.8955,245.1684,233.7106,227.2091,230.8876,208.67,198.1066,187.9762
JBHT.O,JB亨特运输服务,312.1179,333.8359,309.6419,277.3642,284.9564,272.894,279.4103,257.2055,270.5853,276.2789,319.6067,323.1753,340.9353,338.9298,308.5608,342.5082,351.7069,358.031,296.7927,283.5185,299.6784,312.2311,316.7509,300.8205,363.9682,386.0671,381.4157,393.335,424.8892,427.5137,408.5566,420.844,384.7132,405.4848,385.9089,404.4043,456.5145,403.0965,462.8908,500.2991,514.6294,491.5863,547.6984,539.8487,494.2319,421.0672,401.621,390.6177,331.1403,304.3343,360.0343,419.9156,461.0699,458.071,420.7559,421.9602,483.6812,452.5196,481.2067,487.3992,463.0821,537.9866,544.0519,558.0019,525.3245,497.0273,541.749,499.9234,529.6898,548.7709,559.0114,625.0207,627.9307,639.2669,697.8011,732.5222,706.3749,725.4786,698.9572,620.9348,558.0533,653.6887,708.5354,698.4622,791.4458,795.7256,844.8273,859.4334,889.9292,928.405,857.0612,818.9557,812.7089,916.7182,930.5969,937.114,1055.7638,1093.2421,1168.9206,1115.4026,1158.4302,1136.0982,1180.7773,1134.6052,1149.2605,1182.3532,1187.2898,1220.6078,1185.0791,1137.9736,1138.7653,1204.9505,1232.8731,1171.2771,1229.6655,1202.4493,1178.5754,1269.6146,1316.8243,1344.2681,1270.2337,1367.7514,1366.0717,1394.9464,1347.3237,1316.3747,1352.3476,1170.0411,1147.8557,1227.7555,1261.3078,1182.6373,1171.9974,1233.4842,1362.0226,1340.0337,1340.9743,1311.9566,1347.6208,1290.4761,1318.9221,1326.5619,1554.3985,1582.1061,1614.8663,1603.7791,1498.7338,1464.7533,1398.4198,1496.6924,1485.7186,1623.8634,1824.0342,1747.0202,1828.9815,1892.1746,1988.4455,1955.2319,1931.816,1936.4332,2116.7471,2008.5138,1981.2489,1999.3113,1969.3423,1831.4188
JCI.N,江森自控国际(JOHNSON),3078.7135,2852.112,2887.9164,2675.1676,2471.8172,2503.225,2612.0981,2385.7792,2396.0022,2270.3949,2453.6439,2491.4656,2248.8801,2226.4344,2329.0522,2283.1296,2348.9808,2391.6903,2269.0619,2274.2801,2434.3059,2568.6816,2643.7433,2661.9533,2791.5484,2699.606,2771.5526,2866.4267,2939.6329,2977.5238,1041.781,972.8282,980.0721,910.0038,887.0161,879.697,870.8224,888.7935,980.6018,1041.5973,1005.9795,894.6665,995.6628,958.1244,786.8248,567.9878,469.5785,489.8671,476.7133,454.7146,443.6019,543.8401,631.9623,594.6534,696.8041,730.6989,795.0299,778.7339,832.5837,828.1736,827.4368,842.1499,893.2955,905.9067,849.4021,826.8703,903.6436,880.0374,867.054,909.0924,899.8305,984.1376,1070.3054,1082.4815,1068.8729,1169.6023,1184.2404,1186.1601,1068.5457,1003.1639,983.1392,1105.0661,1163.5339,1133.2083,1242.3793,1263.5936,1369.9091,1374.9833,1302.229,1294.6351,1352.4388,1387.8868,1384.9328,1353.6235,1429.1886,1473.5202,1530.2346,1620.3377,1619.8315,1634.3275,1720.318,1676.5595,1779.3294,1688.855,1788.019,1876.5576,1958.1917,2107.0841,2086.9172,2174.0224,2185.3615,2116.992,2258.815,2360.265,2242.3605,2318.7515,2316.1532,2240.7896,2239.2237,2289.3322,2139.2734,2213.186,2257.2191,2074.3014,2125.9219,2026.8948,2011.9154,1921.885,1772.0108,1940.6899,1880.5094,1698.37,1843.8981,1886.2557,1968.2902,2076.9293,2297.9939,2296.9155,2468.7651,2378.5282,2419.7043,2342.9455,2613.7324,2407.2623,2570.318,2451.0945,2476.365,2444.0288,2455.1995,2564.5997,2303.7628,2341.6167,2398.0144,2463.4851,2240.2895,2284.1382,2345.2723,2209.8183,2127.0503,2044.3585,2025.6472,2034.4153,2281.3429,2297.156,2143.5998,1958.0253
JEC.N,雅各布斯工程(JACOBS),728.4326,802.8678,744.6391,698.6011,754.1049,806.8836,844.4598,894.9438,966.654,914.3055,931.8028,973.3948,1195.6965,1229.6872,1244.0292,1186.0873,1119.11,1142.2007,1190.2465,1249.0489,1071.7812,1083.3983,1202.8675,1169.4506,1298.6724,1294.9435,1338.113,1446.5389,1662.2433,1649.6223,1767.8008,1895.7319,2167.9439,2499.8189,2402.8667,2742.4864,2190.0307,2303.046,2110.8626,2476.298,2718.6786,2314.8065,2218.4279,2117.4599,1557.8332,1044.9616,1284.187,1379.705,1109.214,967.8014,1108.9271,1091.143,1230.5477,1207.3136,1175.4742,1261.5265,1318.0342,1213.0504,1003.6565,1078.8088,1083.972,1112.9429,1296.2343,1383.1471,1197.8478,1045.2484,1048.9774,994.7644,1110.0745,1107.4929,1104.3377,1315.1658,1473.502,1435.9258,1475.223,1423.018,1321.1894,1240.5871,1122.6955,1068.1957,926.2094,1112.9429,1191.5373,1164.0006,1283.9001,1325.7789,1272.7133,1257.2239,1018.8591,1085.9799,1106.3456,1134.1691,1159.698,1106.9192,1174.3269,1221.0819,1379.9918,1400.9312,1613.1935,1447.9731,1635.2803,1581.3542,1698.0984,1671.7091,1668.8407,1744.5667,1714.4484,1806.8112,1741.4114,1739.6904,1821.4401,1655.0723,1579.6331,1528.2886,1457.4389,1546.3596,1400.3575,1361.0603,1332.3762,1281.8922,1092.864,1271.8528,1295.3737,1229.4003,1240.874,1165.148,1208.1741,1159.1243,1073.6457,1151.3796,1266.116,1203.2978,1125.2771,1108.6403,1249.1924,1278.737,1453.9968,1428.7548,1535.1728,1511.365,1483.5414,1479.5256,1778.7008,1634.9934,1679.4538,1622.2998,1589.802,1579.4487,1511.8624,1568.6798,1520.5148,1576.0034,1685.3316,1687.9609,1903.1244,1912.6937,2014.1859,1774.7865,1719.2699,1688.4597,1887.9554,1849.7884,1970.4078,2122.5799,2238.1949,2196.9419
JEF.N,JEFFERIES FINANCIAL,2425.9589,2245.0672,2301.3446,2330.1533,2672.5077,2588.0915,2649.7287,2728.1151,2887.5678,2878.1882,3174.3147,3196.8028,3534.2655,3654.1625,4018.5684,4091.9884,4313.5957,3932.3503,3708.7223,3466.2341,3525.509,3552.4522,3716.8053,3833.7202,3719.5243,3850.0339,3999.5762,4097.4584,4872.3593,4792.1503,5111.6269,6033.3512,6555.3897,6887.1016,6384.0958,6435.8841,6035.5202,6184.461,6178.9953,6998.8532,7419.7135,6414.0212,6117.506,6325.2033,6209.0568,3667.4974,2671.3702,2705.5309,2175.3562,1999.0867,2034.6139,2900.9304,2853.1053,2881.8003,3347.7529,3398.3108,3377.8143,3070.3676,2940.5568,3250.7364,3051.2376,3243.9042,3390.1122,3458.4337,2995.214,2665.9044,3018.4433,2917.3275,3227.5071,3473.4644,3547.2516,4022.8933,4483.3615,4567.459,5175.4426,5329.8511,4888.6839,4701.1878,4641.906,4084.9324,3126.7724,3698.9111,3228.7924,3170.6214,3870.5563,3972.3396,3639.1037,3466.2114,2833.2026,2965.6604,3022.8264,2980.9976,3172.0157,3165.0442,3088.3581,3352.2196,3586.1281,3896.1487,3982.2625,4484.5822,4555.7199,3815.1888,3903.948,3627.485,3972.524,4132.9416,4179.6086,4142.4954,3994.8623,4084.0268,4102.3965,3739.0414,3758.0882,3850.9009,3629.1289,3661.4401,3509.8623,3501.0288,3405.332,3309.9434,3346.8518,3503.3433,3299.6169,3518.7032,3646.0101,3603.4201,3490.6277,3184.9009,3015.9005,2978.6856,2631.8421,2598.0479,2474.0467,2158.8149,2425.762,2502.2703,2715.2933,2608.8393,2748.8405,2882.8201,2875.796,2819.9113,3325.8943,3520.9155,3611.7778,4031.2589,3946.5974,3854.0041,3702.2119,3980.6079,3960.8266,3603.2414,3858.8655,3866.5068,4020.8614,4063.9648,4152.9455,3680.4272,3501.4685,3703.2689,3370.5293,3518.6403,3752.2879,3592.9123,3416.6059,3340.3701
JNJ.N,强生公司,5145.9898,5240.1553,5364.7688,5482.193,5386.2504,5217.6792,5134.1963,5114.7115,5105.836,5052.5829,5008.4799,4874.6501,4667.011,4702.419,4830.4814,4780.7247,4942.5393,4917.9169,5133.7734,5337.7454,5360.8596,5563.935,5471.6649,5480.7968,5545.5503,5254.692,5031.7454,5362.4077,5317.6665,5178.9887,5084.8558,5228.2099,5559.045,5514.2003,5767.3029,5678.7586,5375.6644,5310.1916,5559.5889,5749.8508,5760.1658,5553.0277,5909.4778,6118.1237,6018.2253,5328.4922,5131.0273,5240.515,5053.0722,4415.8226,4645.4454,4624.2494,4914.6385,5060.759,5425.1693,5428.7189,5469.1379,5303.8692,5688.9382,5831.0711,5690.7488,5747.0624,5947.7535,5865.6526,5366.8906,5436.8535,5347.5587,5298.5606,5757.6081,5923.0139,5768.729,5796.8463,5601.8998,5810.4966,5603.3841,6215.2642,6418.9358,6345.4838,6180.4555,6332.7219,6129.6513,6197.0207,6286.5857,6370.1219,6402.1765,6377.3936,6463.6276,6379.3535,6177.2683,6684.867,6849.1192,6732.6313,6880.4037,7071.11,7023.8457,7061.1155,7445.9009,7727.8222,8278.1414,8653.8206,8611.4588,8783.3197,9564.8777,8906.1831,8935.0424,9545.2102,9824.6134,9505.9829,9182.163,9629.7898,10268.5004,10588.3783,10680.0669,11012.7005,10535.8554,10992.8713,11295.9621,11422.0733,11546.597,11154.0661,10681.5356,11010.874,10805.7158,10655.338,10834.7428,10544.7776,10842.3165,10246.0427,10177.3578,11014.6595,11118.9198,11281.4643,11470.3673,11638.674,11969.4376,12398.6559,12555.1398,13514.4064,13952.2598,13384.7369,13249.0277,13009.0132,12569.2602,13010.8218,12789.4763,13892.6659,14158.6739,14035.901,14675.9655,15138.2728,15187.4787,15243.7832,14972.0046,16054.5125,16143.5584,16188.746,16011.4716,15144.9908,14943.2597,14749.6911,14052.0472,14254.0997,15567.441,15927.7995,16339.3278,16554.5523
JNPR.N,瞻博网络,150.78,129.24,132.36,135.48,153.9,151.08,143.94,136.44,142.8,139.98,134.94,133.8,108.78,110.34,114.72,110.88,95.58,95.94,80.7,87.96,103.68,103.32,127.74,113.64,108.72,113.46,118.08,134.16,146.46,151.02,179.76,197.52,219.66,216,178.32,199.2,162.9,160.92,150,165.72,165.12,133.08,156.18,154.2,126.42,112.44,104.28,105.06,84.96,85.26,90.3,129.9,148.38,141.6,156.78,138.42,162.12,153.06,156.78,160.02,148.98,167.88,184.08,170.46,159.72,136.92,166.68,163.2,182.1,194.34,204.12,221.52,222.72,264,252.48,229.98,219.66,189,140.34,125.58,103.56,146.82,136.26,122.46,125.58,136.56,137.28,128.58,103.2,97.86,105.18,104.64,102.66,99.42,107.88,118.02,134.28,124.08,111.24,99.3,106.38,115.86,130.02,113.4,119.16,111.84,121.62,135.42,159.66,160.44,154.56,148.14,146.76,147.24,141.24,139.7415,133.4746,126.9666,134.1391,135.1076,137.5894,145.335,137.2507,160.6526,169.5934,158.4295,173.3757,157.4489,157.4489,192.2335,185.1259,169.581,145.0041,152.3732,157.37,144.3535,145.0461,139.3459,140.5851,143.6211,149.7194,163.9072,172.0242,176.5215,167.277,175.5151,174.4494,188.4906,184.4812,175.3609,175.8012,175.0556,175.6869,156.7483,175.8389,180.5262,165.6407,163.6657,155.1826,156.8409,171.0567,176.0651,169.1304,183.7034,193.6542,189.1311
JPM.N,摩根大通(JPMORGAN CHASE),867.0745,848.9572,803.664,832.6015,838.7012,828.6133,832.4034,802.7932,803.7407,876.1931,915.1935,949.6478,959.198,992.7398,1004.8052,1104.0063,1037.3475,1021.7776,1118.9029,1119.8839,1151.7685,1171.8856,1143.2307,1193.1297,1267.0163,1228.7047,1203.5784,1305.3231,1298.5585,1213.8753,1111.2261,1124.1033,1156.9275,1196.3616,1161.2344,1111.089,1217.1393,1043.8125,1102.872,1233.5321,1113.156,888.1949,1063.5827,1007.5633,1222.4787,1088.1441,835.1671,831.7378,681.1438,610.119,709.714,882.7032,987.0226,912.3941,1035.3503,1164.1999,1173.8435,1120.2824,1139.593,1117.6004,1045.6356,1126.9987,1201.6486,1144.6576,1064.0101,984.169,1084.3087,978.7851,1024.5479,1014.2793,1008.0799,1143.389,1212.7045,1259.9282,1244.007,1238.0016,1173.1577,1110.7557,1104.2042,1025.313,822.2158,957.2314,852.8612,915.6485,1034.5727,1088.3815,1275.3258,1199.9197,925.4848,997.5135,1013.4314,1045.5234,1139.5473,1181.9941,1164.9788,1246.9102,1343.447,1396.8422,1355.154,1408.1621,1568.4874,1516.7695,1612.9187,1462.4221,1495.9944,1502.6424,1668.2422,1704.9773,1624.5704,1667.4149,1781.5692,1653.1188,1641.0113,1701.5489,1714.9305,1767.8622,1791.3544,1810.6085,1801.0285,1873.4768,1638.4636,1846.3599,1825.269,1918.6859,1995.1179,2055.1717,2092.111,1956.8702,1861.3163,1975.6022,2050.3215,2030.3348,1841.8193,1742.7635,1833.1519,1970.8368,2035.3879,1937.7816,2010.3778,2121.3146,2092.7162,2192.4487,2537.8085,2731.5391,2693.8144,2884.479,2795.9903,2785.1642,2629.8993,2926.0231,2954.9935,2925.7011,3074.4165,3257.5143,3384.1109,3462.4648,3764.6308,3759.098,3579.1169,3558.3406,3500.4415,3408.5226,3780.6033,3768.4343,3711.2072,3610.6799
JWN.N,诺德斯特龙(NORDSTROM),988.8658,1104.5515,1137.836,1044.3518,1257.7142,1400.5051,1525.1639,1387.403,1417.9771,1431.6115,1527.1406,1548.6729,1727.5571,1577.6469,1626.637,1591.3476,1533.5499,1519.8092,1428.2042,1559.929,1766.6666,1977.5807,2051.6769,2065.0702,2331.6793,2222.5721,2220.894,2303.9573,2184.2169,2150.1476,2001.2524,2028.9644,1977.924,1663.6665,1420.3752,1555.4675,1645.2468,1574.7233,1386.3348,1499.4529,1494.7018,1294.7245,1228.0654,1336.1779,1238.2202,775.0691,496.6414,581.3806,554.299,595.3272,740.2918,1000.1674,876.7974,885.7034,1177.3755,1255.6015,1367.5489,1423.0748,1504.9713,1690.7869,1554.0122,1669.3728,1846.0714,1867.7633,1803.5116,1462.3436,1544.5692,1322.554,1701.2105,1761.1187,1966.2625,1946.9674,1891.8385,2079.2766,2072.5993,2195.9024,2173.6156,2178.7212,2328.1776,2110.027,2131.0198,2364.7416,2123.3863,2331.1292,2315.654,2527.1487,2626.1232,2632.7215,2244.5255,2354.4537,2565.3073,2752.9587,2626.8072,2702.4981,2587.8195,2559.5923,2642.3604,2594.0391,2657.0184,2722.4456,2843.9563,2898.1085,2960.9637,2708.9303,2731.7761,2939.3328,3038.4024,3018.3775,2805.9189,3002.7484,3066.5577,3009.1057,3358.3494,3351.9347,3416.0818,3433.2516,3389.6233,3599.8325,3802.2826,3953.1589,3794.3155,4023.4237,4017.9211,3779.8073,3651.9013,3745.4109,3836.4068,3682.4289,3623.312,3528.445,3066.5358,2712.5581,2673.8929,2794.7899,3137.5557,2804.1116,2103.3011,2107.1777,2449.421,2814.3475,2893.5463,2900.2392,3138.9313,2690.4324,2482.1807,2640.1699,2635.0774,2731.2688,2386.4267,2730.6888,2772.9365,2568.7351,2714.385,2282.6165,2640.2515,2752.3678,2864.4841,2980.6668,2832.9665,2958.7851,2890.1966,3052.3023,3089.4392,3727.0038,3546.7318,3900.1597
K.N,家乐氏(KELLOGG),794.3918,787.522,774.4563,804.5253,818.703,799.8057,815.4634,820.8373,835.3237,799.832,802.9464,787.4595,781.6292,812.3363,807.3864,849.0024,868.5802,893.107,888.3122,940.3669,918.4806,933.1333,928.7289,933.9528,919.214,935.2537,965.0902,992.8626,1018.452,977.1328,977.5102,1042.3709,1062.6756,1001.7616,1031.3843,1000.6565,912.2903,973.8824,1009.2125,982.5229,1000.9196,927.7004,1025.0684,1058.3531,1090.6247,980.2014,844.3107,859.2022,856.0672,769.3607,724.0926,832.4199,861.7325,927.8817,946.4115,945.7951,988.7766,1035.1726,1063.5905,1076.1319,1100.8101,1062.5094,1088.5883,1119.3531,1096.3587,1032.1325,1027.0026,1027.6536,1044.8225,1039.6512,1026.7492,1065.3331,1049.0653,1125.6418,1134.4687,1203.6129,1206.3328,1170.9831,1180.7201,1159.0176,1134.907,1156.6706,1058.2791,1088.6325,1066.0289,1136.1865,1163.9671,1097.5539,1067.8002,1079.8398,1044.1589,1118.3041,1140.6039,1155.1761,1234.2401,1242.9194,1301.8941,1356.2688,1444.3702,1458.045,1400.7049,1449.9159,1495.2892,1380.8555,1335.8202,1438.6281,1389.6185,1399.4723,1328.6623,1390.7643,1448.0334,1543.1681,1603.6587,1527.4047,1390.9379,1521.8568,1442.9179,1498.1985,1563.6012,1544.484,1547.7882,1521.8265,1568.3879,1506.0805,1504.4194,1502.7417,1585.9078,1600.4238,1606.9433,1702.8046,1672.6374,1757.765,1786.222,1812.4263,1874.375,1880.7412,1833.1639,2012.6103,2038.7385,2039.1725,1921.5995,1863.5571,1798.5767,1841.2929,1816.3127,1863.1642,1826.4392,1785.9411,1814.0231,1759.8051,1722.8152,1672.0818,1593.1522,1597.2392,1703.735,1750.6031,1753.9508,1704.765,1687.7415,1529.1182,1685.4417,1828.8836,1859.2472,1893.9224,1847.2273,1727.4556
KEY.N,科凯国际(KEYCORP NEW),316.5729,315.7103,310.4485,317.241,316.5296,320.2979,330.8295,323.142,314.6537,314.5561,326.6771,324.4113,348.6461,370.5726,365.8994,380.0184,358.5966,358.1951,370.4428,372.7726,379.3587,376.3189,369.223,388.9626,390.3945,389.3637,386.7831,368.3059,371.3159,357.969,361.7228,350.9385,340.7159,299.8258,281.7733,250.8574,279.6338,239.7043,238.6172,262.3159,215.235,121.3806,116.6271,135.0152,134.2283,139.5119,106.1856,96.45,82.4127,79.9771,89.7889,70.1654,57.1587,59.9023,66.0754,76.2512,74.4194,61.7108,67.2062,63.6509,82.3448,82.1182,89.0093,103.5953,92.2299,88.4349,97.2898,84.8705,91.6647,94.4285,86.8271,102.0478,102.6243,105.5084,102.5071,100.0829,98.1272,96.5053,93.1455,77.2913,69.0267,82.1802,85.2409,89.918,90.8535,95.0659,99.7605,94.3617,88.6085,91.444,94.2795,100.1967,103.8812,100.0778,96.6159,100.6814,112.3997,112.2801,119.7334,119.8536,130.2611,133.4029,148.3865,141.6463,138.3692,152.1454,155.4202,163.5874,155.5421,161.2215,174.32,166.975,168.4083,176.2813,166.5631,168.227,164.7661,163.1592,167.6675,172.6355,161.3334,173.8087,176.6785,180.2969,182.8418,188.3597,186.1024,173.2438,164.0395,156.6003,166.2485,167.263,141.5205,134.7303,140.9879,156.9512,164.8005,142.0473,151.5123,162.6491,157.5986,182.8507,225.2533,237.7457,233.8418,245.3462,232.4058,238.4185,229.5606,246.2487,237.0505,227.3686,248.639,241.1085,252.2127,268.0258,284.3705,282.1956,261.0944,266.0358,261.1585,262.5019,280.3693,285.3323,269.3526,245.9248
KIM.N,金克地产(KIMCO REALTY),255.6604,256.2877,260.1,270.3497,281.9173,287.5303,323.8292,311.8939,309.9212,295.2675,313.5098,323.0501,353.3612,361.8202,409.2505,376.9653,363.97,370.4677,402.023,425.6895,439.2132,459.0507,479.1981,468.137,516.565,523.5428,507.6084,504.3559,485.6799,399.4347,395.4096,453.5612,478.8768,443.7171,422.0229,393.2636,387.3214,364.8492,423.1905,435.3993,429.29,376.597,389.5108,409.93,407.7225,252.2294,158.0623,209.3808,164.7099,101.3687,87.2802,146.6131,142.5879,122.5841,120.7435,153.9971,160.0097,155.8184,151.8736,168.7391,157.3901,173.2289,197.0192,196.3894,180.1391,171.1919,191.9541,189.8842,200.4882,221.4635,214.3859,234.4747,235.1246,251.8913,238.3739,256.4883,256.0945,244.6746,252.2295,234.6013,199.2123,234.3595,211.5541,220.3939,247.6717,249.8431,261.3785,266.0386,246.0275,260.8302,269.8291,281.3201,280.6279,272.8016,269.1679,272.9566,293.4425,307.5707,316.4714,339.1478,315.901,305.6324,324.7884,288.4928,290.6532,312.6305,300.1136,290.7005,307.7746,327.6452,322.052,340.865,340.865,341.7573,336.1252,352.7963,329.0663,378.6121,386.1996,385.0635,423.5086,402.5246,411.2552,372.4633,370.2997,348.3537,386.0009,360.0696,381.6269,422.3296,411.6017,421.4235,433.05,426.0423,458.3737,451.8657,452.8298,504.2512,520.047,486.8353,469.0144,434.9355,417.4465,415.7786,411.3167,400.7405,365.0457,339.449,293.4419,306.993,342.6504,333.1418,331.9532,312.7126,318.9117,317.378,278.2085,261.5964,251.804,258.7589,275.7004,302.9851,302.6225,310.2379,303.5291,296.7061
KLAC.O,科天半导体(KLA TENCOR),277.5,296.46,276.06,234.3945,273.2697,262.8589,311.1219,305.9238,294.1598,279.3191,309.5656,298.3175,314.3431,316.5722,293.1157,291.9035,249.3683,252.5887,256.3559,267.5814,270.9939,299.6351,315.6498,303.9206,300.8662,316.8433,326.5188,340.1748,337.418,337.2339,348.5262,353.6297,343.2306,323.9708,296.7391,297.2328,257.8569,260.1989,229.7876,270.5424,286.5935,252.9753,233.5874,231.1716,197.4253,145.028,118.4987,137.272,126.2474,109.5868,127.0572,176.2283,172.5498,161.366,203.7366,200.3585,230.2839,208.771,201.5139,233.2504,181.9044,188.8807,200.5195,220.8471,200.4195,181.5956,206.2816,183.9705,231.4123,234.6309,242.4912,255.5184,291.492,324.4983,314.528,291.7959,288.1043,270.5907,266.1789,247.6406,258.4428,317.9225,313.5339,328.1564,347.6077,331.4603,372.7644,357.1127,316.1365,339.7278,351.1785,356.6339,331.577,323.5714,318.8688,334.9279,385.0689,386.7497,372.4832,383.1478,400.4841,396.4999,417.1324,395.3712,436.2346,470.2874,461.1308,465.3906,443.8032,473.714,502.7258,465.2795,479.8323,531.9752,523.5532,563.5212,580.9239,583.6523,640.9049,649.027,567.3449,604.2337,542.2335,546.9777,559.7309,527.363,497.7158,474.7663,473.7241,635.9272,634.7022,662.2025,639.6676,652.1168,700.9245,673.2957,707.357,710.4607,734.3206,676.8274,681.225,733.9952,785.8393,774.4218,837.7102,892.5853,941.6121,972.811,1035.6085,911.2359,922.3886,939.231,1062.6373,1091.6092,1030.911,1059.4466,1107.1403,1149.038,1105.4332,1031.7106,1156.0327,1046.79,1198.8109,1194.1684,1045.1671,940.6607
KMB.N,金佰利(KIMBERLY CLARK),2327.6289,2344.3285,2351.3667,2234.0309,2301.2844,2254.5713,2296.7162,2244.8456,2159.8078,2062.2119,2139.8533,2180.6148,2088.126,2163.4331,2130.7287,2157.6393,2236.5279,2293.1629,2269.0048,2360.0623,2447.8719,2491.3164,2489.4438,2563.388,2618.0887,2565.2742,2604.0494,2705.9453,2697.961,2562.0811,2576.6362,2631.0264,2711.9477,2736.2649,2694.5783,2697.3219,2553.0031,2535.4981,2533.602,2511.6219,2504.1644,2368.1529,2290.9047,2443.4204,2592.5151,2450.5745,2310.6331,2130.3456,2079.046,1902.931,1887.0985,2011.1043,2123.6509,2169.9103,2419.0588,2502.2463,2466.0297,2557.1783,2758.2906,2687.9331,2505.6717,2562.6284,2682.2538,2613.1499,2589.2622,2614.5087,2765.0057,2777.08,2833.293,2758.8129,2695.6572,2775.3185,2849.7203,2901.2292,2904.5489,2939.7043,3039.3854,2993.7548,2939.7808,3110.6983,3227.0007,3167.9231,3247.9051,3376.2697,3284.4734,3345.0589,3426.3401,3638.7185,3679.5248,3921.0974,4068.0742,3913.1401,4050.9836,3940.9487,4048.1501,4021.9131,4263.9043,4491.1283,4707.1522,4957.4508,4651.9039,4705.8598,4786.277,4528.5544,4604.6639,5278.1119,5334.8027,5144.2398,5386.0378,5434.2989,5470.8274,5570.0714,5575.0336,5561.0064,5193.5059,5400.0062,5420.6668,5758.2932,6130.0164,6119.0362,5717.5969,5807.6295,5718.2188,5855.9557,5811.645,5703.674,6188.0853,5733.8152,5918.981,6498.1769,6467.7787,6960.7519,7021.9934,7124.7916,7406.7581,6893.5547,6995.4245,7624.1729,7184.4021,7101.7717,7045.4404,6390.2714,6457.2964,6425.7539,6820.4659,7463.4917,7465.9855,7359.3528,7358.2185,7377.698,7037.6987,7045.1273,6779.214,6481.3849,6899.037,7006.5181,6793.9882,6440.9331,6452.7969,6066.6721,5909.0581,6234.0148,6738.2279,6837.6502,6783.3396,6225.8212
KMX.N,车美仕(CARMAX),28.93,33,31.5,27.28,25.53,26.65,29.22,31.86,31.27,26.87,27.42,27.68,29.89,31.42,32.68,35.31,31.81,35.46,34.8,37.69,41.71,44.3,46.14,53.63,57.43,52.7,49.08,49.84,48,51,47.86,45.32,40.66,41.74,45.74,39.5,44.22,36.72,38.84,41.5,39.32,28.38,26.8,29.6,28,21.24,15.22,15.76,16.54,18.86,24.88,25.52,22.42,29.4,32.26,34.62,41.8,39.34,39.76,48.5,41.26,40.38,50.24,49.14,43.46,39.8,42.2,39.86,55.72,61.98,65.8,63.76,65.3,70.74,64.2,69.4,59.32,66.14,63.94,56.22,47.7,60.12,57.52,60.96,60.86,61.38,69.3,61.74,56.42,51.88,55.66,61.18,56.6,67.5,72.52,75.08,78.84,76.82,83.4,92.08,93.54,92.32,98.08,95.12,96.94,93.98,100.7,94.04,90.22,96.86,93.6,87.56,88.62,104.02,97.62,104.8,92.9,111.82,113.96,133.16,124.2,134.22,138.02,136.22,142.08,132.42,129.02,122,118.64,118.02,114.6,107.94,88.36,92.52,102.2,105.9,107.32,98.06,116.52,117.9,106.7,99.88,115.58,128.78,133.42,129.08,118.44,117,125.66,126.12,132.5,134.3,151.62,150.2,137.82,128.26,142.74,123.84,123.88,125,137.84,145.74,149.36,156.1,149.34,135.82
KO.N,可口可乐(COCA COLA),1880.4604,1939.8338,1900.9768,1981.7238,2036.0114,1916.8384,2009.1221,2020.141,1995.5794,1976.6355,1985.4723,1874.7807,1924.5454,1951.9857,1961.5523,1965.7686,2062.7453,2029.958,2099.7938,2114.4216,2122.9843,2219.9156,2240.0181,2307.941,2290.2428,2232.8432,2312.3791,2514.2305,2552.7702,2536.8776,2527.1782,2608.1681,2804.2518,3013.5826,3046.6204,3010.8067,2894.5347,2868.0423,3005.4811,2906.7303,2827.2359,2583.4568,2559.6003,2587.9299,2646.8798,2205.3994,2366.001,2285.2329,2156.5087,2062.1109,2242.0733,2196.1606,2507.8572,2469.0821,2564.2644,2509.213,2785.4398,2765.2104,2988.0687,2977.621,2833.9638,2754.0382,2896.6583,2815.0252,2707.0589,2661.9769,2927.0061,2968.0351,3131.6647,3281.5051,3403.8684,3543.9674,3386.6254,3444.2815,3600.6008,3661.3888,3626.11,3678.6025,3717.9634,3851.353,3718.5535,3760.3845,3727.2706,3879.1778,3743.9028,3873.0793,4133.2068,4262.2125,4173.4164,4396.462,4543.2169,4205.8493,4294.4445,4209.5293,4322.7698,4132.3946,4245.2518,4413.9674,4643.4143,4860.4284,4591.7442,4637.3555,4633.887,4414.2167,4411.3831,4608.1951,4713.1857,4844.531,4435.2497,4479.8133,4569.68,4821.4498,4835.634,5044.6826,4679.0741,4968.4646,5117.4223,5023.8548,5414.9036,5099.6482,4972.8213,5230.0987,4938.5749,4939.7928,4988.5087,4817.2292,5044.3991,4828.2807,4969.1983,5245.4025,5319.328,5361.7628,5356.7704,5382.9802,5835.0078,5635.015,5609.8587,5745.4039,5529.9354,5504.5862,5407.7206,5417.9431,5199.5798,5342.6166,5356.7914,5407.0476,5517.1715,5609.471,5911.0695,5878.4522,6008.2107,5970.2006,5946.3652,6074.5139,6096.3446,6110.996,6338.7598,5756.6968,5835.7326,5806.171,5777.9531,5946.0001,6321.5227,6042.2532,6315.1363,6546.1946
KR.N,克罗格(KROGER),652.555,686.5184,611.7227,601.8008,639.9619,726.206,757.4981,753.3004,785.7373,759.4062,742.6153,720.4818,702.1645,764.7487,776.9603,773.1442,769.8962,836.8936,877.8577,914.1245,888.4015,863.4464,826.3337,888.328,985.7476,989.7718,1090.5247,1139.1641,1173.4828,1088.7227,1004.7366,1031.772,1107.0782,1140.8495,1119.1487,1039.7378,990.6899,946.7319,991.6284,1063.8533,1082.6641,1130.8435,1107.7331,1085.0985,1079.5983,1078.8126,1090.2083,1040.94,886.8289,818.1345,839.9039,855.7362,906.2192,876.4094,849.7792,861.8283,823.9062,923.3019,911.3996,822.8247,858.896,889.7041,871.9906,894.9377,813.8848,796.0949,856.3378,801.1703,879.5412,893.3475,960.7279,912.1815,873.0181,938.5871,982.4425,996.3778,1021.6469,1020.8236,1023.705,974.4481,908.2716,958.7312,963.6021,1006.8354,987.713,993.7966,1012.177,972.0743,924.0436,973.5834,930.7609,940.1844,993.3546,1064.2482,1113.9989,1104.659,1175.9821,1246.64,1414.3667,1467.288,1443.2632,1480.5557,1683.307,1574.921,1735.8555,1843.4321,1803.6297,1707.7241,1559.5456,1819.9342,1894.1375,1997.8486,2078.9648,2152.5603,2132.9639,2227.3935,2271.9589,2434.0544,2622.8259,2814.3658,3026.5061,3126.6191,3368.7509,3028.1845,3207.4442,3194.6673,3457.6954,3048.584,3187.3167,3340.1877,3337.2362,3706.7603,3439.1433,3546.7586,3399.2362,3145.0711,3187.4499,3279.2585,3047.5088,2861.9801,2655.3163,2771.6206,2900.4933,3098.9481,3049.5589,2865.8661,2657.6852,2672.1047,2694.5845,2110.0641,2218.6438,1989.4143,1824.7669,1882.9847,2365.723,2511.1793,2777.3917,2492.0682,2199.8566,2314.7197,2247.1261,2627.6505,2678.4486,2923.0405,2743.7377,2805.0028
KSS.N,柯尔百货(KOHLS),376.08,382.96,413.04,380.8,389.52,447.28,450.8,419.6,401.44,385.04,368,388.8,355.12,384.88,424.08,446.72,429.52,472.96,453.04,500.08,519.36,564.8,556.8,547.44,567.28,552,612.88,592.32,602.56,568.24,486.4,474.4,458.64,439.76,394.24,366.4,364.24,355.52,343.12,390.8,358.4,320.32,335.28,393.36,368.64,281.04,261.28,289.6,293.68,281.12,338.56,362.8,339.76,342,388.4,412.72,456.4,457.76,425.12,431.44,402.96,430.56,438.24,439.92,406,380,381.52,375.52,421.44,409.76,451.36,434.72,406.24,431.12,426.2907,423.6384,427.8981,403.931,441.893,374.2884,398.7774,430.5334,436.9495,402.8015,375.3767,405.495,411.0696,411.8912,376.4783,376.4618,411.4681,434.6274,426.4677,443.6197,371.7646,360.4431,388.2017,386.6083,389.7838,397.642,434.3981,429.6877,450.6999,436.4933,443.1972,486.4464,473.4288,489.148,436.3976,484.3212,493.0468,475.5992,472.561,460.5978,468.117,514.0194,537.0985,477.1666,524.6897,540.8834,529.1867,653.9514,697.663,638.8186,583.8971,562.2088,550.6252,458.2257,419.5051,417.7839,426.9331,435.5388,454.9245,426.7604,430.7478,409.3999,333.0648,355.1052,389.4732,415.6004,414.4186,414.4186,509.9007,472.0224,380.7341,407.4037,385.6741,378.1175,372.3048,379.9915,406.3266,390.8989,454.8696,416.1086,477.9868,546.3551,652.5433,665.842,666.4485,631.9612,679.0633,747.4592,757.4048,811.1317,770.1764,782.367
KSU.N,堪萨斯南方铁路(KANSAS),17.46,19.62,19.26,18.92,19.99,20.18,22.56,20.11,23.31,22.16,24.97,24.43,25.98,23.17,24.7,24.3,26.53,27.7,24.62,26.35,27.31,28.39,27.05,28.98,30.06,32.06,35.58,37.15,41.05,37.54,34.51,30.39,32.17,38.69,34.43,34.33,35.89,35.8,40.11,45.08,49.96,43.99,55,51.43,44.36,30.87,21.92,19.05,18.16,17.69,12.71,15.25,16.49,16.11,20.31,23.9,26.49,24.23,28.63,33.29,29.7,34.3,36.17,40.55,38.17,36.35,36.7,33.57,37.41,43.82,47.34,47.86,49.98,53.84,54.45,58.11,58.89,59.33,59.35,54.16,49.96,63.17,68.03,68.01,68.64,69.58,71.69,77.236,66.165,69.9616,73.2203,77.7764,76.4116,81.1306,78.8014,84.3886,94.1234,104.0907,112.3385,110.4848,112.1359,107.5523,109.3692,107.0042,111.2246,123.5919,123.0834,126.1606,107.5773,95.6877,104.2826,103.0769,109.8615,110.1455,111.7335,118.1879,124.4723,126.1052,122.1513,125.6121,113.3216,119.2404,105.3759,105.7991,93.422,94.476,102.753,96.0713,94.4829,86.041,94.5245,77.9802,74.0222,85.3323,89.5924,99.3433,97.6133,94.7945,101.1289,101.7707,98.5287,92.6583,93.6613,89.9303,91.0538,93.9366,91.2361,95.8213,101.2789,111.7105,110.152,110.4082,116.4154,111.638,120.1217,113.0893,121.5909,110.7463,118.458,114.9856,115.5464,114.6458,125.8009,125.4655,122.9388,110.6536
L.N,洛斯保险(LOEWS),2847.287,2990.8492,3085.6769,2974.0655,3165.9286,3258.4259,3516.1568,3693.1685,3891.9569,3915.9632,4073.8568,4000.8834,4162.8591,3897.8974,4275.6039,4484.7367,4314.8469,4501.5104,4705.9513,4894.1818,4820.4129,4950.1443,5085.2958,5282.7459,5536.2464,5536.4873,5795.4521,6036.5571,6517.8219,6511.4356,6054.179,6012.3528,6183.7323,6278.3747,6120.4343,6447.0111,5956.5055,5366.0611,5158.2929,5400.6891,6365.6364,6022.7627,5722.2666,5585.2732,5078.5733,4269.6539,3531.1058,3641.9766,3145.6364,2566.8783,2857.8342,3218.6196,3506.5692,3551.9407,3891.5789,4435.0942,4448.0813,4298.7297,4608.1201,4729.1125,4653.6548,4751.5331,4858.397,4853.1841,4245.1906,4349.6554,4851.0867,4596.6076,4957.6388,5165.2971,4901.6022,5098.138,5247.5052,5675.0631,5654.0687,5807.5906,5521.8875,5531.0862,5239.354,4952.008,4547.8968,5225.8033,5067.4725,4964.6198,4919.7866,5169.3216,5265.7346,5432.1461,5144.4107,5411.6184,5237.0074,5385.594,5466.4111,5601.5478,5424.3879,5407.1381,5754.7872,5720.2877,5856.1671,5935.897,6096.9643,5908.0143,6061.0372,5924.2136,6228.0194,6437.219,6317.5178,6436.2632,5949.2739,5809.5247,5885.6845,5874.9954,5771.0975,5888.8477,5637.2905,5861.1086,5582.3911,5842.3488,5587.8217,5638.8152,5134.2473,5511.5304,5487.3393,5596.1991,5400.3084,5183.5961,5129.7545,4914.8951,4873.0949,4916.2435,5117.5118,5186.3936,4998.6569,4917.951,5176.3633,5368.4813,5485.1876,5567.8448,5600.3657,5680.7525,5584.3996,5839.5313,6067.9075,6364.1681,6330.1933,6393.0808,6364.5038,6344.0917,6426.2351,6378.5425,6633.3571,6355.6347,6530.2851,6755.4203,6869.1973,6835.0426,7056.3652,6747.7894,6802.5049,7175.9382,6693.3459,6612.5382,6954.9438,6899.2286,6888.2578,6384.9748
LB.N,L BRANDS,1666.8755,1672.5021,1719.6377,1534.9359,1455.6768,1526.9637,1737.9727,1577.8723,1466.6029,1436.4524,1607.9792,1615.2061,1709.8782,1721.4092,1778.8622,1864.6782,1986.3257,1871.505,1840.0573,1892.9848,1948.8988,2168.1407,2342.7718,2139.4704,2065.5426,2055.5863,1936.6804,2048.8979,1962.0121,2051.704,1805.0511,1742.4336,1722.1203,1655.9138,1523.521,1436.2675,1446.8897,1166.7525,1308.293,1416.9349,1494.7802,1299.6412,1271.8744,1616.1361,1345.7441,930.8323,737.8438,795.6983,627.6824,620.1215,701.5679,920.9086,1008.8062,976.288,1055.4024,1228.8238,1399.3108,1449.5509,1378.3662,1598.5392,1580.2607,1850.1876,2143.0336,2332.7904,2163.9242,1932.5599,2245.1671,2079.2855,2359.4604,2589.4152,2979.9576,2975.5295,2831.2555,3119.5,3203.2842,4009.9506,3893.0425,3870.865,3811.4681,3820.7863,3898.7409,4323.9476,4306.936,4300.9301,4461.8818,4986.8092,5144.3551,5326.551,4754.2415,4585.1417,5126.3458,5373.4536,5446.4264,5294.9525,5795.9339,5554.1532,5667.4551,5408.7472,5306.5608,5989.7835,5942.255,5885.9473,6665.163,6889.258,7338.453,7519.8125,7842.1905,7463.294,6318.1581,6965.7237,7020.1338,6702.3296,7096.8025,7296.6229,7210.7949,7985.1432,8376.584,9019.3975,10162.1132,10871.8282,10630.6507,11857.6926,12171.3677,11534.9817,11168.382,11130.9775,10480.4911,10960.742,11774.6327,12538.8799,12533.4173,12587.2764,12630.6264,11497.1454,11906.644,10615.7745,9295.0739,9182.9038,10108.9914,10509.9574,9759.7387,9955.5678,9769.1979,9159.8403,8376.5794,7396.9736,6621.0083,7423.6826,7339.5315,7665.2588,6598.4664,5231.2577,6009.7358,6216.2708,8197.1746,8803.8854,7322.9263,7303.2615,5656.9556,5168.3936,5105.0042,5552.1249,4767.7818,4053.7847,4647.3582,4972.5199
LEG.N,礼恩派(LEGGETT & PLATT),1163.1804,1129.3053,1184.8029,1106.0349,1092.9069,1097.2236,1043.9723,999.3899,839.386,832.7374,975.6823,960.4615,1029.9025,982.2141,1026.3501,1117.3192,1069.3077,1059.3853,967.7811,977.5353,1068.8474,997.1069,1015.4691,1028.008,1042.6324,1024.1368,982.162,1018.9877,1060.1458,962.7223,905.09,890.6819,844.4178,856.3172,906.9999,778.5139,847.2588,745.4806,692.0165,753.277,866.7223,771.2417,896.7927,1026.0228,1012.9442,807.0084,678.7052,717.9012,590.2953,540.1982,628.0199,694.2544,709.7253,747.8352,851.933,896.1255,965.8171,962.3322,968.8041,1029.1013,921.1465,955.9544,1104.9861,1252.5559,1188.7282,1036.0452,1076.3301,990.079,1190.5206,1066.0285,1082.767,1205.1915,1193.0125,1221.0772,1312.4656,1408.356,1383.7138,1321.3624,1176.1101,1202.6674,1087.327,1203.2572,1229.63,1281.4796,1193.6003,1258.6755,1295.7163,1225.8907,1170.7059,1206.0243,1323.031,1354.9938,1446.8339,1532.3155,1608.5558,1589.1301,1718.7359,1785.2902,1989.8539,1899.1382,1885.0007,1848.2138,1867.2369,1719.2134,1810.2807,1785.6633,1813.8832,1876.7093,1820.9054,1944.0379,1998.5204,2011.9908,2076.8938,2117.5934,2026.1687,2167.6299,2176.1422,2454.0802,2622.9618,2675.3711,2676.6268,2828.5723,2914.1859,2685.3,2989.4274,3097.4355,3042.0787,2826.3781,2643.8077,2886.0766,2986.7016,2713.0759,2680.1471,2883.5309,3146.8382,3204.7036,3267.7704,3345.7136,3441.2867,3435.3952,3004.1175,3023.8901,3167.571,3243.5978,3166.622,3263.5053,3362.5624,3510.9108,3476.1625,3534.345,3241.6665,3092.9724,3236.9273,3205.0531,3271.5142,3262.3039,3178.918,2970.4531,3055.36,2792.9406,2844.598,3101.4184,3027.0789,3156.9994,3067.6944,2543.6854
LEN.N,莱纳房产(LENNAR),907.867,980.1315,913.4142,829.4536,937.3938,1025.2997,1087.0278,1005.5438,967.6537,899.9698,936.5286,990.7589,1015.7633,974.5067,982.9722,894.2474,782.3146,724.5105,730.3889,734.7871,741.5058,778.0485,863.2195,862.5618,894.131,811.1822,696.0765,704.3219,755.5878,605.1323,507.477,470.3729,376.8641,380.1918,265.4137,299.7633,344.1665,314.4619,317.8413,311.2513,287.7285,210.3418,208.9804,227.1151,262.3481,134.2319,123.3061,150.3606,134.035,116.4309,130.8976,169.766,166.4407,169.591,208.074,266.2434,250.4269,222.0655,223.2992,225.0617,271.4176,289.9715,304.1079,351.9947,306.3133,246.29,262.2637,233.4981,273.0951,258.2812,270.3853,333.7541,345.307,359.5759,323.1903,339.4257,339.2469,324.4116,316.8652,263.308,242.5299,297.0423,330.6257,352.8949,386.6309,420.6342,489.0008,499.8517,491.7431,556.9725,527.0026,585.0974,627.3153,676.7644,687.0594,698.4382,750.9785,697.6471,749.8938,745.9751,711.59,652.2305,613.6826,576.358,641.4043,644.8958,648.7053,717.6394,729.3141,796.8701,719.5076,701.5368,743.5308,763.1644,659.2757,712.9568,706.5878,784.743,860.5213,816.2565,818.8077,915.4383,944.6098,835.7225,850.8676,931.3379,968.589,929.5094,878.9251,921.8412,942.8298,900.4844,776.791,772.9209,891.2364,835.7336,840.5292,850.305,863.9621,873.1924,781.6272,770.3556,786.062,793.2685,825.7633,902.329,946.715,934.6855,949.6775,986.8798,971.3038,958.7088,977.9718,1031.868,1163.655,1172.1813,1162.0867,1049.3276,1093.0959,981.6142,960.2707,974.3759,970.8217,959.6777,867.1832,799.0185
LH.N,美国控股实验室,19.14,19.156,19.28,19.8,19.38,19.96,20.268,19.728,19.484,19.3,20.756,21.54,23.46,23.244,23.392,22.84,23.744,24.892,25.768,27.368,26.228,27.396,28.32,29.388,29.376,31.872,29.052,31.576,31.496,31.304,29.54,31.064,31.292,27.5,29.068,30.212,29.508,30.924,29.472,30.248,29.516,27.852,27.032,29.26,27.8,24.596,25.344,25.764,23.68,22.004,23.396,25.66,24.384,27.116,26.876,27.916,26.28,27.556,29.184,29.936,28.44,29.324,30.284,31.428,30.244,30.14,29.192,29.048,31.372,32.528,32.812,35.168,35.964,36.052,36.852,38.588,40.332,38.716,36.304,33.412,31.62,33.54,34.288,34.388,36.556,35.956,36.616,35.156,33.312,37.044,33.636,35.18,36.988,33.892,33.836,34.648,35.8,35.44,36.08,37.344,39.796,40.04,38.696,38.288,39.656,40.36,40.74,36.548,35.932,37.416,39.284,39.48,41.032,40.96,41.476,42.892,40.7,43.716,41.856,43.16,45.912,49.212,50.436,47.824,47.18,48.488,50.916,47.124,43.388,49.096,48.616,49.456,44.94,43.936,46.852,50.128,51.18,52.108,55.824,54.772,54.992,50.136,50.34,51.352,53.684,56.904,57.388,56.06,55.6,61.656,63.564,62.748,60.388,61.484,63.308,63.804,69.8,69.08,64.7,68.3,72.236,71.812,70.136,69.148,69.472,64.22
LKQ.O,LKQ,16.73,18.19,20.07,20.14,24.82,27.15,30.8,31.28,30.2,30.3,32.59,34.62,44.98,44.04,41.62,42.08,39.1,38,44.8,41.54,43.94,46.28,45.8398,45.98,42.84,43.44,43.72,45.16,49.94,49.32,56.86,61.96,69.62,77.12,79.42,84.08,71.56,84.96,89.88,87.04,88.64,72.28,82,74.92,67.88,45.76,41.68,46.64,46.2,54,57.08,67.92,60.84,65.8,71.76,69.44,74.16,69.08,69.72,78.36,75,76.6,81.2,84.28,73.68,77.12,79.12,74.4,83.2,87,86.3,90.88,96.64,95.04,96.4,100.88,106.36,104.36,98.28,102.4,96.64,116.72,122.12,120.32,130.4,127.44,124.68,133.8,145.76,133.46,141.32,150.96,147.8,166.9584,175.2,168.8,179.12,169.52,174.08,192.64,195.84,206,208.56,233.92,254.96,264.24,265.2,263.2,216.56,223.12,210.8,232.96,221.92,213.52,209.24,227.2,212.72,228.56,232.4,224.96,206.48,196.6,204.48,216.56,228.56,241.96,251.68,239.92,226.88,236.88,235.92,237.04,219.2,220.8,255.44,256.4,264.56,253.6,275.12,288.72,283.68,258.24,262.64,245.2,255.28,252.64,234.16,249.92,251.92,263.6,276.48,277.2,287.92,301.52,315.36,325.36,336.24,315.84,303.6,248.16,254.16,255.2,268.16,276.16,253.36,218.16
LLL.N,L3 TECHNOLOGIES,143.7539,145.3909,143.213,143.1122,142.9999,154.7179,158.0514,165.691,160.0047,157.4752,151.0067,150.7027,164.2224,168.8363,174.2807,165.9719,148.5517,153.5605,149.9566,153.921,159.9235,164.3947,168.3208,167.3589,168.5049,178.4678,179.5144,184.5631,196.0191,200.402,200.7519,203.2254,210.7141,226.1866,228.7761,219.0378,228.0111,220.3762,226.6999,231.0746,223.265,188.9197,205.1776,216.7129,204.9953,169.2379,140.6375,154.4772,165.4485,142.2796,142.5951,160.1566,155.328,146.6012,159.5329,157.9434,170.5109,153.4641,167.1279,185.4252,177.7267,195.8153,196.2651,200.4205,177.7703,152.4052,157.1383,144.1036,156.3719,156.1772,153.0411,153.3893,170.2754,173.5124,171.3678,175.4819,179.6424,192.4033,174.076,150.1941,137.2387,150.1055,147.7907,148.6377,157.6879,157.7184,158.8859,165.1048,154.1894,167.3494,160.2946,159.9792,163.3273,168.0875,176.2468,175.7193,174.1139,176.1935,186.9356,187.698,197.8602,199.3716,216.6022,211.2999,221.0543,234.9725,243.3273,251.3237,261.2252,272.8452,279.3471,272.7742,287.9523,286.9542,249.4303,262.7825,284.2209,290.2916,299.3283,303.196,295.7729,312.481,303.693,277.4256,285.9969,275.2425,280.292,257.4887,255.1694,308.586,300.4703,293.3519,286.798,289.6528,292.5911,324.7637,340.544,364.0726,376.3332,371.1118,375.8748,341.4867,395.2277,381.0489,397.5324,423.5571,415.9325,432.2386,426.1893,422.372,442.3177,460.6627,478.3043,475.1314,506.1676,504.2814,541.5195,531.0007,532.152,501.1439,509.5201,494.0801,550.9075,551.1766,548.3397,488.6367
LLY.N,礼来公司(LILLY ELI),1751.2284,1820.678,1693.8808,1900.9829,1907.716,1822.9649,1842.9256,1813.1695,1763.7374,1640.8162,1676.4581,1878.6289,1879.6249,1859.6684,1848.9691,1769.3932,1739.9651,1862.2748,1912.816,1898.246,1934.5614,1900.9612,1832.3651,1781.4186,1850.487,1812.329,1850.9258,2037.707,2034.862,1939.7491,1877.6132,2005.6897,1991.0011,1893.7768,1866.9226,1882.4362,1811.9198,1780.0136,1835.8836,1713.1118,1729.7854,1658.6392,1692.775,1692.3968,1597.3469,1226.9423,1256.2961,1481.4361,1354.5189,1095.3488,1245.5957,1227.3275,1306.6779,1309.3238,1318.7733,1283.3994,1266.9062,1304.4953,1428.6441,1388.9703,1369.1334,1354.5388,1428.6953,1379.3891,1311.616,1340.0164,1424.0174,1361.2767,1480.4239,1426.524,1383.0595,1439.7625,1428.6684,1439.8467,1465.2607,1541.9192,1623.7107,1583.6243,1616.1154,1605.591,1582.4766,1590.6094,1641.3936,1802.2805,1723.3549,1723.1511,1768.1621,1817.5644,1819.5983,1906.6902,1956.457,2018.2416,2130.5909,2185.4173,2226.4295,2239.1416,2437.5408,2504.3886,2601.98,2537.3772,2457.0545,2270.3257,2454.7435,2397.4418,2347.534,2323.7462,2365.5579,2402.2989,2544.0817,2833.3328,2797.6844,2809.0919,2868.8736,2979.5835,2926.3852,3070.7187,3133.0414,3204.5433,3314.9622,3357.2995,3503.7768,3439.1132,3560.6609,3522.4322,3893.7233,4120.2403,4170.5774,4088.4511,4154.9784,4049.7263,4098.8851,4209.8008,3951.9968,3622.319,3622.8221,3799.9133,3799.9662,3988.3692,4198.0435,3962.8138,4090.7451,3763.5263,3443.4196,3773.2942,3951.8267,4276.9446,4344.0865,4238.2088,4136.1427,4278.0513,4296.7645,4252.5011,4474.8302,4286.5044,4455.7111,4446.2353,4287.7796,4084.7466,4103.3088,4299.5379,4541.1858,4556.6719,5276.5118,5672.9501,5762.0849,5822.7611
LMT.N,洛克希德马丁,136.0567,139.9658,144.3146,144.0546,153.9561,153.9086,148.0484,148.2602,145.4017,144.2583,145.0745,152.3282,161.9519,175.153,180.5852,182.436,174.9653,173.1551,192.3195,200.0898,208.4713,210.5788,219.9644,223.904,236.3553,237.3442,236.7585,234.611,240.2495,230.5268,241.1801,243.6517,266.6308,270.4401,273.0194,259.6731,266.2352,255.6101,245.9504,262.6443,272.1269,245.322,259.4207,290.5858,273.6907,212.2494,193.9482,211.4793,206.3482,160.0298,175.0413,199.1307,213.5514,205.9419,190.9016,192.9191,200.8952,176.9926,200.3138,195.4376,193.2848,203.3401,217.6179,221.9849,210.653,196.3669,198.0802,184.8521,189.5319,189.5585,182.9107,187.9378,213.9872,214.8128,218.1777,215.057,213.4529,221.8649,207.5069,205.3666,201.076,210.1001,219.1378,226.849,230.8308,250.7117,254.8235,256.7519,237.6435,249.9275,256.213,264.4571,270.9568,271.7983,274.0886,271.1215,255.1991,261.9697,287.3331,294.9838,318.4611,326.3752,361.4622,371.8515,387.4339,405.0211,434.3616,455.793,462.6916,501.7628,504.6689,507.4513,510.1219,501.0198,520.4709,546.5021,574.0785,598.5455,606.4767,609.6743,596.3772,638.0277,647.3087,595.131,604.9764,597.583,665.7312,651.4579,671.3079,711.85,714.9045,708.3479,688.2864,709.2301,727.997,763.7559,781.7498,821.2625,836.3528,809.5219,798.6936,820.8832,889.844,838.483,843.1461,900.467,903.9124,910.1614,955.747,943.7802,993.1433,1044.3914,1061.1487,1053.8644,1098.1934,1104.8352,1221.1517,1219.6687,1169.4548,1110.3124,1095.334,1028.7865,1135.5898,1122.7522,1212.2823,1029.683
LNC.N,林肯国民,1085.4404,1102.1431,1061.9155,1066.4225,1079.7024,1112.6649,1154.0595,1184.8822,1242.9436,1217.8954,1250.8635,1276.1311,1321.5064,1375.7916,1322.9605,1416.9771,1370.6228,1376.966,1392.2603,1491.0057,1524.9033,1564.4154,1571.3343,1640.7705,1669.1732,1696.2718,1685.3329,1779.1328,1812.8901,1774.1318,1516.7355,1530.8166,1658.8037,1577.6336,1557.3978,1472.6604,1380.9343,1302.4461,1325.1261,1380.3675,1416.3146,1163.658,1236.1301,1315.429,1109.4073,452.8371,360.6411,494.8637,400.7796,227.5411,177.2119,298.2046,502.7559,456.5926,562.5364,670.0528,687.8394,632.8596,608.4269,660.7447,653.021,668.9613,815.6121,812.942,703.1855,645.5169,692.3177,621.3312,635.9539,651.106,635.1476,739.6756,768.3641,845.094,800.3349,833.3997,783.2303,760.2804,708.4037,554.6935,417.8245,510.9151,541.2214,520.8384,579.9931,668.85,709.778,669.0056,558.2699,590.6803,543.5699,629.5109,655.8083,674.264,671.816,704.4549,791.645,806.9425,890.8055,932.5986,977.8438,1000.0551,1146.1743,1156.3515,1154.9762,1252.5918,1415.8893,1423.8887,1328.9894,1387.0963,1402.0381,1346.7201,1331.4512,1428.0619,1458.8563,1532.6484,1491.9931,1529.6306,1581.866,1610.9167,1401.2401,1615.996,1610.9495,1589.3706,1604.001,1666.1804,1590.0321,1433.9085,1339.8956,1516.9244,1558.8801,1424.792,1124.6212,1041.1154,1117.2111,1246.3994,1315.2454,1112.1497,1261.093,1387.0002,1356.6785,1425.0639,1860.7985,1923.7927,1968.3321,2045.5959,1908.2704,1930.9418,1903.1184,1979.2665,2148.7999,1995.8604,2161.1527,2237.4621,2260.197,2269.6452,2454.9958,2258.4182,2166.2077,2104.497,1974.9024,1854.5433,2039.4478,1963.9792,2026.2707,1811.0279
LNT.N,美国联合能源,27.5,26.75,26.78,26.34,27.6,28.15,29.1,30.05,29.13,26.45,28.35,28.04,29.66,33.1,31.47,31.96,34.4,34.3,36.18,36.59,35.73,38.35,38.9,37.77,36.35,41.82,44.82,43.8,43.2,38.85,36.95,37.88,38.32,40,41.52,40.69,36.9,34.74,35.01,37.67,37.54,34.26,32.23,34.95,32.21,29.38,31.87,29.18,28.83,23.13,24.69,22.36,23.73,26.13,26.16,26.34,27.85,26.56,27.48,30.26,31.2,31.63,33.26,34.2,32.14,31.74,34.56,35.02,36.35,36.53,36.31,36.77,37.5863,39.8318,39.3766,40.4311,42.0569,41.5764,40.7249,41.9236,39.9706,42.5842,44.0775,46.0616,44.7312,44.995,45.7126,48.2208,46.5687,48.5726,50.2692,47.4388,46.6962,48.5976,48.728,47.7387,50.3546,52.3868,55.122,59.312,54.6012,55.8869,59.2324,55.4752,55.4081,58.919,58.1067,58.2195,59.2161,61.8145,64.7434,67.2302,67.0233,69.9664,65.5125,67.82,64.2487,72.3906,73.5131,77.664,80.8599,74.9554,74.2483,71.9012,72.8881,68.6313,73.8083,68.0006,70.1845,71.4715,72.8883,75.6251,79.8708,83.0613,90.799,86.9426,91.3563,97.8905,99.9794,94.2663,95.1605,95.2611,89.9285,94.8606,95.0702,99.6911,100.0194,100.075,105.5471,102.2384,103.9559,109.6243,106.6234,111.7628,116.5423,110.0835,103.5706,100.7045,106.4627,112.7899,108.772,111.1355,113.7297,113.3857,112.671,114.6364
LOW.N,劳氏公司(LOWES),3016.015,3110.7451,3021.3072,2759.7525,3029.8492,3083.3389,3510.3948,3409.1436,3413.9146,3224.6519,3580.7062,3537.1943,3375.2676,3621.1761,3422.5372,3351.8477,3310.9131,3225.3227,3019.7076,2882.3029,2988.8182,3215.6328,3217.7666,3323.3895,3601.9078,3477.962,3364.7012,3270.4665,3512.3269,3284.3788,3005.6235,3332.9049,3006.6966,2893.7839,2626.8972,2434.2652,2855.2784,2589.5204,2478.2477,2730.345,2601.3609,2249.0933,2212.7747,2683.2071,2579.7555,2373.5762,2259.8196,2353.8876,2006.8008,1739.8864,2004.604,2371.7547,2097.0724,2141.1981,2489.1034,2382.7125,2320.6512,2177.9607,2427.2521,2603.0915,2418.833,2648.9852,2708.1992,3040.3738,2774.6774,2289.249,2337.9567,2286.1023,2512.6834,2417.9292,2572.024,2841.69,2822.6117,2978.5382,3008.1301,2999.8424,2758.7122,2663.86,2481.3526,2291.6292,2223.7887,2433.2374,2779.3544,2937.9432,3122.269,3302.6461,3651.763,3678.5079,3123.2835,3324.3331,2983.9955,3349.7907,3556.8003,3827.266,4265.7823,4198.4092,4533.6039,4528.8554,4501.5517,4580.1317,5020.0246,4875.7779,5336.1752,5484.6018,5698.8627,5981.1989,5704.8478,5953.5638,5582.723,6033.779,5897.4974,5558.2718,5699.9224,5810.0951,5821.1493,6388.0575,6437.9357,6989.2289,7799.344,8406.6249,8308.3488,9084.4977,9121.282,8470.0768,8607.8417,8237.5987,8567.1004,8543.6322,8512.7531,9154.4384,9497.9003,9428.464,8921.1025,8406.9502,9430.2751,9498.2887,10011.811,9891.8642,10324.6893,9606.9301,9061.0818,8404.6274,8896.4211,8968.2986,9260.6241,9424.0916,10417.5685,10801.1989,10023.6856,9865.8924,9904.3443,9455.1938,10229.3706,10283.082,10722.9587,11953.8417,13522.0196,11567.2466,11329.6784,10694.7806,12326.9575,12399.614,12950.1959,14176.9056,14968.2051,12473.958
LRCX.O,拉姆研究(LAM RESEARCH),120.42,141.48,129.87,115.425,137.925,130.275,128.025,142.65,137.115,151.83,168.975,160.56,208.935,193.95,193.5,219.96,201.555,210.24,187.2,192.285,203.985,222.525,236.7,227.79,206.145,200.97,213.03,242.01,241.74,231.3,260.28,241.335,239.67,225.9,206.325,194.535,172.755,181.08,171.99,183.78,183.15,162.675,148.005,165.42,141.705,100.62,90.9,95.76,90.945,88.02,102.465,125.46,117.855,117,135.27,138.15,153.72,151.74,152.955,176.445,148.545,152.595,167.94,182.43,170.37,171.27,189.855,162.495,188.325,206.055,204.3,233.01,224.505,247.05,254.97,217.395,211.4775,199.26,183.96,167.22,170.91,193.455,183.465,166.59,191.655,187.65,200.79,187.515,167.85,169.83,154.845,153.585,143.01,159.3,158.04,162.585,185.13,190.35,186.57,207.99,210.51,199.53,221.49,210.015,230.4,244.1925,234.495,245.025,227.745,232.785,247.5,259.245,279.18,304.9545,315.8747,324.4936,337.9286,352.2238,373.8477,359.6871,346.54,373.8316,319.1262,343.4122,373.7187,370.9631,350.5339,331.8375,299.1614,350.7235,358.0961,365.0928,330.0178,336.9592,381.2499,352.6331,382.2192,389.3945,415.8452,432.29,440.1772,450.1696,492.742,493.5277,536.1449,553.3224,601.4419,678.7073,727.0625,664.5665,749.2878,779.9247,871.7941,982.6529,906.1401,869.6299,904.8271,906.4334,962.2409,876.5126,938.6538,823.107,907.8225,824.2499,727.4093,679.6026
LUV.N,西南航空,1685.5262,1612.1918,1658.128,1732.6506,1694.2249,1622.5295,1652.8136,1551.998,1730.268,1865.427,1922.52,1914.883,1918.3794,1955.0314,2097.2579,1890.9129,1876.9234,1908.9462,2097.8584,2020.2538,1943.2695,1753.1417,1832.4589,1787.4804,1761.8117,1764.6626,1715.6442,1674.7955,1670.1271,1740.7023,1828.2628,1764.5731,1728.3707,1659.4695,1652.4626,1425.2048,1369.1312,1432.7111,1449.0716,1547.2345,1526.1996,1524.3458,1822.4349,1780.8928,1696.7009,1377.4732,1011.4723,1008.4736,822.4559,689.5658,741.0783,817.1764,789.0786,788.4228,919.6314,958.2911,1125.2638,984.6058,1078.3778,1340.3644,1328.6377,1475.2217,1550.8218,1546.1295,1459.321,1303.7884,1414.0999,1297.2756,1534.4246,1615.4309,1563.7747,1524.3858,1391.6773,1389.3285,1483.8459,1380.4583,1389.8572,1342.2104,1170.6144,1013.7032,945.4958,1005.4712,985.4794,1007.1824,1127.1971,1057.1395,970.0256,974.7344,1063.0256,1086.6068,1083.0712,1054.7644,1034.7074,1040.6065,1124.3742,1209.423,1323.9874,1381.8602,1593.4155,1619.4208,1674.9775,1527.9873,1639.4154,1522.8272,1730.8637,2047.0791,2209.942,2244.5145,2495.8906,2673.4026,2817.8457,2884.6815,3156.7988,3213.0205,3382.8824,3836.5377,4047.4813,4132.5779,5012.3088,5079.47,5422.7423,5189.8933,5324.3444,4874.84,4452.9788,3985.0999,4359.6439,4428.0704,4589.7492,5585.1602,5535.6912,5203.3128,4545.9504,5069.1818,5423.2678,5400.2673,5142.42,4757.9827,4491.0211,4487.4138,4731.9827,4873.127,5671.322,6077.2467,6378.4265,7047.8504,6566.6409,6867.1234,7339.8336,7605.9868,6794.4694,6396.9135,6868.0326,6607.9356,7443.4358,8046.177,7474.5235,7110.6322,7056.8976,6508.6575,6293.0574,6287.8961,7187.5793,7595.3479,7737.8381,6083.7126
OMC.N,宏盟集团,591.8601,634.9476,618.7223,579.4406,572.3811,559.7287,594.8431,563.7938,587.7262,583.0177,594.262,599.9846,576.4447,562.5604,588.5656,636.3578,672.4141,631.4971,627.3859,619.6596,665.2747,721.0697,726.1161,744.7981,749.5003,738.2436,731.1817,747.8222,752.0359,758.0409,743.0004,729.5356,690.9803,732.5052,700.4635,685.0856,653.9519,643.8622,638.9227,690.4067,708.7732,651.0759,619.3055,614.9534,561.5205,430.169,411.9662,394.1534,379.0725,351.839,344.8748,463.8124,449.5163,467.6249,503.4593,537.813,549.2137,509.6656,545.9428,584.4279,526.9554,546.6603,582.4456,640.2249,569.5391,517.5348,562.1967,528.2476,598.7464,666.6892,689.1346,697.5986,683.5857,775.2788,751.0316,753.0217,715.9753,741.253,722.1676,624.124,570.6657,689.0122,668.7198,694.7628,710.815,770.5041,794.1806,804.5292,747.6116,766.861,791.7919,810.569,818.0927,760.1788,789.2151,797.5325,866.4944,918.3755,946.8287,960.8141,998.7515,1017.1885,1039.8395,981.2706,1032.7078,1108.7283,1163.0985,1217.6053,1188.299,1245.6719,1194.976,1113.9941,1171.1094,1180.5637,1160.1748,1193.6589,1149.5781,1199.6614,1289.9783,1301.7658,1223.2935,1336.549,1318.6732,1281.1321,1260.3323,1183.2293,1244.3574,1140.4907,1130.2845,1284.9911,1267.8396,1306.5136,1266.624,1343.6403,1446.4164,1441.8979,1448.1542,1425.3606,1439.3536,1506.52,1496.5526,1405.3509,1530.7092,1507.9256,1517.493,1507.7484,1537.4204,1464.4817,1493.0152,1488.4364,1413.7453,1299.554,1339.8071,1215.3589,1292.2346,1328.0865,1397.7458,1390.087,1335.985,1354.1854,1325.1383,1413.3886,1275.5151,1284.5955,1271.5651,1389.3372
ORCL.N,甲骨文(ORACLE),4461.48,4195.8,4043.52,3745.44,4147.2,4276.8,4396.68,4208.76,4017.6,4108.32,4082.4,3956.04,4072.68,4024.08,4435.56,4727.16,4607.28,4694.76,4850.28,5073.84,5747.76,5984.28,6172.2,5553.36,5559.84,5323.32,5874.12,6091.2,6279.12,6386.04,6194.88,6570.72,7014.6,7183.08,6538.32,7315.92,6658.2,6091.2,6337.44,6755.4,7400.16,6804,6975.72,7105.32,6580.44,5925.96,5213.16,5744.52,5452.92,5034.96,5854.68,6282.4445,6363.655,6958.1159,7206.3386,7124.9294,6786.2673,6887.4893,7207.3822,8007.1144,7542.4814,8062.5397,8409.2453,8476.9814,7396.3649,7032.6093,7763.6226,7174.1259,8817.8201,9666.445,8898.1962,10298.1528,10555.2593,10841.9617,11017.4433,11871.6001,11297.1678,10864.693,10113.3607,9283.2582,9504.8393,10859.4178,10388.854,8499.9715,9369.186,9716.2544,9684.7027,9784.2721,8809.1729,9884.1116,10071.312,10554.8684,10491.5058,10385.1105,10750.9952,11195.9023,11931.7675,11505.0329,10863.251,11014.4561,11350.4676,10318.9124,10911.5184,10746.2434,11188.1009,11340.3491,11946.2961,12951.6942,12531.0488,13281.5533,13892.824,13924.0252,14312.3175,13804.8126,13797.1774,14186.6001,13076.4038,13380.723,14532.0477,15409.2474,14392.8277,15055.9492,14825.7464,15039.7695,14994.9467,13895.0644,13822.3103,12835.9912,12500.2967,13495.0509,13540.2197,12692.4359,12668.0136,12831.9895,14272.8845,13958.3947,14077.4578,14333.0932,14424.4754,14487.7406,13805.8819,13555.9274,14180.4457,13566.5125,14207.6455,15086.1038,15801.6222,15994.2113,16147.1808,17836.9607,17829.2551,17972.0892,17265.0608,18247.3191,17587.6911,16949.5727,18566.7022,18235.6038,16464.9472,16504.2081,16883.6567,15922.3869,17298.1652,17624.6826,18705.8179,17790.3516
ORLY.O,奥莱利汽车(O REILLY AUTOMOTIVE),182.92,203.6,198.12,205.28,222.24,238.64,258.08,220.56,225.44,225.6,243.6,256.08,262.56,261.76,292.48,271.04,253.52,249.52,226.8,237.52,265.68,258.32,253.36,256.48,279.28,275.44,264.8,284.8,303.92,292.4,266.48,284.32,267.28,264.16,262.88,259.44,235.44,215.68,228.16,230.96,209.2,178.8,204.32,232.96,214.16,216.88,208.56,245.92,232.56,266.88,280.08,310.8,288.4,304.64,325.28,306.24,289.12,298.24,310.24,304.96,302.4,314.4,333.68,390.96,408.16,380.48,394.24,378.16,425.6,468,481.44,483.36,454.64,444.64,459.68,472.48,480.88,524.08,476,519.04,533.04,608.4,617.92,639.6,652.08,692,730.8,844.04,766.32,670.16,685.92,679.6,668.96,686.7728,752.64,715.36,741.2,814.32,819.512,858.56,870.8,900.96,1002.4,981.68,1020.72,990.48,999.68,1029.68,1047.84,1206.8,1187.12,1190.32,1183.6,1204.8,1200,1247.84,1202.88,1407.04,1461.92,1540.96,1498.88,1665.04,1729.92,1742.64,1756.24,1807.84,1922.48,1920.56,2000,2210.08,2110.96,2027.36,2087.2,2082.56,2189.28,2101.44,2115.44,2168.8,2325.04,2239.6,2240.88,2115.52,2196,2227.28,2098.16,2173.68,2158.72,1985.2,1936.64,1749.92,1634.4,1569.04,1722.96,1687.6,1889.68,1924.32,2117.52,1953.52,1979.04,2048.56,2155.28,2188.56,2448,2683.36,2778.56,2566
OXY.N,西方石油(OCCIDENTAL PETROLEUM),279.4352,336.3465,342.1096,331.6785,351.435,371.3513,397.1764,400.7968,413.9074,382.1727,384.2076,388.6807,475.4381,445.4161,452.6068,501.8978,484.0671,502.8138,528.31,500.0191,473.8183,462.2954,495.7808,483.0102,458.5777,456.2037,490.1118,503.9276,546.3689,577.4713,565.8979,565.5986,642.0791,691.8783,699.0926,774.1899,681.7778,778.0111,738.1289,839.411,927.3772,909.6717,798.0127,803.378,716.3086,564.7094,550.4748,614.2106,558.5129,531.0735,573.4424,580.0372,691.5313,681.4154,738.6746,756.8981,815.4759,789.2641,840.3354,849.7442,818.3032,834.0759,886.6363,929.8459,865.3461,813.0556,821.2757,770.1633,829.2971,832.7922,933.833,1043.2801,1028.1786,1084.4371,1116.1964,1220.8832,1152.089,1116.4511,1053.5675,930.8051,771.5556,1002.9143,1067.2286,1015.9254,1081.7383,1131.613,1038.0625,994.3512,864.0892,941.2038,955.0305,932.8639,950.5969,872.1721,830.7505,852.3939,982.1277,916.0369,878.7978,1000.9122,1032.422,1007.4808,1005.4485,995.9642,1063.7305,1092.6152,1079.8787,1088.93,1002.7087,1105.1895,1099.2778,1104.5844,1150.0368,1192.4622,1135.2965,1205.2432,1125.1672,1040.6772,933.485,991.7582,984.2533,958.1706,906.5544,994.7261,971.0067,975.037,880.1286,915.3588,838.3797,944.7138,958.0214,866.256,881.8873,881.7591,886.2101,992.6641,976.9939,988.1895,977.3346,1005.0604,963.0466,962.9145,942.4438,950.9919,904.7974,875.1582,855.9742,831.3866,796.1263,818.9208,847.0981,816.5955,889.3549,894.3411,976.4759,1031.6892,1050.0372,918.8001,920.7112,1095.0454,1193.4096,1196.6946,1200.2698,1142.2083,1187.0364,968.9003
PAYX.O,沛齐公司(PAYCHEX),2041.0225,2137.4172,2196.9944,2057.0208,1941.3974,2186.0887,2355.5383,2302.9082,2502.633,2626.3738,2873.6975,2583.0075,2473.7582,2725.5575,2835.1243,2759.7375,2508.2933,2663.3961,2346.5298,2468.0441,2529.831,2724.8914,2720.06,2729.0326,2776.046,2819.064,2627.5647,2589.0885,2819.3847,2730.0577,2908.7474,3123.1427,2882.0358,2958.4538,2761.6012,2564.7486,2337.3441,2247.3364,2447.3536,2619.7374,2488.6425,2253.1039,2393.7061,2478.053,2401.7045,2099.4727,2078.8752,1933.2215,1809.078,1642.9913,1911.858,2035.0503,2059.914,1898.6771,2019.8412,2156.2757,2214.2032,2188.7875,2415.2935,2360.5931,2257.2897,2331.2609,2391.9952,2404.2655,2244.6103,2042.4853,2067.8621,1980.342,2187.2077,2231.9877,2296.3565,2487.049,2599.4551,2731.8648,2549.4968,2681.9485,2648.3319,2518.785,2339.8201,2236.2149,2185.6556,2441.3554,2438.842,2522.6222,2666.4212,2648.6507,2622.4181,2621.5719,2562.8795,2686.0209,2822.7862,2872.0058,2874.5963,2827.7835,2838.2766,2767.0605,2904.9687,2945.4514,3119.3936,3239.5072,3312.4651,3248.4045,3540.652,3472.4245,3648.3798,3825.2021,3957.7922,4120.7016,3816.7182,3811.2423,3887.9052,3815.8056,3784.6671,3826.095,3810.0399,3869.4992,4106.4074,4397.2927,4441.3218,4325.1598,4274.5645,4706.6487,4685.8709,4570.1762,4702.9818,4462.1693,4456.5534,4289.4327,4574.6905,4994.2267,5252.749,5121.0672,4675.813,5020.686,5276.654,5092.0053,5340.0627,5860.0836,5883.3342,6021.2869,5743.3966,5524.4035,5899.7026,6092.8566,6079.5279,6193.475,5939.363,5977.6815,6019.6762,5786.9385,5928.7145,5844.6774,6144.9563,6588.5689,6952.1331,7031.6628,7101.0081,6776.3906,6408.0746,6301.9496,6884.8398,7175.645,7305.1176,7752.8233,7795.1596,6992.0848
PBCT.O,人民联合金融,170.7651,176.1606,188.8423,192.5063,196.8403,210.2597,219.3119,206.4977,202.9265,227.0397,219.4247,219.0017,217.9375,219.7128,232.5661,234.3539,235.5704,235.0695,258.6078,260.4812,285.4125,295.0931,323.2973,323.5148,328.0247,323.6501,323.723,306.8867,311.2026,273.2849,250.49,274.731,268.5153,278.3601,265.6789,278.6733,266.6272,266.1536,273.2573,270.1915,263.186,248.3788,272.7922,287.8938,309.2609,283.5896,309.0316,288.9373,267.4065,284.5689,293.7222,257.7618,260.7321,248.6856,270.7016,267.7031,259.2072,269.5431,273.915,280.8091,274.5186,267.3883,265.1813,266.1192,239.5416,231.4826,239.9315,220.1683,226.9294,215.8565,217.4802,245.9158,229.2736,234.0687,223.4131,246.0901,239.8907,241.5079,230.6434,213.7271,207.3608,234.7809,229.2567,236.6223,229.8935,234.7413,246.6741,232.7751,219.649,219.2713,219.4602,229.2267,232.4822,233.4499,236.5548,234.6143,242.1624,257.4942,263.7841,261.915,274.155,296.5451,301.7679,286.076,289.2948,293.6541,307.9961,307.5892,292.3306,291.5077,305.9082,297.195,299.0681,315.7177,305.5646,314.6137,304.5124,311.2203,314.6263,323.1412,302.9901,325.8166,327.3241,328.9805,338.778,352.9301,357.9512,341.0107,346.0709,354.5032,372.2839,358.9484,323.2178,328.616,358.3061,352.3432,360.9813,333.2485,348.4993,373.5563,363.6714,377.2224,434.8278,449.6937,439.4483,449.9951,426.5578,413.3884,392.0919,417.8843,416.7446,399.0616,433.4717,450.0648,458.7478,451.0296,478.6248,465.7284,454.0487,449.2589,452.2065,444.3463,452.0967,459.0406,424.5691,392.7003
PCAR.O,帕卡公司(PACCAR),1857.0052,1983.3422,1907.7085,1789.3826,1870.3533,1797.654,1909.2143,1858.1597,1800.0922,1856.5688,1911.2329,1894.4583,1904.5833,1918.8406,1935.593,1975.4144,2118.7085,2271.1672,2226.2291,2272.9057,2370.607,2461.6562,2723.2559,2788.4305,2871.7826,2994.212,3162.6876,3618.5627,3771.3328,3761.3934,3535.8135,3708.4654,3695.4609,3612.6653,3302.8836,3620.1726,3117.8138,2894.0386,3002.1148,3156.8904,3574.7817,2800.7702,2816.1701,2895.4092,2567.9442,1966.1348,1885.8293,1942.0343,1791.968,1712.7723,1759.9128,2421.2465,2051.8088,2229.151,2381.7479,2492.344,2598.4599,2577.7879,2560.8573,2504.9162,2488.3411,2447.4681,3000.6582,3220.8264,2844.4526,2766.0567,3178.8492,2849.1111,3347.6013,3563.8222,3753.3215,4016.8912,3957.3453,3519.8082,3676.3845,3729.0447,3518.9632,3595.6766,3012.9363,2660.9516,2391.5329,3057.6548,2881.432,2712.1848,3199.3213,3344.1978,3403.7988,3121.7843,2744.8377,2863.1938,2923.1024,2930.0545,2938.1303,3184.0758,3241.0725,3394.7673,3533.6817,3577.8959,3812.4007,3753.586,4094.1057,4098.6886,4298.0471,4109.4446,4266.5862,4261.987,4408.5864,4623.5988,4375.8921,5162.2419,5287.6913,5016.407,4985.4573,4943.7544,4899.691,4959.8614,4491.1975,5158.0663,5309.8701,5469.0657,4833.7824,5168.6232,5095.1892,5273.5289,5146.0251,5166.2659,5249.6581,4792.664,4240.0082,4279.0192,4242.4956,3986.7464,4127.2077,4352.5508,4622.1554,4978.811,4731.6613,4402.3547,5004.9519,5099.916,5009.5765,4680.6047,5317.8383,5516.8557,5811.2607,5788.4658,5822.2556,5781.5345,5476.1443,5744.037,5953.6543,5791.6016,6316.3645,6263.1024,6163.0016,6334.4296,6644.5565,6403.5964,5918.7872,5695.1667,5590.902,5566.6445,5904.4525,6174.2269,6153.4717,5162.6355
PCG.N,太平洋煤气与电力(PG&E),348.6553,350.4484,342.6696,348.8999,359.4514,380.3108,381.2226,380.1082,400.7075,371.4073,375.491,382.3166,384.2735,391.8951,403.9691,413.7308,412.0693,411.3955,436.5316,439.15,439.6351,455.3627,484.8125,503.0728,496.1639,493.5066,516.8677,541.8169,527.4684,488.9399,462.0644,480.3052,519.7815,532.0692,503.1442,472.4486,449.5333,412.9128,407.9894,443.2258,438.6828,444.0724,431.0937,462.4215,423.2088,414.3943,429.8762,441.9113,441.4547,436.3175,440.9,428.2106,423.4809,448.3442,470.8547,473.4207,477.1003,481.8136,498.8992,531.0092,502.3478,498.5421,509.8876,526.4751,498.8292,499.4304,539.5307,568.2084,557.45,586.9057,575.9825,592.7302,573.4021,570.6763,553.1188,576.9062,543.1031,532.0134,524.4186,536.064,541.2309,548.9079,496.96,533.229,525.9847,539.1796,567.4649,577.5305,571.2558,597.7982,609.5509,573.2366,569.4908,567.4889,546.535,542.3881,575.5955,575.5955,607.4492,660.7869,612.6329,630.1439,632.3487,569.9268,570.0585,583.0144,562.3965,567.5089,593.8556,620.7657,614.9683,648.8485,652.9767,690.1941,642.0444,668.0596,654.0227,730.6932,733.3069,779.5598,861.1178,786.7346,783.8811,781.6655,789.7894,731.9559,782.7903,739.1115,793.9397,802.9618,792.8872,806.603,832.686,860.2855,912.7373,889.5062,918.2394,984.5655,984.8735,954.0674,949.6105,964.3584,912.8183,951.0177,968.5451,1044.6014,1046.1102,1056.9875,1077.9538,1054.6052,1075.5797,1118.3233,1090.4385,925.1671,868.6354,717.9374,679.5022,658.0425,703.5242,738.276,693.9154,681.5841,689.9117,739.5572,736.8347,749.6464
PEG.N,公共服务企业集团,542.821,561.3438,565.3417,603.9043,576.8793,638.4379,674.9681,677.5924,681.4799,665.9147,664.1147,693.935,743.6009,741.1443,689.6555,675.2249,686.3171,718.1993,732.4285,760.5613,670.1736,668.6402,736.2162,733.1938,740.3733,827.3006,924.5249,962.4901,990.2125,983.9067,965.6364,952.6342,993.0849,1078.9739,1080.554,1115.4119,1089.9791,1001.4183,919.081,1004.1515,1012.1554,1058.0463,962.9074,939.1803,761.6103,653.8375,717.7114,684.6771,741.0098,640.5498,701.0539,709.8558,758.1469,784.1708,779.845,761.0999,763.7378,723.8991,761.7945,816.1363,750.8454,729.4908,732.6242,797.3989,760.172,786.3257,825.7298,802.1376,838.9736,820.2057,781.9092,815.5645,831.4604,838.3828,816.762,833.8697,868.3442,855.0972,857.9789,894.1319,883.4211,892.1574,872.0375,883.155,811.7214,823.4932,828.551,843.1677,844.2504,889.7982,910.0582,866.8004,891.0217,887.1453,833.1524,857.5165,873.7701,913.2831,972.7936,1037.0989,935.9669,935.4568,967.8226,928.5827,953.8746,970.3857,946.9226,938.3683,976.4419,1073.6761,1128.5435,1212.2818,1152.8069,1218.4653,1050.5866,1116.9017,1123.7879,1246.6079,1260.791,1261.025,1299.6992,1280.8189,1288.6807,1276.9989,1310.5071,1219.1455,1293.3247,1249.2517,1321.6284,1294.3557,1225.7037,1225.2206,1307.8732,1350.9411,1506.6563,1474.3754,1430.2688,1503.3231,1483.9712,1379.1482,1363.3975,1370.2356,1345.1624,1443.1472,1455.316,1512.2131,1472.6834,1462.7217,1491.2788,1442.0627,1507.7787,1570.4771,1565.3599,1665.2045,1795.8486,1757.3721,1769.9979,1652.6122,1730.8817,1796.6855,1825.2809,1881.8435,1792.1657,1819.6252,1850.6529,1873.0894
PEP.O,百事公司(PEPSICO),1642.0205,1646.913,1628.4903,1708.6404,1727.6798,1663.8671,1682.3786,1692.2513,1757.9182,1831.3843,1835.1041,1839.3937,1780.2392,1840.3277,1807.0932,1821.1647,1890.5841,1886.8037,1991.7658,2051.4748,2060.3263,2002.867,1956.4575,1984.0443,2069.3693,2003.0759,2025.6873,2106.3196,2177.7095,2078.3259,2103.003,2180.2392,2360.7545,2375.5777,2487.0739,2457.8514,2203.6468,2252.5447,2350.6206,2231.1361,2223.648,2083.5105,2180.8219,2243.7302,2349.5197,1879.418,1869.1983,1819.777,1668.9319,1599.49,1725.5947,1667.9408,1744.7009,1857.3383,1917.8302,1915.1267,1998.3643,2062.7507,2119.6424,2085.9644,2045.4802,2143.2598,2285.9822,2253.503,2172.996,2122.1955,2260.0773,2234.6597,2330.7817,2290.7894,2267.2851,2308.9902,2272.9399,2241.4842,2293.8935,2453.4439,2532.863,2526.5852,2297.3522,2329.9407,2238.4499,2276.4204,2333.2666,2418.9412,2394.1503,2313.4378,2438.7766,2425.9119,2513.3965,2617.4885,2694.1684,2683.0554,2641.1499,2584.05,2620.2506,2573.6218,2739.856,2870.0763,2996.5915,3123.8643,3059.4703,3119.7957,3186.5476,3041.2191,3054.0569,3230.3854,3244.5993,3207.9316,3108.143,3096.9265,3252.4203,3345.5135,3440.5543,3505.9253,3457.2646,3629.5392,3679.1427,3800.8718,3956.1949,3761.7846,3730.7547,3937.621,3829.4441,3809.4199,3861.8835,3765.6749,3887.1093,3749.1341,3833.8948,4154.6735,4072.1411,4090.8203,4065.4369,4004.8443,4225.5866,4245.3785,4171.571,4400.9882,4524.7841,4465.9839,4550.4924,4484.81,4218.7344,4409.6522,4373.8287,4651.987,4746.7007,4806.9574,4993.3584,4934.3969,4982.2497,4979.253,4794.2466,4742.6169,5048.0224,5195.3214,5211.7842,4753.8577,4763.6773,4405.365,4415.4686,4795.1329,5065.1261,4933.4328,4964.8917,4990.6487
PFE.N,辉瑞制药(PFIZER),2078.3865,2278.5661,2276.8327,2354.8361,2434.8306,2406.9042,2312.6527,2239.5744,2194.7478,1910.8457,1879.4167,2067.3584,2276.5765,2344.1317,2230.4605,2267.1575,2137.797,2120.6296,2348.324,2513.2383,2586.1915,2430.254,2529.0968,2382.8158,2414.096,2321.4272,2349.329,2460.936,2584.1324,2403.6473,2210.0019,2363.1699,2324.1643,2341.2887,2288.1528,2188.961,2249.6317,2175.9516,2044.1053,1964.0209,1920.8749,1733.3514,1852.4139,1927.3617,1859.7881,1786.1631,1686.3796,1817.7591,1496.4951,1290.6737,1428.024,1400.7637,1610.6817,1590.5349,1689.1481,1788.6036,1772.5383,1823.9473,1964.6548,1966.8173,2017.6367,1915.5374,1871.8784,1824.945,1679.834,1572.8452,1654.4655,1774.3828,1914.9059,1942.2298,1836.6728,1973.0148,2053.0171,2190.7466,2312.5812,2387.7316,2466.0299,2368.3085,2212.9888,2206.3891,2055.2665,2238.9386,2394.9865,2582.3372,2553.6976,2547.0662,2730.3344,2761.0801,2663.0231,2800.6187,2927.2553,2932.171,3053.8328,3056.2906,3102.3452,3109.6981,3412.1367,3423.3937,3609.7604,3636.0269,3434.2749,3532.6493,3716.5803,3586.8878,3652.3698,3901.5828,4065.6885,3924.7412,3895.2704,4148.6878,4149.9799,4041.4499,3862.3882,3868.9059,3774.1656,3864.9034,3888.5741,3938.5456,4131.8287,4131.8287,4145.093,4592.4659,4655.3581,4540.2788,4688.4805,4523.8778,4865.2261,4381.1039,4270.9644,4598.6634,4491.8556,4424.6903,4179.3311,4107.8191,4103.6656,4528.7079,4847.2468,4918.4887,5153.1681,4901.6248,4770.6331,4466.3943,4572.1097,4620.4768,4513.7847,4903.2261,4916.1596,4874.485,4737.3946,4873.7852,4811.3938,4969.7422,5230.5365,5136.7677,5361.1281,5355.214,5476.453,5418.2564,5295.8942,5463.023,5413.8899,5466.6275,6016.6052,6309.4555,6696.9582,6543.4767
PFG.O,信安金融,42.1273,40.5078,39.9576,40.5701,41.411,43.4976,45.6258,47.5463,49.1762,51.5223,53.2724,49.866,49.5821,51.2223,51.3064,53.9453,57.4568,58.5082,56.7734,55.9744,57.0678,59.3913,61.5471,62.5595,65.6609,64.8722,63.8065,67.6645,64.7976,62.1226,60.0976,59.1385,67.2382,72.1193,70.7401,74.3587,64.3888,59.6576,60.1869,57.9618,58.1994,45.3346,45.9179,49.4608,46.9765,20.5124,15.2497,24.923,18.3196,8.823,9.0328,18.0435,24.5144,20.8041,26.1708,31.3608,30.2455,27.6505,28.5706,27.0515,25.9375,26.1175,32.8692,32.8804,30.5961,26.3764,28.8182,25.9375,29.167,30.2023,31.2697,37.3767,37.6178,39.3282,36.8601,38.7427,35.8959,34.9201,31.7174,29.1116,26.0236,29.5937,28.4976,29.0526,32.2531,32.6665,35.0876,32.8999,29.4174,31.4177,30.6511,32.867,32.5169,33.2411,32.7704,34.6853,37.7136,38.4433,41.6807,44.216,46.6407,46.1478,53.4304,50.4237,53.1024,58.8566,62.7878,61.4738,54.3179,56.537,57.6826,58.7487,58.6609,63.7374,62.7273,68.548,66.665,66.538,67.6814,66.4153,60.0091,65.4307,66.1583,65.8363,66.5704,66.5308,72.0048,65.3115,61.8938,65.5808,67.2805,59.2484,50.0542,49.8039,52.4693,56.7653,59.2657,55.1638,62.5708,66.3949,69.6964,73.8773,78.0583,78.8763,77.8266,85.2562,86.6422,89.4154,86.3676,88.608,92.3144,87.1179,89.6539,91.758,98.6416,99.0064,94.8531,87.4585,86.1843,83.793,78.9539,75.6261,82.953,78.8254,84.4852,67.8737
PG.N,宝洁公司,3360.9941,3352.1544,3346.4717,3436.796,3500.2641,3347.9407,3548.8351,3539.2661,3793.1644,3589.9615,3666.903,3711.1443,3815.9209,3861.0188,3712.8402,3771.0227,3514.4817,3601.9389,3661.1445,4032.4706,4037.6822,4150.2043,4110.9217,4207.8188,4267.4539,4176.671,4154.962,4259.9304,4203.7046,4047.5953,4114.8916,4344.3836,4678.9763,4647.3981,4946.8852,4908.1123,4395.3858,4446.448,4707.8062,4530.7056,4463.1335,4109.056,4452.2928,4743.99,4738.5505,4416.4368,4403.4352,4230.3087,3755.5624,3319.3658,3244.9437,3436.3139,3610.0757,3551.6917,3889.0453,3790.9609,4057.8905,4094.4875,4401.5741,4280.1513,4376.2969,4499.3025,4498.5915,4453.6697,4377.0058,4297.476,4416.3015,4308.7101,4330.3728,4625.5987,4443.6891,4680.8993,4627.6223,4621.7581,4515.4686,4796.8226,4952.0357,4698.521,4582.0183,4745.2094,4707.9512,4807.1843,4850.7562,5011.5216,4773.6399,5120.4558,5089.4089,4859.8388,4756.7467,4677.3276,4971.3192,5175.4406,5342.589,5377.1422,5422.9613,5272.3019,5884.2094,5964.0643,6032.9587,6054.3757,6053.587,6071.7257,6380.1607,6188.6764,6005.9321,6466.0351,6743.8944,6518.8844,6181.701,6346.2882,6502.8074,6713.3111,6570.1806,6391.2674,6338.186,6812.8121,6864.4554,7208.655,7469.6765,7524.1937,7011.9914,7081.8701,6816.4975,6667.5424,6573.6216,6561.0429,6484.5616,5974.7584,6082.1298,6515.5371,6384.1686,6774.0089,7029.2309,6908.7642,7082.5805,6950.5683,7030.3801,7345.2898,7483.2428,7633.6246,7846.9569,7647.5832,7265.204,7407.9354,7779.1429,8087.2893,7978.9497,7814.5499,7882.5569,7798.4429,8190.6036,8321.3718,8205.0332,7844.9236,8176.5656,8348.2926,7904.729,7188.7806,7258.3613,6684.2669,6760.9595,7212.7989,7541.1943,7734.1996,7760.3066,8341.5227
PGR.N,前进保险,2853.3922,2971.0754,3131.093,3114.3729,3278.1615,3372.6873,3402.7244,3290.768,3577.2082,3954.1518,4199.3017,3988.2519,3587.3093,3669.6152,3561.6982,3707.5686,3737.2893,3514.1599,3306.3994,3361.0732,3355.4657,3304.8739,3083.3639,3312.9982,3172.1069,3137.9099,2984.7077,3155.6923,3152.9566,3273.3298,2869.806,3053.5698,2913.9523,2777.3373,2762.3247,2876.4207,2806.7716,2773.4837,2431.5266,2752.3005,3035.2473,2832.494,3063.9959,2794.6669,2632.7669,2159.1715,2272.6528,2240.878,1838.3976,1750.6387,2033.5854,2311.993,2440.6052,2286.2705,2357.3855,2499.6154,2508.694,2420.9351,2537.4426,2722.0389,2532.8832,2619.9606,2916.3293,3069.0967,2992.713,2859.8053,3000.3513,3024.7941,3188.2552,3232.5578,3107.2885,3189.1832,3244.6586,3411.7233,3460.86,3593.529,3546.0302,3501.8072,3223.366,3141.4716,2908.8913,3113.6275,3089.0591,3195.5219,3388.3252,3578.7932,3872.849,3558.7439,3630.5871,3480.2176,3298.1035,3263.0173,3465.1807,3725.8211,3715.1411,3688.9166,3981.2846,4312.3207,4473.4131,4476.9536,4512.3585,4499.9668,4604.4114,4438.0082,4820.3814,4597.3304,4944.2987,4827.4624,4377.5726,4613.0272,4562.169,4567.8199,4714.7436,4776.9036,4415.2453,4712.86,4761.8346,4974.6855,5131.0274,5083.9365,4888.0382,5156.2399,5262.6538,5158.1747,5289.741,5384.5462,5901.1375,5796.6584,5928.2247,6409.9897,5963.0511,6152.6614,6046.2475,6356.5473,6997.778,6491.9625,6631.3605,6671.1884,6474.0399,6483.9969,6272.9085,6274.8999,6631.3605,7069.4684,7455.7999,7946.8496,7946.8496,8056.3774,8606.0446,8942.7411,9559.342,9427.503,9820.9917,9867.6425,10786.4589,11423.3427,10973.0618,11926.9261,12620.8338,12488.2663,12861.1122,12252.1306,12430.2681,13987.9354,14714.9849,14437.4219
PH.N,派克汉尼汾,629.7897,637.887,590.5787,581.0782,586.8599,603.2021,639.2911,629.0655,627.7964,611.8843,670.1333,646.1335,742.2307,768.0217,791.9948,796.3178,768.6988,764.5607,711.7509,732.1265,768.5104,826.8432,827.9121,762.4567,820.7716,819.467,858.6646,916.665,1011.1425,976.7261,984.4075,1075.3669,1118.994,1206.2981,1195.341,1133.3392,1017.462,975.7267,1045.7773,1205.5048,1281.4493,1079.402,933.5041,973.5941,805.3767,589.1407,628.7508,651.0968,584.8239,513.9026,523.2967,698.3963,654.4,665.2395,685.6798,757.4184,806.9168,824.3502,843.6184,842.3677,874.105,947.1174,1016.6868,1086.4132,968.9788,874.3828,979.3844,936.5559,1109.1127,1211.8553,1274.6385,1371.0744,1420.484,1421.7909,1509.477,1503.7375,1422.4351,1436.6835,1265.0627,1182.016,1016.2151,1312.7251,1338.4943,1232.9088,1304.5388,1458.6473,1373.2171,1424.2154,1334.0354,1254.7179,1310.8604,1311.89,1370.9398,1290.2384,1354.3888,1402.3654,1532.7758,1564.8329,1516.8014,1466.9481,1660.3051,1587.7416,1718.8884,1670.7173,1817.3125,1951.0367,1977.433,2158.6642,1902.4235,2031.5674,2017.4113,2138.2436,2118.6783,2127.1375,1944.7582,1962.1117,1939.1779,2157.9831,2202.8197,2201.4539,1988.2227,2105.6063,2038.5029,2048.4569,2077.5289,2006.8001,1945.0418,1868.96,1689.1121,1817.5749,1827.7238,1693.6046,1696.748,1778.3372,1951.9535,2038.7617,2029.4469,1909.4543,2017.9601,2176.4631,2229.7511,2180.3708,2480.2069,2499.3087,2626.595,2776.6203,2874.8887,2883.4961,2835.5371,2877.8531,2988.7753,2909.3073,3164.8143,3302.0611,3402.451,3621.8527,3655.2439,3250.4651,3114.9608,2998.2158,3126.4796,2851.1518,3092.6353,3226.7592,3379.8281,2786.2955
PHM.N,普尔特房屋(PULTE),2520.0857,2975.4402,2809.9637,2726.7678,2917.5843,3217.1866,3574.9913,3291.6497,3281.0266,2888.8629,3182.4123,3011.779,3053.0992,2939.0862,2943.1179,2861.1519,2487.3253,2208.675,2186.4272,2276.1858,2447.3189,2380.4901,2591.7307,2547.1709,2640.9978,2273.3808,2037.7807,2071.6667,2101.7021,1731.7324,1491.8354,1283.5646,1052.4518,1147.5668,790.3054,818.2069,1269.2299,1051.0931,1133.0754,1015.4847,952.4063,752.7542,954.4267,1134.2122,1094.5428,872.8136,834.4224,859.2436,797.9252,721.6703,859.2436,904.8393,691.7972,694.1556,893.8334,1004.6782,863.9604,708.306,718.5257,786.1332,827.0121,851.3822,884.3998,1029.0484,875.7524,650.9183,690.2249,632.0511,688.6527,617.1146,492.1194,591.1722,620.2591,542.4319,581.7386,639.1263,663.4964,602.178,540.0735,377.3439,310.5226,407.217,480.3274,496.05,585.6692,693.3695,695.7279,773.5551,735.8207,841.1625,888.3305,1075.4302,1218.5065,1363.155,1321.4899,1427.6179,1630.4402,1507.8035,1591.1336,1650.0936,1697.2616,1491.2947,1307.3395,1213.5076,1304.7339,1395.6699,1483.4429,1615.2128,1611.2482,1664.3749,1525.3522,1461.7627,1554.7623,1606.5632,1406.5397,1531.654,1410.9731,1533.2149,1728.1624,1721.3072,1651.5245,1809.5383,1789.7753,1553.876,1544.2146,1629.2108,1675.2976,1672.872,1531.5435,1487.7156,1581.0529,1453.5261,1367.065,1402.1389,1533.8199,1507.5867,1537.9188,1605.4902,1744.7041,1760.3554,1658.2625,1539.1059,1560.6203,1528.2449,1788.4955,1833.395,1965.879,1892.4194,1892.4194,2055.5926,2046.3746,2163.6934,2298.0972,2541.9495,2869.8887,2803.2909,2683.5714,2366.5677,2493.8827,2567.456,2558.1536,2438.4471,2416.3951,2370.5947,2107.9022,2090.8824
PKG.N,PACKAGING CORP OF AMERICA,23.0661,25.351,25.3659,23.3817,22.8074,22.2436,22.4549,22.1485,20.7521,21.693,24.7935,24.8059,25.0761,24.6546,24.5189,24.5626,23.2733,24.3468,25.353,25.5852,25.9355,25.6784,25.2089,24.9846,25.8212,27.6979,27.861,28.2721,29.5281,29.1878,29.43,30.0412,33.8536,37.0795,32.9453,33.1921,28.5428,26.8244,26.6274,26.2101,31.0514,25.9744,30.8167,31.0944,28.3264,20.5666,18.2447,16.8312,17.7565,13.2424,16.5169,20.1324,20.4495,20.7351,25.1765,26.0596,26.293,23.5606,25.6743,29.8628,28.6039,30.8881,32.1378,32.2945,28.9122,28.9576,31.5614,29.3126,30.6642,32.3317,33.9463,34.3917,37.5993,38.318,38.7324,38.2497,39.0139,37.7887,36.0606,34.2245,31.7052,35.488,35.3928,34.6351,38.6146,40.6729,40.9446,40.3911,37.1255,39.4336,42.9944,44.7119,51.0836,49.6342,51.2807,54.5063,54.4355,59.1961,64.0382,67.8773,69.9325,70.4514,77.4016,76.3224,82.7476,90.2701,88.7917,92.3072,94.2327,106.3254,103.2167,97.731,101.4419,105.4534,97.5912,100.2906,94.6908,106.9463,110.2105,116.4124,113.1311,123.5866,117.4512,103.9321,103.9171,94.6364,107.2061,101.633,91.8754,104.5358,103.8333,97.1411,78.3138,74.7239,94.0095,100.9823,106.1964,105.0088,117.1837,123.3653,128.4982,130.4591,134.0328,135.1093,146.833,147.2312,146.9452,158.4288,163.8498,179.7298,176.648,181.3756,186.0434,188.6228,192.4028,196.5957,204.8803,194.3941,184.7618,189.6637,192.631,184.477,186.3087,181.3911,182.2871,152.5734
PKI.N,珀金埃尔默(PERKINELMER),298.9572,288.4241,268.2682,241.4324,249.6542,246.6526,274.7066,271.0403,266.7194,289.9481,299.6699,309.5232,299.6536,313.4899,309.2731,283.4016,275.7349,276.2637,239.1484,244.454,251.0859,284.3214,288.4478,295.9019,318.7164,316.9806,323.3896,324.0303,354.9604,348.9351,373.5934,367.9553,392.1187,370.3365,367.1068,350.151,334.9213,334.9213,327.2297,359.4453,382.7226,376.9033,394.8312,385.4693,338.7951,244.1707,245.804,189.3208,172.6167,176.173,174.6684,200.2983,223.6687,239.2031,243.3583,251.9166,265.5822,257.7787,261.3802,285.205,279.8855,308.6523,332.1383,349.1493,316.2554,288.1004,272.2263,293.9093,323.7059,329.0532,326.9483,362.3093,359.9246,372.8695,369.6333,398.8339,390.6512,379.647,345.998,323.5067,271.7343,293.4673,268.6213,283.9548,341.515,384.5248,393.9243,394.0995,379.8206,368.3974,365.8726,390.9323,422.0065,443.9387,454.2729,455.5647,506.8388,491.4496,483.8268,441.7163,451.3721,468.3778,492.3248,519.4756,545.1822,550.4263,550.4263,596.5845,631.9123,656.841,653.0727,609.2547,652.804,679.9498,671.9666,652.0489,633.8759,632.3546,662.2102,636.8694,666.7811,685.5986,745.9897,748.7644,770.237,768.9223,774.0346,712.0183,672.2342,756.4254,778.6904,784.6961,708.8158,693.2664,725.5387,740.6601,804.267,770.0397,837.2143,783.2337,825.3004,749.4962,746.9924,768.0531,784.4074,800.187,856.2266,877.2009,931.0939,1006.1012,972.9748,990.1197,1019.3843,1071.029,1091.1701,1082.8767,1188.1804,1131.558,1122.368,1088.4117,1102.8032,1086.4829,1175.8304,1372.5942,1444.4686,1285.234
PLD.N,普洛斯(PROLOGIS),56.5547,58.97,57.4206,59.9258,61.9546,66.7499,71.4079,68.8305,69.7155,69.2765,73.322,77.8019,82.5963,84.8907,85.8717,79.7935,78.8997,80.6874,84.4422,89.9181,88.7585,94.8467,99.4908,95.9142,99.5799,96.2251,96.2088,100.5233,95.4732,87.8321,88.7261,91.5571,99.6004,109.6998,102.6663,97.5017,85.6612,85.0006,92.1828,98.7207,100.7549,86.122,84.5675,78.4011,78.2456,42.0096,30.1042,40.9432,28.1812,20.8212,25.1743,34.0237,31.8137,33.5246,35.8404,41.3042,41.5213,40.2576,43.1331,47.3183,44.4477,45.0774,50.962,52.1219,48.5111,44.3579,47.2545,45.0394,50.1132,53.9449,55.8535,61.2224,64.7749,70.8274,70.0292,70.8664,72.5856,70.3289,69.9169,53.4335,48.0928,59.0203,55.1729,57.2948,63.5473,67.4552,72.7804,72.255,64.6173,67.7357,65.9011,69.6518,71.9617,70.4415,69.7225,75.5608,82.622,80.6341,83.3795,87.4879,84.0468,79.2312,80.5756,74.022,79.6168,84.5479,80.2729,78.8069,82.6672,87.8499,87.791,87.361,89.2531,89.0465,88.4398,88.7215,82.3974,91.0306,92.4075,94.7873,99.4352,94.0824,96.7755,89.3107,87.9555,83.1759,91.0451,85.1936,88.1456,96.8242,96.8695,98.1901,90.2974,87.9867,102.0851,104.9272,109.8258,114.2874,126.9886,123.7725,125.8005,122.558,119.5974,125.053,115.7196,120.9312,124.0018,130.0489,132.7498,141.2472,146.4741,152.6163,153.8943,156.6104,160.6117,157.492,158.9568,148.1416,154.9548,159.678,158.3004,162.7896,162.6161,166.482,169.1953,160.909
PNC.N,PNC金融服务,557.1268,544.406,532.4093,555.9487,570.7796,568.7952,577.7601,592.6204,611.4856,645.6308,678.1729,657.5416,695.1551,753.9957,721.4137,772.3359,744.6714,758.2875,771.5256,770.981,788.9513,768.7214,775.9662,812.7393,815.7489,810.4411,795.8445,826.5429,823.1966,798.4338,750.0531,791.9166,766.3709,819.2712,831.1924,745.3597,752.5031,704.6687,752.159,803.5405,744.4481,661.6029,835.459,843.1936,875.4213,788.8291,624.3665,579.7604,390.3701,328.1894,351.5972,478.0636,548.5087,467.3463,442.674,514.2795,586.7302,592.2516,689.9114,638.8427,671.976,651.7307,723.7411,816.0577,761.9048,686.0178,722.275,620.1179,631.3065,656.746,656.1368,739.8445,732.2581,753.0054,768.7489,765.098,766.0798,731.5927,670.3449,619.1028,595.0252,667.7517,673.9679,716.9845,736.7076,744.2097,806.3523,834.4979,772.8417,768.941,748.6111,787.3717,799.2785,741.7793,715.5238,743.1812,792.8496,800.4189,853.1472,876.5818,925.1373,941.6669,987.9144,938.8109,941.1492,961.146,1005.8505,1014.0856,1050.0152,1074.9906,1143.607,1111.1859,1127.4491,1177.4287,1097.6421,1126.7583,1137.7932,1155.2416,1169.6838,1219.964,1136.8359,1236.615,1253.8276,1240.2888,1293.8322,1293.2914,1334.5675,1238.6005,1212.5018,1233.9252,1305.6969,1302.9627,1191.6067,1118.1712,1163.0026,1214.6223,1241.7431,1126.2031,1151.3509,1255.1327,1254.9934,1339.9041,1549.2991,1639.2801,1696.0235,1791.3421,1692.926,1693.9203,1679.0676,1766.3452,1832.7414,1784.5039,1917.6907,1957.4102,2011.3574,2064.7322,2272.4275,2267.2505,2174.9268,2104.3136,2072.5198,1952.4261,2107.516,2088.7444,1981.7897,1883.9919
PNR.N,滨特尔(PENTAIR),108.1967,101.1659,95.2092,97.4267,109.0111,104.8476,98.6964,97.0011,89.6793,80.1652,94.254,85.174,95.1064,99.4407,100.9268,95.1353,84.896,84.9706,71.7303,74.6774,65.4114,82.6545,79.9445,78.7902,78.5759,78.7019,78.5759,81.4196,93.706,97.7086,92.0698,94.4351,84.3888,90.4018,86.6468,88.9202,81.6283,83.8387,81.9882,95.096,96.6452,90.4225,89.8333,95.3603,89.7035,72.1364,64.881,61.7753,60.1306,54.8722,56.9755,70.5321,66.2695,67.8315,72.8057,75.4973,78.6686,77.9977,80.678,86.5748,82.3589,87.8064,96.0584,98.0222,93.1427,87.2874,93.2259,82.0497,91.6721,89.7322,90.1982,100.0954,99.7075,102.216,104.1732,111.2674,112.154,111.8215,102.7357,95.5785,89.1453,100.6674,106.4918,93.2189,103.7228,108.4554,134.1185,122.7026,115.3982,108.377,124.7514,120.9659,126.6869,120.8752,138.7604,140.6491,145.6599,153.1038,151.6093,156.8895,168.1186,166.5309,177.0553,174.2436,188.2445,195.2314,205.7947,226.0192,216.9975,235.9151,231.6236,217.6066,218.6318,211.2503,188.4513,200.2166,192.628,198.1309,191.2162,196.2692,183.5838,197.4246,186.7915,185.5549,191.1678,205.2599,182.5023,165.9357,153.1807,168.8199,171.1747,149.5288,143.2968,145.091,165.0102,177.6694,184.2769,178.3118,196.296,197.0035,197.5879,170.5431,177.7508,173.4509,182.4151,180.6417,195.327,201.8157,207.1654,208.1665,198.3432,195.1355,213.7213,222.673,224.8852,223.1786,227.0415,218.1186,216.3404,214.7224,207.4034,199.9893,213.0551,207.4723,206.852,192.4424
PNW.N,品尼高西方资本(PINNACLE),152.9995,153.183,155.9714,155.4717,163.7092,164.9336,171.7317,168.4696,165.2824,158.5401,157.5151,156.9836,163.6481,157.6568,150.1676,155.941,153.18,155.2022,169.2023,180.729,177.2277,190.1621,196.2476,201.6171,196.0885,190.5824,193.9182,196.1364,188.5817,161.8562,154.3475,164.0663,162.7073,168.5187,178.78,176.903,161.9094,150.2841,148.2972,145.6391,144.9525,132.0364,146.4458,153.5129,150.1102,140.4794,134.9312,142.6098,150.8497,118.3541,119.7062,125.8454,127.0863,138.577,149.3256,153.7642,153.3437,148.6937,166.592,173.6659,172.5347,175.3765,181.7346,182.3906,171.498,177.6037,188.5449,197.2569,204.2859,206.3347,202.6251,207.7885,206.6479,214.3636,217.2062,222.9628,232.5719,229.0777,220.2934,230.1246,223.3624,239.7721,249.3988,253.4493,251.3474,250.1242,254.7512,259.9638,265.5018,278.1908,290.6783,278.897,286.6607,290.5796,282.2961,279.663,295.8431,310.0311,320.8384,340.5784,315.8599,310.2115,332.4329,306.3011,308.9538,319.379,304.1596,301.6516,303.3268,320.7322,315.0265,322.4612,322.6796,336.7699,314.6061,334.9564,321.37,365.1771,375.6328,405.8117,420.4284,383.8851,381.9081,370.1381,368.4447,344.0712,376.8675,363.5541,391.7077,391.6566,390.7316,397.6384,412.9546,428.6482,467.5087,456.3908,462.2959,509.2228,499.4334,475.1805,481.1962,486.3368,472.2827,498.4745,500.1868,529.5678,537.2353,552.4486,573.6142,552.9031,567.3699,588.5653,553.1742,578.337,605.3714,561.6549,531.8288,511.9393,530.831,540.0869,534.1158,540.4895,544.3314,531.608,535.8717,561.6017
PPG.N,PPG工业,1270.716,1337.6565,1329.6621,1255.854,1224.0438,1174.8125,1217.3049,1187.5642,1116.0991,1130.807,1154.1757,1100.3914,1130.7995,1161.3497,1213.4504,1285.6637,1241.1388,1273.1607,1187.1259,1231.6451,1303.9576,1329.6168,1258.7849,1257.023,1297.7426,1306.4527,1386.5161,1451.1978,1512.4465,1510.8584,1514.0346,1465.885,1509.8515,1493.6638,1381.4999,1413.5015,1315.6855,1257.4787,1227.6547,1245.1028,1289.4655,1173.6734,1240.5709,1296.8716,1203.2064,1022.8905,916.1885,885.1065,783.9336,658.0686,781.8007,933.2879,953.1855,940.9679,1178.8892,1198.5862,1259.3809,1220.8704,1297.6141,1278.1815,1281.2383,1355.6029,1440.6309,1550.1101,1422.7205,1341.4476,1542.6314,1473.3376,1629.3328,1716.6185,1756.9475,1894.6457,1899.3784,2004.255,2159.1436,2146.8977,2024.2984,2071.9961,1921.6001,1760.813,1624.4816,1986.5759,2030.4011,1931.8312,2072.7445,2124.7653,2230.7125,2450.5238,2421.978,2484.7284,2562.9323,2589.7454,2703.2027,2755.9298,2939.2512,3201.3168,3260.9202,3198.9042,3181.8003,3495.3718,3663.6551,3491.9325,3826.5531,3739.8278,3999.5879,4371.1527,4421.2972,4555.8145,4380.4615,4767.4111,4662.3363,4666.1922,4875.1848,5081.6928,4796.5957,4994.7809,4773.5023,4942.1302,5326.6172,5626.7598,5425.4476,5746.0518,5505.8396,5408.6806,5605.7959,5619.2661,5308.7174,4683.3546,4309.8265,5124.2161,5215.1464,4873.8487,4691.363,4779.283,5519.9654,5465.5035,5351.0417,5175.6222,5203.4508,5281.8236,5156.1134,4645.7899,4805.8425,4747.2286,5010.2399,5151.7639,5285.0469,5524.4533,5368.8495,5550.5706,5312.8188,5288.5091,5508.5257,5892.7943,5946.7634,5945.2367,6042.4409,5744.5523,5701.6368,5409.4023,5177.8373,5322.0082,5677.5612,5696.4322,5623.771,5415.5786
PPL.N,PPL,622.9987,629.2287,628.1272,631.2684,669.0794,696.3677,722.1678,749.6097,764.0481,740.6517,694.8041,700.7835,718.1839,757.9903,707.1637,698.5045,716.0634,784.0102,825.7593,848.8184,805.0111,844.6499,889.4271,883.5872,877.6704,938.0718,1016.5238,1083.8779,1142.2845,1170.8277,1179.5858,1207.6116,1165.856,1301.8306,1283.197,1319.1771,1237.1242,1149.2466,1171.2741,1224.8384,1308.7559,1341.9193,1205.5965,1123.7001,958.5048,850.0193,877.4643,803.4801,802.6947,730.1746,762.0675,793.9198,861.8715,883.9898,906.2505,788.5103,823.2813,798.8597,828.1657,886.3569,808.9961,781.2889,769.4585,687.5421,716.6988,702.4253,768.3041,764.6441,776.483,765.9322,724.5844,760.892,745.5701,735.1628,741.3848,803.8017,826.0726,825.9863,828.0639,857.15,857.5312,882.4699,902.0002,894.485,844.9265,868.0335,870.307,842.2823,842.8982,867.7673,901.7791,915.1966,917.6046,934.0298,927.0807,915.5682,968.6538,985.6029,1013.1647,1080.1482,961.0665,991.5611,1041.0409,1005.9791,1007.6425,1015.9345,1018.588,1010.2813,1026.3975,1084.147,1125.7909,1132.585,1192.0338,1219.9987,1132.7823,1189.0953,1139.9147,1214.5437,1233.2877,1274.5251,1245.4071,1196.2925,1194.1706,1207.2973,1231.4219,1140.4358,1230.9896,1199.2571,1289.1864,1348.3737,1334.2628,1353.0052,1389.8729,1387.0979,1525.2707,1508.0428,1544.1012,1527.2398,1525.6216,1407.0835,1413.8027,1404.3964,1368.4072,1408.7186,1441.4025,1525.8015,1563.69,1593.8012,1669.0791,1632.9688,1619.0299,1657.4676,1619.3296,1602.6883,1564.7119,1335.5369,1375.2363,1236.2886,1239.1485,1274.6278,1196.6609,1270.8346,1280.6274,1323.8046,1319.9409,1371.3672
PRGO.N,培瑞克(PERRIGO),34.8369,35.7709,38.9877,37.2979,31.7195,28.4536,28.372,29.3367,29.2958,27.3714,29.7934,30.6147,32.052,32.7174,33.5822,32.8615,34.7229,33.2366,32.6998,33.41,35.1282,37.0326,34.825,35.9042,35.8627,34.7489,36.7464,39.5346,40.79,40.8317,38.8923,43.277,44.6144,49.5461,64.6801,73.2832,64.5545,70.0547,79.0892,85.9228,76.8579,66.6969,73.9607,73.5604,80.8554,71.479,72.4621,68.0399,61.8066,42.42,52.4285,54.7301,56.8303,58.7768,57.4227,62.5727,72.0477,78.8306,85.2177,84.5595,94.0069,105.3721,124.8225,129.9668,126.4301,125.7066,119.1946,121.4547,136.815,140.3515,128.4788,135.0691,155.0938,163.1625,169.759,192.9002,182.8074,187.743,192.9563,202.5778,207.6455,193.0412,209.521,208.2369,204.5986,220.7401,221.2756,224.6811,222.6887,252.7836,244.4025,235.8912,249.1905,246.5141,222.2075,223.3453,215.7881,243.1608,255.1287,256.5683,249.0855,260.1809,267.4702,261.565,265.503,296.7273,335.6549,330.4227,335.1596,354.2952,333.2236,312.109,297.99,314.2911,324.4038,320.9442,324.0729,348.3692,345.8819,360.9315,327.6367,333.8032,357.7466,396.0604,411.4931,399.6651,415.6016,395.9213,340.3101,341.3271,323.5314,313.3743,313.1145,273.7354,277.378,209.6,208.1139,196.8874,198.4508,197.8957,200.8101,180.9313,188.0877,181.3127,165.8893,162.883,144.9377,161.4203,159.3898,165.2315,163.9187,173.1103,185.585,177.5609,191.5468,191.437,199.0365,178.9176,183.4748,172.0268,161.4673,160.9155,177.7111,169.2899,156.6557,155.5494
PRU.N,美国保德信金融(PRUDENTIAL),56.1187,59.3353,59.7517,59.4915,65.9039,68.3502,69.641,67.0073,70.328,75.7723,81.4011,76.9735,79.2346,81.0225,79.7289,82.1689,80.0865,81.7166,82.7052,77.2049,80.1917,80.9068,86.7126,91.3738,94.8538,96.7801,96.0564,101.1008,108.5716,103.474,94.3217,95.5456,103.8465,102.9313,101.41,100.225,90.5623,78.6051,84.2929,81.5567,80.4687,64.3534,74.2962,79.4023,77.5602,32.3167,24.201,33.7475,28.7177,18.3013,21.2121,32.2085,44.5097,41.5097,49.3722,56.4094,55.6622,50.4428,56.4066,56.3047,56.565,59.3033,68.4573,71.9198,65.3004,60.7177,64.8251,57.2552,61.3061,59.4956,58.5826,67.8647,71.1013,76.0949,71.1822,73.3091,73.7253,73.5057,67.83,58.0393,54.1669,62.6515,60.2671,59.6483,68.1218,72.7871,75.441,72.0492,55.2806,57.637,57.4585,64.8728,64.8728,67.8957,64.0614,65.5486,71.1411,68.8012,73.0355,74.8059,85.9046,90.9615,98.36,93.7373,97.618,101.8868,111.7695,116.1265,106.2667,107.1783,107.267,102.2362,104.7966,113.2278,110.9319,115.0909,112.8327,113.6026,109.7925,116.8726,98.0355,105.2167,104.5139,106.1927,110.8607,114.6735,115.7741,106.465,100.5415,108.8397,115.1047,108.2689,93.2009,88.8347,97.0743,104.3596,107.4908,96.7621,102.1197,108.6611,111.7685,116.0667,138.6877,143.4576,144.9052,153.4174,148.0601,148.5459,146.583,151.1825,158.2985,143.7608,149.732,155.5625,164.2623,163.0428,168.4879,152.013,148.0526,152.013,139.6862,134.8828,145.5569,143.0228,147.4918,136.5158
PSA.N,大众仓储信托,211.7271,219.993,231.3909,238.5432,244.3544,258.8989,273.2253,276.3771,276.2452,272.9468,291.0883,281.229,301.3702,324.003,339.3786,321.2043,301.5547,319.308,337.7766,364.5328,363.8322,379.5719,407.3702,414.6783,462.5683,430.7125,404.6921,398.9212,382.5916,330.4191,301.4719,325.9458,340.5845,350.6309,334.9117,319.8481,340.5439,354.4863,388.6347,397.7563,386.4858,356.5922,361.4474,389.8282,439.8169,362.0349,310.4616,358.6063,279.0814,250.2576,251.7416,304.6416,303.5025,300.8479,333.4229,324.142,348.3802,340.7866,368.4755,379.8541,369.2676,383.3052,432.2082,455.3244,435.4971,416.7019,465.0983,464.6243,463.6095,474.0245,461.5074,488.4269,524.8349,540.5829,538.027,569.0735,574.0701,557.7871,585.2826,605.3416,549.0965,636.3799,650.434,667.9328,689.7899,665.9954,692.1869,717.6862,668.6415,729.2302,752.1559,735.0374,708.0747,705.3273,715.5538,743.2782,789.2716,775.3249,787.5588,853.1198,784.8702,799.2778,829.9812,795.8374,843.5937,877.327,802.3467,798.1148,835.6027,896.1029,900.9148,938.4507,921.7146,923.7436,925.1452,944.391,901.3504,1001.899,1019.7803,1012.3042,1099.8712,1080.0467,1087.8026,1036.8722,1067.9381,1026.6605,1142.5405,1120.7678,1188.5492,1288.6855,1348.2168,1401.011,1434.1556,1411.1353,1570.5123,1393.8916,1444.5661,1466.1854,1370.5584,1284.626,1290.6654,1236.1791,1210.6133,1304.6554,1255.0376,1327.7714,1289.5815,1233.4411,1268.6099,1240.3858,1222.7791,1221.411,1284.9055,1244.4351,1279.6816,1266.9131,1186.6551,1178.6535,1227.0277,1235.5389,1297.1383,1402.0524,1346.2447,1313.7984,1258.0089,1281.9674
PVH.N,PVH,406.0352,413.7948,398.0641,386.7079,463.7005,489.1375,507.2426,501.6983,464.6964,426.1964,508.3281,485.979,541.9266,532.477,573.7408,603.6216,532.824,573.5561,534.0264,581.3876,628.4824,688.5169,742.8218,755.4707,830.4606,825.7925,886.0001,842.3028,921.5886,913.2955,784.9788,878.6349,791.8729,721.2562,640.6464,556.6767,635.6626,551.3909,573.2979,638.1567,687.3929,554.0904,535.6308,576.4481,574.1762,371.2229,264.634,305.452,288.6089,251.4327,344.8273,441.3728,448.6691,436.7939,538.6465,575.8136,652.1722,611.9353,610.187,620.5602,599.3562,663.8835,875.6193,961.8685,836.0165,706.7876,792.6347,698.307,919.6618,937.7003,1037.7132,963.8312,892.8555,917.9417,995.3255,1077.6699,1010.2681,1002.6111,1095.7205,1021.4264,892.4074,1140.1791,1040.8289,1080.6897,1183.4082,1303.2974,1370.1165,1361.9875,1242.9397,1193.6825,1218.8481,1441.5093,1438.746,1688.5155,1759.7421,1704.7645,1825.4694,1871.2328,1640.8115,1772.9244,1770.0967,1921.6129,2025.1848,1979.0386,1824.4046,1914.7871,2059.0881,2091.3766,1858.4377,1944.5269,1918.9957,1931.2999,2025.0863,1793.8544,1695.0848,1796.5791,1864.4471,1759.798,1957.2366,1973.0927,1697.3801,1640.5142,1640.9762,1591.5436,1611.9817,1774.6587,1787.5989,1833.5021,1570.9128,1401.555,1407.4147,1135.4594,1131.2969,1220.8522,1527.9547,1474.5858,1447.4546,1454.0901,1559.4857,1663.453,1705.7494,1651.4124,1635.935,1393.4942,1448.6225,1415.0913,1598.4661,1560.7716,1637.3978,1769.5333,1843.56,1946.1754,1948.8035,1960.398,2080.6329,2121.7662,2398.1015,2231.6612,2342.2543,2469.7071,2475.4198,2316.374,2375.1653,2215.4262,2234.6154,1869.2465
PWR.N,广达服务,11.22,11.775,11.445,11.97,13.545,13.2,15.78,18,19.14,17.235,21.225,19.755,20.775,20.535,24.03,24.33,24.975,25.995,23.94,26.595,25.29,27.45,27.495,29.505,30.855,34.77,37.83,41.235,45.015,46.005,42.645,42.405,39.675,49.5,41.07,39.36,32.88,35.82,34.755,39.81,48.06,49.905,46.32,47.91,40.515,29.64,24.39,29.7,32.07,26.4,32.175,34.095,34.215,34.695,34.965,33.18,33.195,31.8,28.125,31.26,27.33,28.5,28.74,30.195,31.095,30.975,32.22,26.91,28.62,29.49,26.415,29.88,35.595,34.215,33.645,32.52,29.625,30.3,27.78,28.785,28.185,31.335,30.885,32.31,32.4,31.35,31.35,33.18,33.87,36.105,34.485,36,37.05,38.895,38.79,40.935,43.455,42.6,42.87,41.22,42.555,39.69,40.215,39.21,41.265,45.315,44.415,47.34,46.755,52.815,55.35,52.92,50.925,51.87,50.235,54.51,54.435,51.12,45.75,42.585,39.72,43.17,42.795,43.365,43.98,43.23,41.43,36.36,36.315,30.165,33.075,30.375,28.05,30.435,33.84,35.58,36.045,34.68,38.4,38.595,41.985,43.125,50.58,52.275,53.835,55.98,55.665,53.16,45.99,49.38,50.595,53.895,56.055,56.595,56.85,58.665,57.735,51.66,51.525,48.75,54.015,50.1,51.105,51.885,50.07,46.8
PXD.N,先锋自然资源(PIONEER),38.8717,42.6991,43.3607,41.2698,40.7318,42.7111,43.9798,50.1409,55.8676,50.9136,51.8088,52.1547,54.0162,42.8163,45.1395,43.6808,41.6304,47.3429,46.2616,42.5485,40.0439,41.692,44.5786,40.6274,41.9683,39.3991,44.2675,51.5479,53.0061,50.0179,46.7217,42.1522,46.3326,52.5542,45.9103,50.3087,43.16,46.1369,50.743,59.6375,74.162,80.8664,61.4143,65.2572,54.1564,28.8289,20.8007,16.7607,15.1655,15.1137,17.0982,24.0019,29.1926,26.4726,29.639,30.0646,37.7178,42.7274,42.9769,50.0652,45.7103,48.4854,58.5802,66.7036,66.2563,61.8358,60.2444,60.1404,67.6818,72.6463,83.3767,90.3603,99.0404,106.5132,106.1186,106.4414,95.6025,93.2598,96.8207,81.3902,68.5175,87.4048,98.4893,93.2179,103.4482,114.2201,116.2952,120.7036,100.7774,91.9294,92.3671,101.4652,108.8443,110.1475,111.555,111.1275,122.5437,131.1657,129.5818,127.4751,144.631,150.9615,161.4011,182.4783,196.9441,213.6134,185.4174,192.01,176.6238,209.8581,195.2559,201.6517,219.2742,239.7764,231.0643,217.6987,205.5543,197.2996,149.4722,155.3372,157.0904,159.1671,170.6778,180.3541,154.3104,144.7697,132.3272,128.4546,127.0138,143.1986,151.1448,130.919,129.4259,125.8548,147.0004,173.4885,167.4514,157.9361,169.8014,187.0145,193.953,187.0265,199.5841,188.1234,188.2906,194.2873,194.6009,180.7657,174.3602,166.753,170.4312,135.4776,154.2131,156.4394,163.0975,180.6678,191.1828,177.9293,179.7169,210.8624,202.022,197.9836,198.015,182.7718,182.406,154.2163
QCOM.O,高通公司(QUALCOMM),1206.5971,1170.4124,1189.2428,1132.7514,1212.9639,1074.3208,1284.889,1295.2677,1459.6634,1296.8987,1483.1484,1407.9946,1567.4889,1544.3031,1657.2769,1681.1815,1484.3736,1315.6127,1157.6866,1240.7832,1197.3047,1198.6223,1205.2099,1248.7318,1244.4361,1335.6575,1413.8712,1451.6539,1427.9976,1442.6266,1384.7753,1331.1801,1410.27,1425.9545,1360.8805,1317.847,1420.6625,1424.2236,1377.5255,1451.1055,1636.2148,1495.65,1865.4332,1780.0807,1452.8028,1293.5591,1134.9916,1217.2099,1173.726,1140.9705,1328.0037,1444.3875,1493.5982,1548.7644,1583.3717,1596.3425,1546.8222,1421.3019,1553.3653,1596.8596,1352.8086,1271.8757,1454.8442,1341.1195,1239.556,1144.7418,1327.3985,1341.769,1581.1329,1582.0964,1646.7754,1740.6859,1903.8862,2102.4344,1934.8184,2014.5683,2075.424,2011.6629,1940.463,1831.0505,1730.3534,1836.032,1957.4544,1953.8824,2101.0487,2228.7124,2439.4688,2287.8532,2062.9904,2004.3152,2148.3033,2212.3781,2258.018,2118.4958,2299.5855,2244.7974,2395.7724,2381.9828,2438.1255,2243.6291,2312.1035,2237.3896,2364.5498,2440.2738,2478.5642,2558.4585,2721.9781,2746.7637,2745.6539,2785.2369,2930.9285,2925.3536,2990.0228,2959.013,2754.2732,2858.922,2808.9566,2949.4607,2754.7136,2808.7499,2360.2114,2739.9765,2635.4551,2584.5248,2648.3777,2396.9349,2464.2925,2183.6378,2073.6455,2293.2443,1901.5818,1948.1567,1767.1186,1998.1114,2011.8806,1987.4894,2181.3292,2127.7095,2485.5714,2526.2965,2743.7976,2752.6098,2750.3225,2632.0421,2156.902,2301.3428,2336.3845,2189.6984,2356.5129,2272.1607,2188.6314,2174.5988,2156.7094,2122.1788,2783.2379,2685.9043,2863.3703,2750.4256,2344.632,2158.4494,2484.9989,2399.4862,2740.2543,2937.7886,3107.7827,2713.4313
RCL.N,皇家加勒比海游轮,130.6391,116.7906,110.4629,103.8633,113.9728,119.8701,112.6571,105.8902,107.4625,103.0844,114.0794,112.4471,102.0659,110.3235,105.2155,104.6396,95.35,96.1621,85.2261,91.7123,97.9477,102.2129,107.1343,104.8274,113.8206,103.0461,107.1904,105.6903,110.5464,109.6628,98.3087,97.0329,99.9707,109.832,103.8896,109.0803,103.3744,89.9835,84.9439,82.362,76.7335,58.3166,66.1285,70.5406,54.1522,35.3881,24.5838,35.884,16.9372,15.6585,20.9041,38.4415,39.3028,35.3359,37.8935,49.7939,62.8427,52.7951,64.1214,65.9744,68.0882,73.7775,86.0955,93.5333,75.6826,59.4239,75.3172,64.0953,82.2853,103.1893,105.0422,122.658,117.1776,114.2807,107.6781,103.92,101.7801,98.2308,79.9104,68.0134,56.6953,77.8643,72.5983,65.1603,71.5,75.2101,77.6916,72.2535,62.4277,69.0019,66.2185,71.6262,80.3942,89.6018,93.8065,90.7928,96.6676,93.4303,89.0093,97.8781,94.1035,89.6147,102.3823,98.6192,103.533,113.7024,119.1387,128.9953,134.9255,144.6834,149.1389,145.2301,151.8652,152.7167,163.8408,175.1298,185.6455,187.5216,203.4403,228.2517,209.2007,212.4402,227.5351,189.2002,212.0716,219.6356,250.7848,246.0678,249.6418,275.5896,259.5053,284.7027,230.5527,210.2778,232.2754,218.845,219.8807,190.7868,205.8167,202.0379,214.3884,219.8804,231.6081,236.0169,269.3597,276.4655,283.649,308.1947,319.9356,317.177,328.3275,361.4012,346.0078,361.2737,361.5948,349.8264,391.6777,371.2946,347.0256,318.878,309.4169,307.1047,334.258,363.3677,387.2507,312.1192
RE.N,艾弗再保险,91.4614,91.4298,89.6904,86.6238,94.4224,98.1259,102.7684,97.8069,103.4161,105.0534,111.1591,106.1151,102.2025,104.7299,98.8548,96.3456,94.7239,91.7767,100.3002,99.7612,103.5296,105.2811,104.7144,104.3952,99.5963,103.395,102.8389,107.6189,114.6659,116.696,105.5355,109.4347,118.9752,114.982,113.7978,108.885,110.284,105.5769,97.5671,98.4607,96.1023,87.3268,89.6166,90.5112,95.3602,82.323,87.1372,84.5606,69.9674,72.333,79.2139,83.5102,78.0111,80.6479,90.3951,95.5471,99.3889,99.1509,97.0025,97.6522,97.7205,97.3558,92.7832,87.8763,83.869,81.6073,89.5695,91.8679,100.3768,97.8346,97.47,99.0227,98.3923,103.494,103.5151,106.9664,105.0053,96.484,96.9207,95.8371,94.2695,106.7866,104.7851,100.4374,102.0021,104.9284,111.1011,119.0025,123.2106,124.8636,122.7039,125.652,129.6521,134.6098,132.0857,133.8879,141.0237,151.7396,158.7467,165.0179,158.4411,157.3736,163.8398,168.6189,179.0352,189.2914,193.096,192.8361,179.0913,184.6338,190.3002,196.4923,198.9666,200.4907,194.7692,205.6267,203.33,214.1736,220.1225,214.8983,216.2612,223.8955,220.7449,226.974,230.2725,232.1217,233.5373,225.4067,222.2399,228.1761,237.947,236.2053,230.8514,240.1272,256.2274,239.9658,233.9538,238.6039,246.8853,252.5934,249.6297,267.4351,278.3364,286.0698,290.7362,310.8431,310.7335,334.5226,340.1373,340.0571,350.4756,337.2388,306.5795,318.7412,296.5083,298.7497,310.2805,324.3768,348.5451,315.7697,307.5116,314.5958,298.0388,304.4132,313.6806,299.1135
REGN.O,再生元制药(REGENERON),7.2,6.11,5.11,5.57,6.23,8.39,9.64,7.47,9.49,12.51,11.17,15.9,15.23,16.37,16.63,14.52,12.94,12.82,13.66,15.88,15.69,20.05,21.51,20.07,19.89,19.84,21.62,27.2,22.44,17.92,14.89,19.46,17.8,22,21.78,24.15,20.28,19.77,19.19,19.62,19.9,14.44,21.89,21.72,21.83,19.3,15.46,18.36,17.48,14.25,13.86,13.26,15.27,17.92,21.48,22.73,19.3,15.7,18.35,24.18,26.66,24.46,26.49,25.53,28.57,22.32,24.19,21.98,27.4,26.11,28.82,32.83,33.68,36.27,44.94,51.04,60.02,56.71,53.06,59.03,58.2,55.3,59.42,55.43,90.86,104.79,116.62,135.26,135.65,114.22,134.65,148.05,152.66,142.3,176.55,171.07,173.94,167,176.403,215.14,241.88,224.88,270.06,242.31,312.87,287.6,293.86,275.24,288.59,332.5,300.28,296.89,306.96,282.47,316.22,350.455,360.52,393.72,416.11,410.25,416.66,413.84,451.48,457.46,512.56,510.13,553.66,513.5,465.14,557.39,544.5,542.87,420.09,384.02,360.44,376.71,398.93,349.23,425.12,392.55,402.02,345.02,379.24,367.09,359.29,373.5,387.51,388.49,459.06,491.14,491.62,496.9,447.12,402.62,361.86,375.96,366.65,320.44,344.36,303.68,300.32,344.99,368.01,406.75,404.04,339.24
RF.N,地区金融,295.8516,298.2554,299.5498,312.8261,314.6008,316.469,317.3787,308.6989,293.6036,310.3743,321.2446,325.7261,319.6626,335.0773,338.8346,355.2113,329.3318,322.2295,356.5112,353.564,361.4232,376.2903,363.4003,374.4362,363.0229,358.6178,357.8173,354.9847,360.8522,338.4006,307.4232,319.9982,304.9557,280.5427,273.405,248.5832,264.5598,222.8314,211.3239,234.5428,190.673,120.12,104.3756,102.0635,106.6088,123.1554,113.1608,89.4055,38.8622,38.4129,49.1102,51.7617,48.3032,46.6786,51.0692,67.7071,71.8813,56.0234,67.83,61.3421,73.6337,78.2721,91.1536,102.6204,88.599,76.5133,85.2345,74.7691,84.6553,73.3602,62.6473,81.6428,82.8091,89.1073,84.7909,85.7252,82.4551,72.5268,71.2401,53.1084,39.0541,46.0908,48.2019,50.5556,61.3722,67.721,77.6137,79.3803,74.0805,79.6267,82.104,82.104,84.9922,77.0186,78.7905,84.3491,92.0387,90.5008,97.0084,100.5618,108.1425,113.2488,118.9529,111.704,110.3831,114.7937,115.9857,118.2641,121.6123,127.2326,133.2229,121.5914,122.1909,127.9362,122.1538,122.2742,121.5569,120.2251,121.9201,128.4673,105.8396,116.9101,115.5687,120.2159,123.3956,127.4223,127.7912,117.9517,111.5209,115.7292,125.5074,119.5678,101.1344,93.6614,98.5058,117.705,123.3518,107.4986,115.8357,125.9414,125.503,136.1841,172.1693,183.4334,184.0721,195.0576,186.3994,176.3931,177.5477,188.7895,188.2736,181.9549,197.7042,200.9495,215.3587,225.5253,250.9753,253.3245,243.5953,245.1686,239.1377,234.2018,245.1347,256.3311,243.4198,225.1136
RHI.N,罗伯特哈夫国际(ROBERT HALF),1104.4623,1064.5817,983.926,905.8251,912.7023,913.8001,1240.2357,1235.147,1305.1925,1352.5007,1405.7243,1392.13,1342.1617,1322.6193,1421.6685,1556.4343,1514.1109,1549.5287,1193.8749,1144.3751,1256.4454,1351.8716,1430.2709,1375.7879,1508.4743,1451.5725,1375.037,1237.199,1309.3166,1359.9902,1266.4676,1193.7839,1116.0422,1124.6387,1011.5854,1014.5871,1042.3532,1015.49,969.8966,893.0283,930.2608,907.1746,957.1316,972.982,940.676,717.1942,799.2456,796.5674,648.5023,592.3209,687.1231,925.6701,828.7208,915.1185,960.4482,1023.2733,973.8417,903.0027,873.6532,1045.8016,1053.2352,1096.6473,1196.0924,1076.208,999.2896,930.5366,994.9431,857.5809,1033.23,1077.341,1106.8802,1221.8808,1252.2281,1279.3881,1227.25,1216.4213,1111.3615,1089.5938,1103.7025,970.4174,860.8803,1072.2463,1080.5993,1160.9609,1129.5505,1165.7132,1242.3887,1221.8872,1171.3999,1177.5825,1113.2833,1089.7063,1103.3794,1114.1522,1177.4603,1325.7886,1468.2838,1487.9136,1570.7848,1373.6519,1461.3857,1397.0612,1565.6503,1489.2499,1648.0131,1626.901,1638.0941,1780.5739,1771.6689,1743.8358,1786.8566,1908.2521,1949.8789,2041.8342,2080.7548,2155.2317,2103.2932,2351.3959,2445.4206,2513.8872,2500.1078,2676.7768,2614.5663,2395.5337,2443.6826,2405.9675,2385.5926,2220.1414,2225.7972,2291.0571,2235.4165,2058.9592,1911.7659,1730.1734,2045.9883,1682.7353,1836.989,1685.4893,1613.9355,1702.7253,1681.8466,1662.3005,2003.1447,2177.6999,2100.9135,2164.2803,2190.7506,2066.0263,2096.5833,2161.5237,2040.6624,2054.1037,2282.6397,2347.4823,2597.7605,2529.4463,2636.0164,2611.8299,2649.3575,2780.2464,2927.1673,2992.4402,3482.4466,3606.717,3246.8757,2792.4607
RHT.N,红帽公司(RED HAT),21.7,22.94,21.82,21.5,25.28,26.2,30.48,28.42,42.38,46.44,47.14,54.52,57.742,53.74,55.96,58.78,52.44,46.8,47.36,46.4,42.16,32.76,34.8,46,45.46,44.9,45.86,42.28,49.12,44.56,41.64,38.9,39.74,43.18,40.04,41.68,37.34,35.66,36.78,41.14,48.72,41.38,42.76,42,30.14,26.62,18.5,26.44,29.3,27.38,35.68,34.54,39.9,40.26,45.66,45.92,55.28,51.62,53.4,61.8,54.44,56.1,58.54,59.74,58.62,57.88,64.3,69.1,82,84.52,87,91.3,82.64,82.56,90.78,94.94,87.2,92.1274,84.5203,79.4186,84.7377,99.5557,100.418,82.7927,92.9789,99.1748,120.0885,119.5271,103.0247,113.2509,107.5964,112.3687,114.1733,98.5933,99.0545,106.1928,111.4062,101.8817,101.3804,96.1069,96.7084,95.8863,103.8067,101.3002,92.5177,86.7629,93.9413,112.3687,113.291,118.2839,106.2329,97.5506,100.4982,110.8247,116.5394,122.1538,112.5892,118.1435,124.6201,138.6361,127.9086,138.596,151.8902,150.9077,154.938,152.2511,158.5673,144.792,144.1303,158.6275,163.2393,166.0466,140.4608,131.0366,149.4038,147.1179,155.319,145.574,150.9678,146.3359,162.0764,155.2989,158.6275,139.759,152.1509,166.0466,173.4456,176.6137,179.6014,191.9932,198.2493,215.5537,222.291,242.2824,254.1729,240.8186,263.4367,295.5593,299.7901,326.9599,325.6766,269.4321,283.1875,296.221,273.262,344.1641
RJF.N,瑞杰金融(RAYMOND JAMES),499.3608,487.9862,486.6668,433.1816,432.2179,455.0383,480.8104,488.542,518.6901,549.5338,585.222,610.2293,689.4441,696.2478,720.2659,739.5152,714.1743,739.6097,710.0449,677.3037,716.4159,780.6091,772.0336,745.0544,784.63,739.8923,733.9953,756.686,821.5519,764.5376,758.8469,811.3006,815.2355,924.4299,806.0532,810.5203,699.4628,559.5205,574.9915,719.8653,744.3863,662.9898,726.0479,774.5348,831.5527,587.2305,553.9482,434.812,469.8406,354.3476,502.8557,400.4978,405.8582,442.1887,527.2348,584.5318,600.9398,609.4583,627.0115,616.4125,656.3483,670.6111,696.2298,797.7741,736.0664,645.5123,697.5402,603.4193,665.1265,741.0134,753.0923,862.04,954.8345,1010.1949,1011.5994,992.0234,945.4645,854.0362,843.6762,745.9203,693.0286,810.7581,795.8083,830.0143,938.3237,948.2431,982.7958,985.2171,919.5719,924.8172,908.0711,950.7467,993.4386,1033.8267,1023.2553,1048.2368,1214.1917,1193.7875,1258.0129,1130.3014,1199.8877,1176.7455,1206.5885,1145.2597,1144.6614,1253.9907,1323.4889,1438.0758,1402.8058,1454.333,1545.7623,1373.581,1337.6524,1406.5039,1412.6034,1514.9098,1489.8646,1560.7708,1565.4979,1598.0121,1467.75,1593.5492,1588.8108,1581.8154,1626.3065,1672.0877,1655.8103,1487.1421,1398.0273,1552.3934,1654.3652,1638.4978,1238.2713,1239.1193,1351.3391,1480.7679,1591.4637,1405.2504,1564.8731,1658.0814,1665.0049,1719.6374,2057.7298,1987.5947,2149.9996,2254.1568,2194.6046,2144.531,2079.7807,2314.8751,2400.5791,2260.0476,2439.8226,2452.842,2554.6821,2583.6139,2796.5697,2689.8016,2601.4693,2611.362,2809.5054,2608.3672,2673.7588,2716.0882,2695.9074,2246.0526
RL.N,拉夫劳伦(RALPH LAUREN),39.3837,39.8387,39.2838,35.5377,39.2332,43.6978,49.9113,50.2256,51.0361,49.92,54.3844,57.0128,57.5206,58.8611,61.6034,61.7152,57.426,55.8518,58.0289,60.0127,65.8622,72.2866,79.6171,79.1174,83.5898,88.6124,89.8553,93.8919,99.4167,100.0596,91.1256,77.0411,79.3472,70.2134,70.3971,63.1096,61.9759,63.5181,59.5823,63.487,71.3986,64.2219,60.529,77.6227,68.2206,48.2888,44.2246,46.541,42.0519,35.3285,43.3549,55.248,55.2275,54.9953,64.7638,68.1843,78.7535,76.4922,78.9899,83.3377,84.3874,82.2572,87.6182,92.6255,89.4933,75.2745,81.5164,78.1427,92.8125,100.0632,112.8293,114.6667,110.8003,130.99,128.034,135.4064,131.2646,137.5235,140.0746,142.1902,134.6867,164.8952,147.3142,143.5931,158.0689,180.6665,181.4965,179.3518,154.917,146.2326,150.7012,165.6419,158.3128,160.8881,164.4473,157.3598,174.7416,182.0785,178.1375,191.0472,184.2188,183.2286,192.003,174.4437,174.1483,175.1103,185.2486,187.1467,166.2879,170.7289,171.0625,160.9006,163.1434,171.2955,166.1468,180.3672,176.0682,176.1858,197.6265,198.3997,178.8233,147.2354,141.4315,143.4858,140.2485,142.8683,135.8847,120.0176,128.1215,120.1085,134.6815,121.4272,122.5383,98.8584,105.3953,102.0558,103.2821,98.6865,108.0134,114.1028,111.9439,108.5791,115.7845,100.5259,98.4223,88.2941,91.4026,90.3947,75.9262,83.2162,85.3023,99.104,100.1162,101.4089,107.8951,118.1508,130.2519,120.6007,127.9758,125.7437,154.0517,144.6228,155.2751,152.7788,158.9543,149.7787
RMD.N,瑞思迈,205.2,235.8,225.6,248.4,249.88,263.96,268,289.36,318.6,305.04,326.4,306.48,315.52,324.72,351.84,345.2,363.68,375.6,371.28,325.44,322,351.92,400,393.76,420.64,381.84,402.96,338.08,360.64,330.08,343.84,325.28,342.96,331.44,366.4,420.24,371.6,323.92,337.44,344.96,315.12,285.92,302.56,374.4,344,274.08,290.72,299.84,319.2,295.04,282.72,307.6,296.56,325.84,328,367.28,361.6,393.68,402.16,418.16,409.12,456.64,509.2,547.44,503.12,486.48,525.52,482.24,524.96,509.92,511.2,554.24,503.84,505.6,480,510.24,515.2,495.2,484.64,495.52,460.64,452.8,416.8,406.4,464.48,468.8,494.56,544.16,495.68,499.2,504.96,601.12,650.3411,641.8241,663.1967,670.9439,706.9363,720.8876,751.1879,778.0855,780.4255,733.7626,774.7349,772.0296,863.2219,845.5717,801.5787,773.1679,716.1821,726.8683,737.9315,823.1346,830.7484,840.2076,858.6281,885.1652,822.0941,871.3163,892.4488,940.4263,1047.9563,1084.4625,1209.4891,1077.3855,996.0229,954.536,981.2908,884.3184,867.6332,980.8545,1019.5509,918.9137,970.4303,979.1745,994.8317,960.0762,1021.4418,1093.5619,1191.2786,1158.8191,1125.8044,1038.5758,1074.4063,1084.3674,1180.3091,1264.8516,1263.798,1193.9089,1254.5601,1374.0168,1360.783,1375.4389,1364.4467,1492.4523,1520.5335,1507.8921,1794.55,1702.5366,1759.7227,1691.2781,1843.8779,1857.6877,1897.1443,2004.9697,2075.6952,1906.1699
ROK.N,罗克韦尔自动化(ROCKWELL),69.0179,75.9273,69.1958,56.4782,63.0498,59.785,63.2216,64.152,65.2122,65.5203,69.8451,73.2241,81.7768,84.6552,89.2996,89.9826,85.0445,89.6903,77.1977,70.4862,72.6365,77.5123,81.7322,76.7087,76.8719,78.2752,75.5252,75.1089,86.2334,87.9949,88.6918,89.6591,88.4502,87.6486,86.749,88.1163,72.7061,70.2536,73.7335,69.6372,75.5872,56.4548,57.4617,61.3353,48.5122,35.9489,40.929,42.3611,34.2148,26.7281,29.0418,42.007,41.1938,43.1132,55.5828,56.5686,57.5823,55.352,59.1772,63.9261,65.6406,74.0327,77.1396,83.1071,73.4709,67.503,74.461,70.7938,85.4537,86.3397,92.0263,99.8065,112.7503,122.6043,132.2752,121.7658,116.6347,121.7571,100.7064,90.6565,79.1637,95.6325,106.6751,104.315,110.7129,114.3218,113.9216,110.5483,104.2155,94.9452,96.8136,104.2659,100.6341,102.819,115.352,122.2667,129.8365,132.1899,126.3515,124.0542,129.5543,122.3715,142.5509,143.8682,158.2358,163.3703,168.9221,175.7337,170.796,183.6156,186.1716,178.1448,181.8669,187.9952,167.7177,176.0664,165.905,169.6343,175.2677,168.8742,165.4117,178.7506,177.147,181.1332,188.6772,191.364,179.2963,172.6653,156.6695,168.5428,165.4742,159.52,148.5754,163.058,178.1905,177.7519,182.9578,181.0187,180.3565,183.8858,194.0533,189.8975,213.3852,214.4864,236.1744,242.3455,249.7394,252.3697,255.8003,261.022,265.9698,265.6253,288.5352,325.1424,313.9921,319.3099,320.8385,295.3366,284.5555,268.7596,288.0206,272.9472,307.9707,298.6958,309.5239,271.9063
ROL.N,ROLLINS,209.3012,216.0271,236.1738,250.649,259.6848,255.1021,265.9223,250.8953,249.1086,242.7278,260.3671,252.1786,274.9527,248.5798,259.7447,259.873,253.6073,252.8349,272.0163,274.2432,272.5647,279.4079,283.7033,286.293,282.5379,298.8286,298.9586,299.7381,300.9718,296.8006,310.2264,347.1908,348.8902,396.9949,385.7762,377.3897,347.7096,348.1202,348.9091,314.1957,315.0211,293.4389,338.1873,353.1501,377.1969,349.1754,345.5427,360.705,311.2278,316.5045,343.5476,360.5748,336.1079,348.1764,368.6928,360.4114,380.6025,365.0553,360.1449,390.7481,398.8549,432.6783,441.4337,442.859,434.6658,423.0121,446.5241,420.4496,479.9859,534.8004,556.5736,610.2329,586.7505,608.407,629.4934,650.2698,626.1042,634.195,594.0521,653.1891,584.4652,680.3662,695.709,696.3357,670.325,637.273,669.3569,668.4132,670.6402,706.3192,744.5243,737.5176,741.0024,718.1926,727.5819,704.2558,789.8913,786.0061,787.2889,779.9131,813.0493,833.6491,820.7742,799.4756,856.3272,892.8285,914.7345,984.9736,937.172,974.7151,987.1194,981.8966,1004.6923,982.7443,927.3831,978.1471,962.694,1047.8504,1076.3868,1095.2476,1093.5931,1113.7633,1231.8144,1235.3011,1240.3358,1425.7365,1449.224,1398.9599,1346.3486,1343.8433,1369.6803,1306.6196,1389.8598,1394.172,1373.4088,1360.7483,1444.5878,1487.7933,1432.3886,1453.9086,1493.6997,1572.2618,1649.8352,1734.5607,1810.5568,1883.3331,1912.6958,2000.2688,2225.0831,2103.1607,2242.6482,2300.3033,2389.912,2274.4048,2412.2535,2421.6215,2567.866,2623.9782,2663.6485,2532.6322,2605.187,2752.2751,2875.8082,3152.7057,3184.7155,3106.5276
ROP.N,儒博科技,257.8236,286.8653,290.8619,300.9905,310.9093,317.4478,341.8658,343.1576,350.0172,336.342,351.5086,352.49,360.4979,402.6676,434.4736,424.539,418.993,418.1879,404.8284,415.3969,400.7084,429.1209,460.1504,450.5545,466.2406,477.0166,492.8214,504.0052,524.6832,513.3552,539.8308,569.6214,589.5118,637.9282,571.6218,563.4236,504.4865,508.8169,536.2425,561.0765,587.4503,595.0373,553.2362,534.2464,515.0758,410.7776,414.5819,393.2052,373.3172,375.2228,385.2045,414.4542,390.7269,411.9087,435.5662,431.5585,464.3489,461.2146,474.8092,477.8201,457.7647,506.7587,528.6963,558.6561,531.1902,512.3303,573.1997,532.6631,597.7786,637.6634,665.0325,701.9532,714.5605,773.7929,795.2233,796.4994,768.6878,767.1222,752.7336,709.5779,635.4388,749.0231,786.7975,802.3137,863.8776,846.5797,917.2514,943.9598,937.6606,913.2047,922.5814,953.566,1019.4316,1014.0344,1035.9554,1037.0293,1092.5645,1159.1695,1184.2859,1114.5274,1157.0965,1157.0965,1174.8134,1153.7346,1239.2621,1184.2679,1211.2574,1295.1208,1283.534,1268.3829,1248.6492,1301.4775,1327.0481,1367.6052,1351.2946,1412.1671,1372.1169,1486.8352,1482.3267,1468.5197,1452.0624,1576.5329,1618.2113,1584.495,1648.4703,1624.9153,1578.2697,1529.394,1478.5369,1760.9661,1828.4375,1793.4733,1662.702,1589.4435,1729.9029,1669.4797,1621.9808,1617.0507,1618.0624,1686.3523,1733.082,1648.7998,1723.0057,1741.7475,1828.636,1994.0091,1968.1785,2088.0926,2169.2485,2210.5902,2222.8183,2205.6064,2327.4282,2472.1269,2558.6901,2480.0746,2690.9636,2638.2165,2691.9226,2537.4753,2648.8902,2650.0428,2904.0047,2870.0493,2849.2721,2725.0075
ROST.O,罗斯百货(ROSS STORES),124.9828,122.501,127.4885,116.901,123.3323,126.7002,116.1382,109.0389,104.0766,118.7439,120.764,127.1845,125.4241,124.9126,128.7499,135.1455,124.6038,123.9972,110.0282,108.534,112.6112,130.4269,137.1632,130.1083,143.8296,145.834,153.0879,147.5251,146.1455,137.3966,129.0546,124.1476,114.6928,120.8658,118.003,114.692,130.7498,125.3553,134.8526,150.7414,164.8298,160.2997,171.3112,181.4654,166.5143,147.877,119.8758,134.9241,133.5172,134.4592,163.4281,172.811,178.368,176.3001,201.2836,213.0217,218.6986,201.4848,201.3474,196.026,210.8049,225.2785,246.2566,257.9085,241.3287,246.1516,243.2415,229.9763,253.2844,273.3489,300.6421,293.8055,302.8636,335.6816,331.3947,343.37,381.9053,374.3598,354.0344,358.7114,368.7394,411.1006,418.5525,446.6,477.5134,502.4532,547.3942,579.4276,595.7269,589.8726,627.3593,654.6435,611.1205,576.6805,540.0265,513.0328,566.2425,551.6833,576.6041,628.4434,611.7787,618.1091,643.669,641.4754,696.0481,739.5511,731.0417,718.1054,650.828,697.6922,687.8162,654.2759,657.8318,637.3912,620.7167,726.9325,730.4026,780.0754,884.0597,912.9388,888.2412,1024.8043,1022.7322,959.8307,938.3782,945.9888,1034.5353,946.1834,945.6048,986.7689,1014.6669,1052.0657,1099.9669,1074.941,1134.7388,1112.7887,1046.5466,1113.8256,1214.8145,1225.5257,1266.0878,1231.4328,1330.8689,1294.2791,1304.3413,1353.0741,1302.7232,1285.5171,1264.1577,1144.6129,1096.8298,1158.8884,1283.7114,1262.24,1514.7379,1598.8125,1641.4475,1555.7791,1558.1513,1615.498,1576.1346,1697.8759,1751.5668,1918.8502,1989.9102,1987.9022
RSG.N,共和废品处理,33.5375,32.2558,34.1799,35.3233,36.2217,36.8867,37.1326,37.1121,36.2968,36.3585,36.8728,38.7646,39.0743,40.1273,44.0321,45.5858,42.2608,41.9319,41.7448,40.3104,41.9655,42.8005,43.291,42.6111,45.3142,44.0989,43.8898,44.0633,47.7708,48.5105,50.5845,49.223,52.0574,54.4128,52.7895,50.1593,47.9994,48.8474,47.0572,51.161,52.9956,48.0657,52.5972,53.196,48.8158,38.5902,39.0787,40.6981,42.4547,32.6701,28.4637,34.8535,37.8244,40.8373,44.5011,42.8449,44.7667,43.6546,47.513,48.0167,45.4387,47.7284,49.5431,52.9746,49.7138,51.0694,54.7282,50.554,52.7245,51.5486,48.6608,51.9803,53.6863,51.5451,52.6424,55.4112,55.236,54.4148,51.2046,53.5505,49.8839,50.595,48.7995,49.3686,52.4687,53.4543,55.1605,49.4025,47.5795,48.1742,52.6711,50.3407,50.5196,52.0622,52.2825,54.2942,59.0331,58.2001,61.5316,63.5454,63.5827,63.7244,63.6681,61.0395,63.1169,63.325,66.0495,63.3043,61.0734,65.0395,65.6385,67.4255,68.0212,73.4657,73.3883,76.0971,76.0431,74.8348,77.1929,78.981,77.8625,80.2957,80.148,80.2863,79.6145,77.948,84.6344,81.5499,82.5897,87.6814,88.0623,88.7711,88.1859,92.2218,96.7527,95.575,98.0319,104.8159,104.7138,103.2021,103.7152,108.1968,114.0764,117.9419,118.6241,128.0718,130.5199,130.894,132.1823,133.0948,134.1181,136.2483,138.6819,136.6036,136.3307,142.6661,145.1771,141.7587,140.4902,137.2023,143.0357,145.7387,154.5223,156.3984,155.7098,155.7527
RTN.N,雷神公司(RAYTHEON),553.7436,566.1806,576.2571,560.0266,583.1067,585.7962,588.9408,587.2936,572.6644,556.5479,578.6893,608.0738,620.4928,657.2953,694.2492,673.9956,698.0506,678.563,689.9071,722.665,734.911,768.4489,785.2179,815.9582,802.0498,827.5485,814.651,831.4223,863.412,840.8466,863.783,957.0891,999.7346,996.4449,968.8747,954.8184,1024.6601,1019.9411,1020.7786,1010.6672,1008.9293,889.1723,903.8709,952.4541,849.5719,815.8019,778.9304,819.3589,812.6165,641.6492,625.1143,731.7435,722.3601,718.8009,764.852,768.5989,781.4686,742.5789,845.0771,849.9107,864.9227,927.7752,942.2923,967.9482,870.3065,803.5515,774.3482,735.0199,764.9763,777.5473,780.4158,781.9345,850.4058,871.1599,865.3759,832.903,864.2977,855.2052,774.0455,748.0882,707.2488,772.832,796.9666,853.5902,846.7092,891.3472,931.2214,964.3521,896.3095,1007.992,997.0296,1015.7194,1027.2209,1025.4079,1035.7418,1052.6435,963.3992,997.9631,1075.1374,1133.1032,1230.2052,1220.6058,1337.3238,1403.7804,1444.7736,1544.1288,1662.4176,1710.6412,1793.0612,1846.6249,1874.7193,1811.906,1851.5676,1761.9029,1733.6361,1840.0187,1952.4983,1995.9213,2050.104,2078.3481,1933.1009,2101.583,2123.8015,2021.7424,2007.3569,1872.8344,2135.3209,2007.5031,2138.6485,2312.3562,2442.9433,2452.7915,2539.5283,2452.5935,2428.4339,2517.0626,2583.2015,2708.3076,2794.6838,2806.7014,2726.5843,2751.0012,3011.3807,2874.2357,2917.9565,3120.165,3086.7672,3158.0967,3337.1525,3302.0989,3512.5187,3721.9161,3815.3679,3700.6376,3925.5099,3857.7401,4309.156,4485.9027,4451.0483,4243.6177,4338.0399,4000.1077,4118.6526,4147.9779,4298.1404,3655.847
SBAC.O,SBA通信,8.56,8.7,9.14,8.48,11.24,13.5,16.59,15.05,15.43,14.77,18.44,17.9,21.85,22.49,23.41,25.12,22.89,26.14,23.88,25.74,24.33,26.71,28.37,27.5,29.71,26.97,29.55,29.42,32.13,33.59,33.32,32.57,35.28,35.6,37.44,33.84,29.61,31.05,29.83,32.34,37.22,36.01,37.89,34.93,25.87,20.99,15.79,16.32,19.9,20.78,23.3,25.2,25.57,24.54,26.09,24.11,27.03,28.21,32.04,34.16,33.09,35.36,36.07,35.34,33.03,34.01,36.18,35.8,40.3,39.26,39.15,40.94,40.8,42.09,39.68,38.63,39.29,38.19,38.17,37.79,34.48,38.09,40.89,42.96,45.72,46.93,50.81,53.79,51.95,57.05,59.06,59.78,62.9,66.3614,68.82,70.98,69.654,71.12,72,78.99,75.27,74.12,74.09,75,80.46,87.39,85.17,89.84,92.75,95.17,90.96,89.76,101.5,102.3,106.93,110.29,110.9,112.33,121.67,110.76,116.7,124.71,117.1,115.82,111.81,114.97,120.72,118.2,104.74,119.02,105.16,105.07,99.28,94.89,100.17,103.04,99.4,107.94,115,114.15,112.16,113.28,98.96,103.26,105.26,115.77,120.37,126.49,138.18,134.9,137.55,153.55,144.05,157.18,169.75,163.36,174.5,157.27,170.92,160.23,158.07,165.12,158.25,155.23,160.63,162.17
SBUX.O,星巴克(STARBUCKS),864,828.96,826.56,792.32,876.64,826.56,840.8,784.48,801.6,904.96,974.4,960.32,1014.4,1162.24,1204.16,1192.64,1140.8,1208.32,1095.36,992.32,1089.6,1208,1129.44,1133.44,1118.08,988.8,1003.52,992.64,921.92,839.68,853.76,881.6,838.4,853.76,748.48,655.04,605.12,575.296,560,519.36,582.08,503.68,470.08,497.92,475.84,420.16,285.76,302.72,302.08,292.8,355.52,462.72,460.48,444.48,566.4,607.68,660.8,607.36,700.8,737.92,697.28,733.12,776.64,834.8039,831.912,780.8212,798.4941,742.2894,825.3044,922.532,992.6189,1042.2498,1022.7867,1074.1091,1203.4061,1178.9797,1202.4743,1290.7233,1310.3342,1266.7724,1223.1471,1389.4479,1431.7622,1515.0732,1577.968,1604.6885,1846.9118,1895.8191,1819.4331,1767.3925,1500.8915,1650.8088,1687.4121,1527.3558,1733.1938,1792.0027,1875.204,1839.6557,1910.0891,2040.5588,2124.842,2204.5993,2399.0792,2379.9567,2597.6356,2735.3302,2758.0212,2654.0791,2407.936,2411.61,2493.8549,2400.055,2498.2558,2639.4735,2649.7066,2663.0718,2582.6423,2586.0648,2790.9187,2819.7867,3008.1162,3224.4964,3266.4044,3420.2393,3595.8269,3710.3591,4008.9733,3796.5765,3944.3869,4342.0177,4273.9256,4179.2434,4230.7617,4065.7801,4169.8518,3927.4835,3847.3031,4003.6064,4068.7912,3954.9507,3807.9501,3732.6914,4096.221,3923.1014,3901.9031,4036.602,4144.4908,4263.0265,4533.6019,4155.8612,3847.2541,3927.6239,3845.2913,3926.192,4161.4705,4133.401,4088.7779,4131.9407,4189.1077,4165.9515,4122.2686,3553.429,3810.9344,3915.1085,4163.4194,4268.1641
SCG.N,斯卡纳(SCANA),385.0513,375.0922,380.7037,386.8794,419.6506,429.3906,422.5541,426.1734,428.5715,402.496,401.9887,403.4493,411.5429,417.7923,406.2766,405.2413,394.6806,403.85,418.6097,432.846,425.9241,422.6453,436.395,434.0099,435.0784,445.8699,466.2082,470.096,457.7847,417.9788,408.0451,418.9612,427.7684,448.1962,470.5011,470.1555,415.9454,422.415,412.9992,445.1765,453.1926,422.4788,413.2299,447.5991,449.9314,380.3555,401.6212,417.0529,401.7063,352.972,368.0805,360.0969,357.7137,392.8874,427.7354,419.6284,428.1177,415.1147,431.7978,468.193,442.4722,447.9394,473.0476,496.7062,456.6878,456.0659,488.5874,497.7699,520.3245,527.035,524.1959,530.0896,551.8938,528.5229,520.2934,548.7067,537.4735,526.7579,524.3496,538.1306,547.9583,572.7485,590.9009,617.2728,614.122,616.4509,631.8227,638.8876,650.3854,669.6932,688.3113,662.9739,682.7299,694.1865,655.432,652.5027,669.2298,698.2522,738.9756,782.8866,728.5756,716.5473,757.5554,702.2456,679.3063,688.0116,695.9791,699.94,705.011,738.2704,773.6553,809.2326,783.9064,819.4115,774.7939,790.9354,763.1252,844.3447,877.2633,937.7028,990.0216,884.1419,862.1627,830.6489,833.471,802.7521,868.5255,838.2539,901.3215,948.7426,947.461,978.0127,1017.7864,1051.2545,1144.1912,1120.3776,1140.2766,1244.1744,1232.3345,1161.7886,1199.5721,1215.9819,1169.0731,1224.3126,1147.7931,1158.6529,1101.4958,1117.6769,1149.5335,1139.5959,1094.6991,1026.8437,833.2108,741.281,741.7965,692.8225,707.8006,690.9067,663.8615,650.0715,641.7622,681.0105,709.1635,679.9032,691.9959,712.6366
SCHW.N,嘉信理财(SCHWAB CHARLES),564.0902,527.9699,528.4727,520.4274,571.4244,568.401,690.3452,682.8876,728.3125,767.176,770.9744,741.6521,747.7188,820.9135,871.5559,906.4992,845.1408,810.6452,805.5723,828.936,910.2541,926.0095,934.699,985.6641,964.2587,944.2945,934.5858,976.9973,1151.1461,1051.2469,1084.3471,1066.5709,1163.5319,1251.8741,1312.3613,1379.302,1203.8526,1061.251,1019.0391,1168.9455,1202.9766,1114.028,1241.4849,1304.5399,1413.8407,1039.7167,1000.3713,882.4879,741.6828,696.7926,849.7471,1013.1178,968.0001,964.7001,982.8501,996.5077,1056.6513,956.7798,1014.8206,1041.9489,1012.6061,1017.2009,1038.3115,1071.6442,910.6481,790.2687,824.2647,713.9449,777.7299,862.2171,844.1632,960.9868,1013.7821,1068.8223,1015.8601,1031.636,1018.1194,929.9314,844.0046,701.501,640.1551,697.5248,682.568,642.6183,664.876,796.0145,824.1159,818.9544,717.8039,744.88,727.5974,780.6894,739.8899,785.8979,761.4085,834.6432,960.7696,947.3278,1031.9106,989.3276,1162.4927,1242.6848,1293.0243,1225.4774,1240.7371,1329.3612,1440.4775,1529.919,1460.4842,1563.8174,1612.1889,1566.1769,1490.5864,1592.2845,1640.7685,1689.4016,1741.5473,1698.8827,1681.6758,1792.7186,1542.7237,1746.039,1811.5006,1815.0712,1887.1304,1946.7554,2079.7191,1814.4988,1705.7961,1822.8605,2017.2324,1970.5566,1527.7349,1502.8748,1681.06,1704.458,1839.2436,1522.2778,1709.3297,1896.5836,1903.215,1911.0522,2335.6843,2384.6213,2491.5577,2446.3445,2470.5598,2351.9051,2350.4943,2605.8641,2602.2246,2424.7917,2658.1551,2725.004,2970.4188,3127.4936,3247.4306,3234.1646,3185.3654,3396.4218,3398.5485,3122.3629,3119.9188,3111.4308,3010.9632,2832.6946
SEE.N,希悦尔包装(SEALED AIR),51.3,52.27,51.94,48.44,51.79,49.79,53.06,50.75,47.46,50.31,51.71,56.17,55.27,56.88,58.023,53.9924,51.8595,52.3723,47.5052,52.312,54.5812,60.0272,60.1691,65.6391,66.6299,65.3466,64.0991,66.7361,65.7251,63.1205,55.4492,53.8213,52.2089,50.922,47.7356,47.4702,53.645,49.6652,52.0546,52.1371,50.2198,39.3937,44.9681,50.2109,45.7915,35.2338,32.964,31.3635,28.4455,23.4281,29.3075,40.4783,42.4958,39.411,39.2828,40.3936,42.2095,41.3494,47.9292,47.2567,42.8899,44.1653,45.8352,46.7484,45.3133,43.1334,47.3111,44.8614,49.484,50.9588,51.1789,56.3367,59.0815,60.9188,59.3023,57.3226,57.1224,53.1875,48.1348,41.478,37.6049,40.0819,39.9875,39.057,45.2299,44.8414,44.1104,43.8135,36.0384,35.5549,37.305,33.1892,35.9569,37.7245,39.4231,41.0403,43.8764,52.3718,56.8521,52.1596,56.6398,56.7753,64.5745,67.3244,64.7509,71.8713,76.4675,81.4192,74.5804,81.3953,78.8936,82.3498,79.0376,82.3389,77.399,86.9896,84.3502,87.6633,95.5953,102.9472,98.2645,114.3507,110.8492,110.9465,118.4889,125.343,129.7098,125.5138,114.6596,120.1382,110.942,109.3955,99.4126,112.1672,118.0907,116.4919,114.229,113.4638,116.4504,116.7235,113.4791,113.0085,113.3201,112.674,120.5269,115.507,108.6743,109.7715,111.1671,112.018,108.8897,111.4724,107.3029,111.0957,121.0999,124.2503,119.3357,106.7847,108.252,110.9336,110.595,107.7768,111.8898,101.8357,102.342,82.4853
SHW.N,宣威-威廉斯,2354.8385,2426.1446,2409.167,2440.9314,2445.8861,2591.1535,2619.7668,2562.4369,2435.8627,2351.8484,2434.8395,2522.5915,2938.0249,2529.8116,2761.0129,2844.7815,2714.9589,2665.0041,2840.1265,2912.844,3146.3679,3340.9711,3542.7038,3601.0409,3913.6824,3787.2902,3758.2666,3629.0833,3867.4416,3800.5447,3984.6541,3963.9119,3774.361,3671.544,3627.073,3350.5542,3296.2895,3008.3466,2965.3536,3214.0157,3282.4784,2685.0264,3112.947,3443.7457,3361.9898,3347.2855,3488.6704,3537.2146,2826.8117,2741.3155,3100.4606,3379.0666,3170.3219,3227.3637,3467.5396,3635.9046,3633.4888,3445.0498,3696.4993,3745.713,3849.0011,3872.5629,4135.2959,4770.1323,4703.8351,4247.1401,4244.6848,4342.6227,4636.3267,4502.4322,4598.9825,5192.9997,5253.7655,5114.139,5230.5959,5124.726,5493.7858,5245.4897,4826.4509,4760.2459,4670.9991,5198.3092,5480.5051,5634.5122,6155.8639,6536.0834,6885.8573,7621.5231,8241.7592,8414.0453,8541.1937,9121.3615,9493.0244,9089.4864,9748.1658,9831.2541,10363.0187,10360.3783,10828.4194,11740.1378,12496.0127,11705.2768,11544.2133,11459.49,12109.5701,12496.4276,12199.1299,12230.4559,12214.4596,13399.3039,13175.403,13356.5288,13712.999,13867.1454,13821.5717,14656.0428,14715.175,15425.433,16491.6999,17716.151,18270.4542,19253.4914,19206.2353,18767.4285,19499.9198,18609.4384,18794.8426,17352.4769,15111.9378,18100.0016,18773.9711,17653.9388,17386.6816,18454.8765,19421.6255,19601.7397,19916.7926,20093.3198,20507.9537,19467.9364,18984.1714,16802.0828,18494.3666,18499.1851,20913.2895,21296.8233,21410.7138,23101.1241,22958.1894,24286.1203,23338.7845,23537.3403,24839.5358,27414.095,27771.4923,28509.8961,29001.47,27982.0087,27322.838,25618.4704,26485.8233,28463.6176,30779.4249,31879.0152,31853.1246,27532.8945
SIVB.O,硅谷银行,615.6325,618.1717,621.5574,668.675,673.7536,675.7286,724.2569,663.5965,686.1678,701.2624,678.4089,660.7751,698.0177,719.3194,748.38,716.2158,680.2428,641.3073,632.2788,637.4984,629.7395,649.2073,669.8036,657.6715,658.0947,681.3714,685.4624,722.564,748.6621,749.2264,743.1603,701.9677,668.1107,730.6051,726.2319,710.9962,682.7821,639.0502,615.6325,686.4499,722.9872,678.691,812.426,790.7012,817.0814,725.8087,564.9881,370.0284,293.0038,230.6506,282.2824,292.8627,380.4676,383.9944,497.2741,560.756,610.4128,581.9166,534.0936,587.7005,612.1057,628.611,658.2358,693.7856,632.8431,581.6344,609.2843,524.3597,597.0111,611.4003,633.8306,748.38,740.1979,764.3209,803.1154,852.6312,837.6777,842.333,860.8133,650.0537,521.9615,648.0787,663.5965,672.7661,818.7742,836.267,907.6488,904.122,841.6277,828.367,815.5296,818.0689,852.9133,798.319,778.9923,789.5726,936.2861,946.02,1000.7554,1003.1536,1091.746,1175.4009,1230.616,1168.0652,1218.4275,1351.175,1428.1996,1479.2672,1583.2362,1776.2209,1816.7082,1505.0831,1487.5903,1645.1663,1537.9526,1570.3988,1581.2613,1579.8506,1483.3582,1637.4074,1592.688,1733.7587,1792.1619,1872.8544,1903.1846,2031.1357,2018.7214,1764.5121,1629.9306,1722.0498,1868.9044,1677.3304,1429.3281,1253.413,1439.6263,1471.0851,1554.5989,1342.4286,1416.6318,1566.731,1559.3953,1724.8712,2229.34,2421.6193,2429.6603,2692.8982,2625.1843,2481.9976,2405.2551,2479.8815,2517.2652,2388.8909,2639.2914,3093.3979,3211.333,3297.8093,3478.0976,3512.3778,3385.8374,4226.6187,4403.2392,4073.557,4343.2841,4553.0562,4384.9,3346.6198
SJM.N,斯马克(J M SMUCKER),48.4261,51.2999,52.4896,51.78,52.2583,49.2472,49.9082,50.3527,51.2179,48.2318,48.1372,46.7042,46.1735,42.2154,42.4077,41.9377,44.5946,48.0796,48.0043,52.6444,51.9082,53.0449,52.3447,52.7693,51.7024,54.2496,58.3889,61.1266,63.5212,70.0825,61.4406,60.8835,59.1238,59.1348,54.6859,57.2571,52.0702,57.3342,56.6846,55.867,59.4961,45.8027,54.9316,61.5008,63.1454,55.5092,56.9858,54.4612,56.7094,46.98,47.1698,49.8656,51.3919,62.1145,63.8633,67.1769,68.128,67.7681,76.4284,79.8825,77.7091,77.6573,78.412,79.466,72.347,78.8978,80.4831,77.1442,79.8485,84.7954,83.9576,87.1434,82.5108,92.0136,95.422,100.3408,106.5901,102.7718,104.7617,97.5771,98.6599,104.25,103.471,106.4534,107.2841,103.1967,111.4722,109.1019,105.5609,104.127,105.8918,117.9553,119.8432,118.8854,123.538,120.4377,123.7754,133.8559,139.2776,144.9942,143.076,146.1795,159.4583,151.1867,149.6198,158.4084,149.2864,148.3984,138.0441,144.1174,140.1258,139.3188,148.7088,154.4629,144.4185,149.6423,144.3771,151.6842,150.5184,148.1851,151.3695,170.2356,170.7964,171.0768,175.925,160.8775,165.7449,175.7748,170.3546,175.2821,182.0173,185.2464,192.726,192.613,196.0404,191.7221,195.9989,231.2985,233.9543,216.2353,206.7038,200.2529,193.1807,196.417,208.3652,218.5576,202.1345,195.4111,198.3391,183.5703,189.1086,163.5662,163.8316,165.5803,183.5466,195.4559,199.6249,199.9984,196.3722,180.6478,171.4033,171.3714,177.1752,166.088,164.851,174.0245
SLB.N,斯伦贝谢(SCHLUMBERGER),503.3598,559.7343,522.8638,507.5072,507.2105,565.0378,623.0743,641.6014,629.3579,677.0185,714.0132,726.145,952.6215,861.3833,948.0459,1035.7572,982.2765,977.2313,1003.3468,920.0472,932.9061,948.6976,1029.9114,951.6414,956.6136,948.8202,1044.0044,1115.4681,1176.5069,1286.2035,1434.2971,1463.9474,1592.8962,1465.0094,1417.6776,1495.116,1145.9972,1317.2339,1325.6142,1532.0748,1540.9123,1640.3112,1551.2949,1441.7439,1194.9245,790.3425,776.4178,650.4209,627.0653,587.7511,627.2845,756.5404,883.7886,838.6847,829.2299,874.2797,927.1721,967.6192,997.2265,1015.9567,990.5149,956.7815,993.7374,1118.3852,882.3553,869.6268,937.5124,846.3691,977.7761,1109.1832,1230.8196,1328.8523,1416.2224,1490.8474,1488.2941,1432.2796,1371.9928,1382.8766,1446.4185,1254.4106,959.1135,1179.7433,1213.9948,1100.8627,1211.4163,1255.1604,1130.9543,1199.0412,1027.1217,1054.0786,1157.1967,1179.7462,1178.9312,1133.2931,1171.9153,1133.9303,1277.1291,1278.756,1230.1353,1222.5794,1199.5832,1182.1382,1341.6593,1340.3586,1463.2331,1551.9942,1464.2267,1497.5057,1455.2944,1552.4132,1627.53,1695.1351,1736.6997,1976.4931,1816.2958,1843.9375,1710.2336,1659.2747,1445.5165,1443.1509,1392.1227,1430.3304,1418.0937,1607.932,1542.6698,1472.9445,1415.3529,1330.9646,1186.4628,1344.5547,1335.8171,1207.6895,1251.3221,1250.8859,1286.2916,1401.2294,1339.3658,1388.1657,1413.4434,1386.7614,1389.2391,1381.9961,1484.8111,1491.8189,1487.554,1436.7671,1396.3603,1297.8463,1253.1485,1185.6201,1235.321,1143.6624,1266.1782,1161.6313,1140.7583,1232.7025,1345.9304,1209.1649,1193.3227,1262.9547,1264.981,1243.774,1252.8662,1171.9643,1139.4202,959.6791
SLG.N,SL格林不动产,80.514,85.2786,85.86,93.1601,94.611,99.3399,107.3487,101.8503,105.8597,105.6268,114.6632,119.552,131.5244,136.0161,159.7972,155.8613,156.192,173.3497,180.9982,176.6593,177.8371,192.7232,215.3151,212.55,234.6406,233.52,220.7384,226.7243,225.4048,200.4903,196.4931,180.4559,190.1761,196.5115,169.2155,153.4473,152.1338,150.2293,135.0893,153.8761,165.3174,138.3861,139.4233,143.8734,109.6434,71.1329,32.0809,44.507,26.9963,19.968,19.1141,31.2551,40.529,40.7832,45.8322,62.7392,78.1463,69.0753,79.1621,89.7074,81.2259,91.1716,102.4478,111.2132,111.4279,98.6238,107.9415,108.0131,113.6572,117.9196,117.3722,121.3382,130.7742,136.1123,135.3462,148.5389,162.0015,149.3327,147.8009,130.1773,104.9528,124.5175,118.8322,120.7283,133.2105,137.7759,140.9509,149.8387,136.3343,146.3215,143.6044,146.978,146.4672,137.7418,137.8881,140.8192,147.6718,149.9499,158.8061,167.2711,160.4106,163.2639,167.8181,161.4127,165.0815,175.7289,168.1104,172.5935,175.1904,185.5781,188.9523,196.6328,205.6091,206.3965,203.3593,206.2833,192.0829,219.3445,220.1787,226.7577,240.0561,241.8279,245.7399,234.2166,227.1342,211.4786,221.582,199.2005,209.2937,229.5342,228.4893,220.0092,188.1315,171.7155,190.1104,206.2015,198.9017,210.4769,232.9144,232.7167,215.0971,195.4379,209.645,215.5926,218.4391,225.8761,215.31,211.8972,204.0215,215.2282,210.0814,196.0652,207.7122,196.1498,209.5777,208.5929,207.7456,200.3054,201.7936,203.6901,203.2316,211.2182,216.6389,219.3492,206.665,193.3789
SNA.N,实耐宝(SNAP-ON),206.4509,207.8982,199.6702,208.3378,218.3747,217.0459,232.1062,226.2302,230.1813,229.544,239.7869,241.006,257.4966,251.4748,246.3058,268.1451,272.4393,262.9417,273.285,286.084,291.6486,307.884,312.7492,313.671,317.424,331.3617,318.3879,360.7514,359.716,336.0321,348.1402,327.6939,331.4405,333.4476,329.0765,324.7678,330.6923,338.0715,344.3697,401.663,421.3996,353.9566,383.0844,390.069,360.2426,252.7718,248.9742,271.9723,208.4338,164.757,175.3032,236.9037,219.7912,202.7864,251.4016,265.4143,247.2079,259.7959,259.0957,302.8875,292.9967,304.7333,312.8172,347.7511,321.1224,297.2198,324.537,301.6894,340.3244,373.1787,389.7122,416.5864,416.9545,425.0644,444.5302,457.1866,448.8909,464.9652,423.1422,396.2857,332.5475,401.978,386.5835,381.4592,425.8447,463.2041,461.9917,473.8882,461.1117,474.3712,516.5121,531.6633,550.427,592.2432,611.5242,608.0601,623.6869,620.9756,639.7743,666.8506,707.5737,694.2907,736.7808,729.9533,775.9653,811.6051,831.2996,857.6913,784.3114,882.0237,892.3246,912.14,925.7005,935.5677,948.8292,989.7716,959.116,1046.726,1076.1959,1087.4087,1055.3606,1175.1085,1173.7516,1193.6254,1244.5126,1275.3451,1319.792,1283.5909,1212.6507,1332.7589,1388.1479,1382.2618,1302.6787,1171.3403,1271.0909,1289.6322,1315.088,1282.5805,1277.2981,1250.7848,1239.9326,1257.3941,1370.0574,1403.4075,1487.4792,1396.0466,1387.8186,1378.4387,1335.6964,1305.4561,1274.0591,1225.0199,1236.9737,1309.776,1413.885,1454.5249,1429.5735,1328.683,1237.5878,1218.379,1246.6695,1355.4642,1430.2711,1498.0398,1555.8327,1304.4928
SNPS.O,新思科技,17,18.1,18.1,16.44,18.07,16.67,18.51,19,18.9,18.95,19.5673,20.06,22.11,21.87,22.35,21.83,20.43,18.77,17.9,18.96,19.72,22.51,25.55,26.73,26.6,25.58,26.23,27.66,26.52,26.43,24.46,27.32,27.08,28.26,24.61,25.93,22.02,23.21,22.71,23.11,26.35,23.9,24.02,21.53,19.95,18.28,16.03,18.52,18.5,18.63,20.73,21.78,19.48,19.51,19.98,21.23,22.42,22.02,22.47,22.28,21.27,21.9,22.37,22.66,21.42,20.87,21.84,22.86,24.77,25.58,25.69,26.91,27.13,27.72,27.65,27.39,27.34,25.71,23.97,25.88,24.36,26.81,27.97,27.2,29.17,30.47,30.66,30.01,29.55,29.43,30.29,33.03,32.995,32.2,32.86,31.8354,33.44,35.03,35.88,35.57,36.44,35.75,37.04,36.26,37.7,36.42,36.63,40.57,39.86,40.4,38.41,37.62,38.49,38.82,37.77,40.9,39.695,40.98,43.39,43.47,42.99,46.41,46.32,46.88,49.89,50.65,50.84,46.93,46.18,49.98,50.08,45.61,42.9,44.75,48.44,47.52,51.67,54.08,54.16,59.29,59.35,59.31,60.48,58.86,62.89,71.44,72.13,73.7,74.87,72.93,76.57,80.42,80.53,86.52,90.38,85.24,92.61,84.67,83.24,85.51,88.07,85.57,89.43,102.14,98.61,89.53
SO.N,南方电力(SOUTHERN),460.1467,442.3217,438.3281,458.9224,472.8502,482.8783,492.5252,484.2202,503.3638,492.5252,493.8503,491.2893,495.1308,489.4293,471.3076,469.2868,465.5011,466.6659,491.8557,504.7089,507.5071,536.0783,539.5805,548.6603,543.7483,538.5955,551.3834,568.5342,547.5454,521.3921,511.5086,545.933,558.0853,563.9308,585.1224,602.6978,571.9287,543.0689,560.0545,585.533,575.8298,555.4689,569.6148,603.7369,606.6341,559.4688,591.727,602.8056,551.7108,499.9209,505.0339,483.3772,475.5106,521.5386,532.8846,529.4905,537.4668,536.5367,552.0187,573.1774,557.887,553.8772,578.1104,610.3945,577.5434,587.7873,631.8513,656.1739,666.0103,685.4201,682.7052,691.9358,680.8952,698.2085,698.2085,724.0392,743.3271,748.8909,742.0339,776.1892,795.1436,810.7199,833.1505,878.3087,864.4577,847.2862,861.4748,880.8402,889.7635,897.322,933.1761,887.6045,902.4861,917.1718,861.7655,847.1224,884.9593,900.5656,938.7811,964.9918,887.7744,892.4256,906.7836,851.3017,842.3019,847.0387,841.2414,851.1797,864.6023,887.8736,921.2081,960.8323,928.4899,962.4229,929.0888,952.9116,936.8151,1006.3587,1029.5858,1066.0543,1101.0034,1004.989,971.8479,972.2868,971.0423,931.2583,994.1571,976.1909,1005.2,1014.1951,1013.816,1065.0303,1113.5132,1108.894,1190.5996,1153.0841,1150.6997,1248.2205,1245.1948,1207.476,1206.7702,1213.1217,1114.268,1170.6716,1176.3833,1223.6364,1198.5954,1199.0769,1232.9191,1166.4131,1167.6311,1189.7561,1211.4508,1286.8891,1276.4902,1198.9534,1124.6577,1087.706,1128.1223,1165.0023,1150.0034,1186.117,1244.7698,1135.6625,1130.9933,1168.0878
SPG.N,西蒙地产(SIMON PROPERTY),115.5667,122.0611,119.3425,130.1578,136.7864,144.2905,158.7216,152.8172,148.8998,143.8776,156.7578,155.379,167.9707,169.821,172.2157,167.59,164.5401,171.3796,176.7313,176.8217,188.9797,202.4931,214.3827,212.9321,240.471,238.6984,235.5437,244.0762,230.3594,198.4871,184.599,204.4279,215.3686,224.6938,213.8429,188.6683,194.142,183.9452,203.9421,219.1977,220.065,199.0906,205.1592,212.0929,216.8319,149.8376,107.8385,120.6202,97.5768,77.0882,80.6748,120.1738,125.9505,121.1452,131.2504,151.2288,165.0395,161.3788,174.1034,191.2118,172.5219,189.2092,202.7673,215.1412,206.868,196.4552,217.0617,221.5372,227.1461,235.1797,243.1713,245.6153,250.4541,273.7213,266.5574,284.9149,295.6936,291.1101,301.8298,296.366,277.3986,323.9596,315.8395,328.0685,345.6754,347.1198,373.2537,398.6702,380.4311,401.4229,413.8787,412.0084,394.1209,395.1594,397.8344,413.4204,418.8859,418.3767,417.5866,468.9685,441.1702,418.5868,424.2592,388.8922,395.8353,412.7123,403.3929,409.6114,416.8259,437.6253,444.9783,469.9405,455.0412,454.5492,459.7704,468.4441,452.9881,493.7356,501.7274,505.3627,551.2897,532.0817,546.84,507.2889,511.195,487.5797,527.5961,509.4458,521.9461,572.3452,533.5156,557.0058,533.6302,548.4172,600.3308,581.4847,575.7963,631.9076,661.449,632.5913,607.7538,545.9538,532.2376,526.3715,544.4436,551.6143,514.6107,494.3589,466.6089,489.3268,479.4652,479.8609,492.5879,475.2107,500.6219,531.5413,505.6359,481.1019,483.7345,489.9711,508.5434,540.1885,559.2962,587.5772,567.4166,589.1502
SPGI.N,标普全球,1431.7552,1458.284,1385.2508,1382.5517,1391.6592,1410.4654,1466.5652,1542.2502,1536.4932,1565.2784,1702.0969,1656.5365,1637.6065,1709.0877,1854.9187,1791.8219,1667.0471,1622.7863,1818.8905,1812.1504,1880.8636,2079.8728,2166.2015,2210.7281,2180.177,2104.5586,2049.7932,2136.1792,2298.6736,2225.7673,1977.9512,1656.4537,1671.2259,1642.6663,1618.3363,1444.5663,1409.9442,1356.8641,1224.9237,1358.8531,1382.8597,1337.1977,1355.5292,1435.399,1059.1261,899.9724,847.6829,786.3106,745.6218,676.1814,783.7946,1033.2928,1038.8454,1039.5359,1082.3464,1169.2387,874.5808,1001.2107,1049.8836,1174.2857,1242.2688,1206.4902,1257.6426,1189.557,988.8942,1000.9886,1091.6966,991.8892,1185.9623,1350.6195,1245.6217,1314.9633,1407.78,1405.993,1432.1645,1471.0583,1552.9265,1532.45,1521.1147,1549.777,1508.9256,1564.1302,1580.5349,1664.5587,1702.684,1732.3318,1804.1711,1830.2268,1623.9358,1684.5807,1757.9536,1926.6016,2054.1637,2080.1276,2008.3327,2165.88,2278.7894,1855.5187,2075.9488,2156.8661,2185.7319,2131.2389,2478.632,2349.757,2640.4071,2805.0551,3010.52,3160.0357,3072.7509,3231.1173,3094.8311,2998.7007,3329.2428,3380.5433,3266.135,3315.7022,3451.3873,3697.8274,3832.2689,3648.5693,3667.4313,4240.9271,4253.2673,4290.288,4280.8827,4144.7197,4198.3597,4015.6903,3581.3714,3835.5866,4007.811,4095.4702,3532.1249,3743.2806,4128.7042,4458.6501,4679.3533,4488.9315,5114.1845,5185.6587,5312.4248,5114.72,5009.5982,4527.5417,5059.6984,5467.9616,5521.598,5667.3033,6049.302,6184.0039,6505.933,6555.0429,6639.1418,6645.9377,7046.2309,7213.1467,7711.3392,8188.7473,8157.1536,8052.1259,8453.256,8726.7563,8579.0918,8883.9065,8383.6102,7822.8149
SRCL.O,消毒循环(STERICYCLE),102.86,91.96,88.4,97.34,99.3,100.64,116.24,116.26,114.3,115.12,122.64,117.76,119.54,120.9,135.24,131.68,133.34,130.2,134.36,133.38,139.58,141.42,144.84,151,154,155.62,163,174.28,182.34,177.84,191.76,199.6,228.64,233.32,235.4,237.6,237.04,215.56,206,213.52,233.2,206.8,239,237.2,235.64,233.72,229.2,208.32,195.68,191.92,190.92,188.32,199.92,206.12,204.8,198.08,193.76,209.48,218.92,220.68,211.64,220.72,218,235.6,234.48,262.32,252,262,277.92,286.96,295.6,323.68,313.96,345.68,354.68,365.12,356.36,356.48,328.48,350.84,322.88,334.32,324.08,311.68,336.08,347.08,334.56,346.4,349.04,366.68,371.4,366.08,361.9324,379.04,373.88,373.12,377.4,383.68,424.72,433.28,439.04,441.72,463.76,450.24,461.6,464.8,469.92,464.68,468.24,456,454.48,465.76,457.48,473.68,470.6,475.4,466.24,504,515.68,524.32,525.16,539.88,561.72,533.72,549.2,535.64,563.88,564.56,557.24,485.48,482.88,482.4,481.4,455.72,504.76,382.24,391.96,416.48,361.08,343.92,320.56,320.36,291.88,308.16,308.56,331.52,331.56,341.36,327.08,305.28,308.32,287.56,286.48,283.4,265.24,271.96,301.44,250.68,234.12,234.84,254,261.16,279.44,246.76,234.72,199.88
SRE.N,桑普拉能源(SEMPRA ENERGY),50.465,54.2343,54.4038,55.1412,54.1716,56.822,58.4588,61.65,65.1449,61.3242,60.8397,62.467,66.9389,66.6463,65.1414,64.5245,63.0523,64.2053,68.1299,70.1911,71.3678,75.3303,77.4038,80.0166,81.9299,85.7423,87.5592,91.104,88.0041,85.454,76.0617,79.3944,84.2935,89.2102,90.82,90.2051,81.4878,77.4498,78.1589,83.1318,84.8041,83.3221,82.894,85.4918,74.9935,63.3143,69.3471,63.8944,65.708,62.3057,69.9644,69.6315,69.1171,75.6999,79.9707,76.5236,76.561,79.0818,81.6794,86.6424,78.5478,76.1023,77.8363,76.7132,71.7529,73.5689,78.223,80.0626,85.2076,84.7008,79.3318,83.7402,83.086,84.9369,86.1641,88.7409,88.8537,85.9421,82.3829,85.357,84.4998,88.1587,87.2727,91.0823,94.2287,98.1039,100.319,108.3164,108.7682,116.2813,118.8642,111.757,109.8842,118.8467,116.5805,121.8942,128.9563,133.6128,138.4598,143.5,140.8153,142.7223,152.9691,147.3657,150.5065,160.2473,155.5,158.9403,164.1639,167.2804,172.5197,175.8182,178.9205,187.8806,178.9091,190.1414,190.2752,198.6171,201.7408,202.3223,203.3397,196.5811,199.3281,194.1173,196.4942,182.1609,187.3897,174.6307,179.4241,189.9796,184.0804,175.7064,177.0895,180.3789,195.9088,194.5908,201.6891,216.1457,212.0889,198.3452,204.5928,204.421,190.4876,194.2663,197.6443,212.8938,214.8994,219.8003,226.5487,219.2752,221.4032,231.0422,225.1852,231.8344,238.7204,212.5799,212.7788,216.6757,222.9364,224.099,213.5354,234.5619,233.5114,234.5013,231.5945,224.2039
STI.N,太阳信托银行,479.3206,485.7991,483.3178,488.4146,497.31,488.0542,491.2971,478.5759,472.924,493.557,498.9985,499.1357,490.1491,500.6345,503.3324,534.9464,527.9467,531.782,549.9823,537.0327,543.2184,555.2384,578.2192,598.0479,588.4877,602.1234,593.0533,602.909,642.9329,617.3711,563.7994,572.405,550.0176,527.7029,515.2585,459.2569,505.9984,432.5061,410.2595,414.7981,394.3197,273.5541,310.1086,322.5854,346.4578,309.1091,248.8814,231.7036,96.1641,95.2257,92.9301,114.3025,105.0448,131.2063,155.5333,186.4817,179.9384,152.4889,188.6394,161.9761,194.2276,190.1564,213.9559,236.3977,215.3148,186.1534,207.3254,179.9211,206.4577,199.9035,186.793,235.9701,243.3267,241.3265,230.6879,225.4887,225.0903,206.4462,195.9638,159.6383,143.9954,158.2746,145.8722,142.4125,165.5042,185.139,194.8959,195.7829,185.2241,195.8107,191.1235,203.8182,228.921,220.2565,220.2625,229.9979,230.1601,224.2412,234.1569,237.7331,261.6245,257.385,283.6372,261.861,265.1323,275.1095,297.1032,301.8595,303.5816,309.8245,327.1741,314.5936,316.7345,331.1165,314.5028,316.3961,315.9806,325.2033,328.0943,349.8893,320.8293,344.0337,344.7889,348.2293,360.1541,363.0231,374.1619,342.7689,324.6837,352.5332,370.715,365.7631,312.3159,285.3112,310.248,358.9177,378.8709,355.1807,365.6424,383.3417,380.9931,393.4319,454.1364,479.4876,496.709,522.3205,485.5325,498.7902,470.8316,500.3854,505.414,489.6053,531.1018,535.0116,551.3396,577.8196,632.4794,628.2763,612.0836,600.9287,611.0037,597.5183,652.2743,670.2574,608.5711,570.9397
STT.N,道富公司(STATE STREET),1911.6052,1870.6514,1872.5467,1980.0511,2055.861,2074.1616,2138.2134,2077.6006,2110.9324,2383.2134,2489.3641,2400.3085,2617.6525,2705.1096,2624.6513,2837.0382,2697.1842,2531.8896,2617.7533,2693.5923,2728.4356,2808.4522,2718.3789,2957.8961,3116.2295,2873.2469,2849.1126,3030.3998,3003.9988,3019.5225,2959.0437,2708.7412,3018.7477,3532.9446,3538.2593,3606.5483,3647.4106,3488.8469,3518.8951,3213.3303,3207.9852,2860.6794,3202.6734,3025.1942,2552.9535,1945.6845,1890.0294,1777.1749,1051.4838,1141.8563,1391.2871,1542.7105,2099.587,2133.9292,2274.0814,2372.64,2378.5155,1898.2905,1867.5416,1969.28,1939.4287,2031.244,2042.088,1967.8961,1726.7723,1530.416,1761.2002,1587.4333,1704.6319,1890.2132,1955.3929,2097.9707,2115.1746,2024.6278,2042.9283,2116.1173,2080.6593,2058.1651,1892.9276,1621.3356,1476.213,1853.9877,1820.0201,1858.6171,1806.5149,1947.1446,2109.0501,2142.4241,1910.1968,2080.8031,1882.2318,1939.0996,1967.1996,2089.5636,2083.4688,2215.4365,2622.613,2666.9123,2796.9888,2767.6415,3132.5896,3099.0735,3311.0328,3170.8355,3136.9151,3343.0212,3464.2039,3513.9399,3205.5903,3144.3035,3342.7689,3102.9354,3137.06,3247.1005,3400.6209,3477.3811,3568.0632,3657.7374,3719.2975,3819.4327,3479.3329,3622.3791,3592.2848,3767.6731,3807.2454,3778.0748,3756.4858,3528.82,3314.6949,3402.975,3579.5351,3289.3057,2762.4021,2715.3129,2917.6561,3106.1171,3144.0088,2706.2587,3301.5152,3525.3637,3513.7029,3542.9712,3976.4439,3941.0462,3863.9697,4041.9557,4056.32,4274.9057,4150.5819,4591.4179,4770.5103,4732.645,4910.2361,4728.2993,4900.4711,5038.1645,5686.4521,5478.9587,5169.6814,5172.2732,4982.0322,4847.0826,4598.1939,4525.2976,4386.3811,3599.4713
STX.O,希捷科技(SEAGATE),17.4036,18.5492,20.1802,18.1467,22.0039,18.1983,20.0855,17.2759,16.5053,15.0891,19.8106,20.931,27.3077,27.9064,27.6543,27.8959,24.598,23.85,24.4399,23.5299,24.4182,23.8789,27.363,28.149,28.8803,28.6778,24.8398,23.6138,22.0529,23.3167,25.1803,27.7726,27.5144,30.0567,27.8435,27.5304,21.9917,23.4022,22.7186,20.6016,23.3856,20.8854,16.4746,16.4086,13.3382,7.4505,4.7082,4.9542,4.2385,4.8468,6.7742,9.1976,9.8176,11.7901,13.571,15.6112,17.1441,15.7239,17.0539,20.5031,18.8349,22.4418,20.582,20.6862,17.3132,14.6982,14.1459,11.4294,13.2723,16.5805,15.1152,16.9412,15.7803,14.3149,16.2368,20.0616,19.128,18.3993,15.8148,13.3669,11.8606,18.6422,19.9612,19.1441,24.6772,30.9493,31.7684,36.5619,27.8493,29.3945,35.6823,38.4192,37.1589,32.8021,30.4548,37.3993,41.776,39.5385,44.9418,45.1201,53.4655,55.6374,50.7724,48.0018,54.8163,60.9919,61.9801,70.9789,66.8081,66.544,71.6059,67.0412,69.1073,73.0816,75.371,81.0978,74.2165,81.4218,86.4043,86.914,73.7658,80.603,68.6154,78.1533,74.0539,63.22,67.346,69.1382,60.2605,51.1945,49.1093,50.0931,39.6946,43.7065,48.013,30.3409,32.464,35.0542,46.0914,48.5521,56.4508,50.242,58.7206,56.8097,67.1983,71.7228,69.2906,63.5578,65.7302,59.3483,50.4805,48.2904,51.7753,57.7067,60.1885,66.2796,87.4435,84.5921,93.6799,92.6714,90.2061,91.3742,85.1445,86.6332,77.6374,65.9631
STZ.N,星座品牌-A,467.28,481.77,475.83,474.39,500.58,531,493.2,495.36,468,423.72,425.16,472.14,480.42,474.12,450.9,444.6,444.6,450,440.28,491.22,518.04,494.82,503.64,522.36,445.32,422.28,381.24,403.38,437.4,437.04,394.74,435.24,435.78,452.16,423.9,425.52,376.2,345.78,318.06,330.48,383.76,357.48,387.36,379.98,386.28,225.72,229.68,283.86,261.36,234.9,214.2,208.62,208.08,228.24,245.88,266.22,272.7,284.76,307.98,286.74,289.44,270.72,295.92,328.86,299.88,281.16,307.08,299.88,318.42,355.14,370.98,398.7,345.96,365.76,365.04,403.02,395.28,374.76,367.02,355.86,324,363.96,350.46,372.06,376.2,393.12,424.62,388.8,347.22,487.08,507.78,592.92,582.3,636.12,645.84,637.02,582.48,796.32,857.52,888.3,954.18,938.16,937.62,976.5,1033.2,1175.4,1267.38,1266.84,1380.06,1458.54,1529.46,1437.12,1514.34,1586.34,1498.68,1567.62,1568.88,1647.72,1735.2,1767.06,1988.1,2064.96,2091.78,2086.92,2127.7042,2093.954,2166.1469,2315.9531,2265.4726,2438.9881,2543.6981,2583.2337,2765.315,2570.3388,2745.899,2836.2234,2790.3488,3013.5402,2999.5111,2996.2927,3040.8581,3052.3648,2767.4137,2807.147,2742.1455,2915.6402,2975.4915,3167.7134,3364.9639,3567.1379,3560.141,3694.3401,3682.3395,4044.9424,4026.9473,4230.1546,4061.7405,3997.6043,4228.3923,4325.0487,4152.4754,4074.1093,3913.2818,3888.9171,4027.5135,3721.3687
SWK.N,史丹利百得,307.2526,298.7896,294.1997,279.6424,289.9105,297.8115,319.9806,299.1848,307.2067,315.4331,315.8938,318.072,324.693,331.976,337.3266,347.9138,323.2769,316.26,303.8694,316.3269,335.9775,321.15,343.8631,340.9248,388.1756,376.7188,377.3767,397.2816,431.0247,415.754,378.9731,388.6307,386.5593,396.3387,359.1496,335.935,355.8916,336.3508,332.0967,336.4206,338.7917,314.6474,312.1909,336.5457,294.9238,231.3322,224.6197,243.5185,223.2372,191.1013,210.4716,274.8708,258.0301,246.7987,292.8182,298.5069,313.9485,332.628,357.1908,381.3768,379.4518,423.8754,427.5244,462.8225,417.8759,378.4028,434.579,401.7721,461.9248,467.126,448.7335,506.9574,551.0044,578.0406,583.9102,553.8,566.315,552.2875,504.1492,478.2571,378.871,492.6866,508.1836,525.0376,545.076,596.4924,600.9738,571.2999,517.3403,505.8383,525.7229,516.9988,603.7746,548.742,569.4089,589.8491,612.6552,627.5669,649.7228,600.2935,635.6804,624.1342,683.2372,688.4047,735.5441,642.3119,660.9908,659.4367,632.5493,678.642,667.9534,706.1856,718.6008,726.2085,723.1489,756.6395,738.4221,778.7571,785.4103,803.4716,783.1506,822.3709,801.6898,829.7691,861.2112,889.2647,891.3772,857.8312,824.0768,900.5533,927.575,911.4776,805.6666,807.4944,903.6962,961.3314,976.883,959.9658,1050.4211,1073.116,1066.4388,987.18,1033.7163,999.384,1080.5094,1113.0102,1163.0803,1191.7919,1204.8346,1237.0355,1236.6839,1271.5418,1333.088,1426.511,1503.5099,1504.0418,1473.3742,1410.9753,1363.367,1260.0466,1239.1333,1187.1747,1336.0967,1256.1829,1315.1092,1046.4117
SWKS.O,思佳讯解决方案(SKYWORKS),22.8626,21.8686,19.1275,15.7237,19.0673,22.1999,22.0795,22.8325,21.1457,16.1454,16.2358,15.3321,15.9044,15.8442,20.4227,21.5071,17.0491,16.5972,13.2236,13.9465,15.6333,19.9709,21.8084,21.3264,19.7902,19.8805,17.3202,20.7541,21.3565,22.1397,23.8567,23.7663,27.2303,27.7725,27.3508,25.6037,24.2482,24.8808,21.9288,26.1761,31.1161,29.7305,28.4954,29.2184,25.182,21.477,16.2358,16.6876,13.0127,19.5793,24.2784,26.6279,28.7063,29.4895,36.3874,35.0319,39.8816,31.4173,37.0802,42.7432,38.2249,45.9964,46.9904,50.6954,47.9844,50.5749,52.8039,53.6775,62.2623,69.0397,76.6606,86.2394,95.6977,108.2586,97.5954,94.7639,76.7208,69.2204,76.2389,62.1418,54.0992,59.6718,49.129,48.8579,65.0034,81.2391,83.2874,81.7512,80.9078,82.2934,87.1431,91.7517,70.9675,70.4554,68.2264,61.1477,72.1122,64.1599,66.3438,66.4793,71.8712,65.9371,72.3983,76.3895,74.8231,77.7149,80.0945,86.0285,91.1192,106.8128,113.0179,123.651,130.8058,141.8296,153.3064,171.4877,175.6946,176.2697,204.6435,220.537,251.8993,266.5774,298.5971,280.248,332.6719,316.6711,291.0271,266.4645,256.8858,235.6236,254.1334,235.1851,210.9717,204.3065,239.5106,205.4441,206.0833,195.3408,203.799,232.0699,236.038,238.518,239.1434,232.3285,286.3405,295.9227,305.8169,311.3103,333.1001,300.3003,328.2177,330.7912,319.9281,357.478,329.8041,298.9774,306.0937,345.0428,316.6498,274.0129,312.4538,306.2434,299.6844,290.4458,288.5689,276.0031
SYK.N,史赛克(STRYKER),3640.4086,3678.9315,3304.8154,3596.7,3604.1083,3523.3585,4007.1165,4041.1944,3661.8925,3042.5638,3207.7675,3299.4871,3705.7035,3432.4172,3292.8035,3248.9886,3260.128,3127.1979,3379.6907,3566.8325,3682.6821,3883.1912,3851.2582,4109.0061,4618.2514,4624.2163,4944.8246,4841.9317,5018.6391,4703.9955,4654.7859,4980.6134,5126.7512,5293.7658,5415.2987,5595.2723,5014.9275,4875.6448,4871.1518,4854.6775,4833.7102,4708.6552,4806.7522,5031.4018,4665.223,4003.2555,2914.4539,3021.9396,3195.1622,2546.9013,2574.8892,2928.1422,2907.7186,3006.0545,2941.0015,3136.1606,3436.4635,3479.58,3820.1802,3829.1399,3946.9713,4036.6752,4361.2198,4377.9879,4041.8645,3826.9539,3560.1527,3301.7607,3837.902,3794.9604,3840.9692,4131.5483,4428.5273,4867.0716,4691.7156,4552.8161,4815.1818,4543.0082,4206.2884,3780.5507,3661.592,3722.1913,3793.6673,3878.5159,4324.8066,4185.1457,4345.3938,4274.1193,4029.7497,4332.7378,4091.3311,4188.051,4393.4506,4151.9135,4275.05,4347.9326,4968.9525,5066.5074,5195.7066,5222.7842,5287.2925,5172.2307,5634.4369,5348.9566,5425.8353,5929.164,5974.1184,6056.4186,6254.699,6467.4877,6591.889,6290.8969,6836.2428,6846.9124,6477.4455,6764.8989,6581.7361,7134.3575,7572.8682,7716.444,7448.1313,7750.8011,7574.846,7574.0249,7893.4412,7875.6295,8427.7559,8129.4428,7782.1989,7907.905,7977.3742,7717.4803,8233.1415,8293.7587,8941.4074,9084.75,9263.9281,10019.6464,9722.8114,9670.9698,9765.1819,9676.2626,9534.4951,10085.8645,10399.0222,10822.4584,11118.1896,11516.8061,12073.3489,11756.1299,12460.9217,11975.5302,12066.9715,13158.7937,13254.806,13196.0994,14009.1373,13819.9398,13755.0394,14481.5982,14874.7947,14473.9464,13993.0815,14522.8043,15270.7889,13942.0721
SYMC.O,赛门铁克(SYMANTEC),373.6,352.16,341.28,300.16,360.16,347.84,351.2,335.52,362.56,381.6,281.76,280,294.08,270.24,269.28,262.08,249.6,248.64,277.6,297.92,340.48,317.44,339.52,333.6,283.36,273.6,276.8,281.6,319.84,323.2,307.2,300.96,310.08,300.48,284.8,258.24,286.88,269.44,265.92,275.52,347.68,309.6,337.12,356.96,313.28,201.28,192.48,216.32,245.28,221.28,239.04,276,250.08,249.28,238.88,241.92,263.52,281.28,284,286.24,271.2,264.8,270.84,268.32,226.72,222.08,207.52,218.08,242.08,259.04,268.76,267.84,281.76,288.48,296.64,314.4,312.8,315.52,304.96,274.4,260.8,272.16,261.6,250.4,275.04,285.44,299.2,264.56,237.44,233.76,252,285.28,287.6,291.04,300.16,301.12,348.32,375.04,394.88,388.8,358.24,362.1092,429.763,414.9175,400.9843,368.6625,366.7219,384.4955,349.1115,352.8296,328.0264,333.1184,361.2068,378.8009,391.3724,404.1342,391.3177,413.1223,436.8501,429.5665,414.7481,423.7779,393.5441,419.8197,414.7667,394.0701,385.426,349.7923,332.3795,351.6701,336.7806,361.205,341.2527,334.6503,395.6596,358.3109,373.7024,444.0868,441.7085,523.4175,544.4583,542.9399,530.7227,519.8428,599.4838,623.3088,669.3425,690.0686,661.2702,617.868,677.7957,657.4479,719.5085,712.7104,636.9884,616.9795,598.7295,579.67,569.9684,612.7436,458.1796,456.9041,447.3899,447.7926,472.6699,403.1466
SYY.N,西斯科(SYSCO),4454.4798,4384.4208,4579.1901,4425.6977,4753.1482,4648.3044,4631.607,4287.3833,4029.2155,4117.9924,4170.903,4007.0092,3981.0287,3904.4704,4158.7995,3899.404,3989.4203,3986.8112,3620.7034,4117.8942,4388.1351,4612.6171,4727.3391,4847.3357,4579.5857,4368.832,4484.1501,4364.2771,4414.9315,4397.6023,4274.0025,4475.1005,4771.3848,4622.199,4382.2598,4207.0233,3936.8726,3809.2636,3939.5877,4180.7264,4220.3866,3762.2435,3909.7555,4388.1353,4250.2737,3637.9345,3256.0903,3219.5871,3128.3608,3017.4858,3199.9384,3309.1563,3398.5163,3222.6481,3406.1441,3654.1503,3562.4024,3829.253,3914.6692,4080.6098,4087.9123,4220.8169,4345.0453,4645.5163,4390.7051,4244.3801,4600.9258,4083.9345,4273.1033,4413.942,4348.0175,4404.9523,4404.6078,4200.5508,4226.2471,4410.8593,4914.3473,4797.4738,4706.6941,4297.4164,3985.0728,4309.0227,4436.4902,4559.2943,4723.8527,4615.601,4684.631,4575.1413,4418.415,4719.2028,4695.1391,4840.5142,4995.4746,5006.0954,5099.5468,5101.1581,5164.5568,5227.9555,5717.2636,5712.491,5538.7893,5597.7824,5701.6538,5290.2624,5258.871,5390.4611,5605.4795,6065.1603,5893.7901,6051.7195,6070.2006,6170.1561,6356.4634,6342.9137,6091.9964,6457.2773,6477.7603,6629.1258,6924.9768,6877.6533,6787.5455,6756.3543,6589.6865,6467.4288,6490.1338,6355.7929,6392.7657,7019.5419,6914.3707,7318.9066,7292.2924,7274.5496,7117.7037,7890.0846,8411.0656,8292.2703,8659.4557,9190.3808,9380.5641,9393.243,8877.0312,8772.3532,9707.5605,10094.0399,9621.2701,9668.9547,9522.2331,9758.8641,10070.8081,9290.0252,9776.5545,9785.8443,10023.6624,10397.1981,10791.6262,11352.4243,11822.6596,11217.1408,11275.4361,11830.1811,12301.1941,12917.8617,12780.6959,14227.8183,13929.2661,13631.7436
T.N,美国电话电报(AT&T),685.0707,693.7206,683.0524,695.4925,683.2191,694.0313,724.1778,713.2188,709.9608,716.0444,747.8686,735.259,789.6153,839.5178,822.7822,807.4371,802.8161,859.1919,935.0287,970.5717,1015.1562,1078.8099,1068.1006,1126.0571,1197.7946,1171.375,1255.0901,1243.7451,1327.9035,1333.043,1268.8759,1291.8816,1370.9433,1365.6398,1248.6503,1358.1237,1270.0625,1149.2927,1263.7931,1290.5551,1330.2286,1123.193,1039.9047,1079.7323,942.3609,917.8087,979.1788,977.1217,856.5047,826.9341,876.6824,905.2521,875.925,877.6917,942.6917,936.2226,970.7244,936.7111,983.054,1022.8286,939.2701,918.8995,957.0481,980.8542,914.6108,910.4706,993.4306,1035.1746,1095.3013,1108.089,1079.7263,1141.5026,1084.795,1118.6948,1206.5979,1244.1273,1261.7177,1255.721,1185.8892,1154.2763,1155.8975,1206.2372,1192.6563,1244.5109,1228.1282,1277.4037,1304.1294,1393.7087,1447.0686,1510.1687,1625.8773,1570.9953,1616.4445,1500.3166,1480.3644,1462.1472,1528.4261,1577.631,1611.8986,1665.4388,1555.6248,1573.853,1588.0178,1523.1824,1522.7321,1651.7522,1606.58,1604.2985,1540.6191,1476.3496,1621.534,1672.3392,1661.565,1656.4121,1688.7529,1658.8592,1672.1453,1674.9736,1700.9347,1614.8784,1605.1199,1685.0833,1591.9552,1713.2673,1708.3214,1756.7914,1741.0903,1663.909,1632.836,1703.4813,1711.6149,1749.2328,1858.9065,1904.7863,2019.2281,2025.9999,2043.2225,2255.1122,2284.5837,2157.3986,2143.1496,1965.1947,2063.4812,2271.8057,2278.2156,2258.2218,2245.2528,2167.0821,2106.9309,2063.1846,2160.402,2075.0939,2169.8192,1887.4471,2040.5743,2180.8007,2128.4137,2063.0552,2026.1135,1884.9058,1863.0017,1850.8968,1871.4599,1869.7038,1965.7061,1822.6633
TAP.N,莫尔森库尔斯酿酒-B,112.4954,105.3476,116.9233,93.5598,89.0736,94.4512,95.5176,98.1609,98.0078,94.4709,102.4496,103.0651,96.1571,97.0289,106.1056,114.2081,100.6712,105.4888,111.0367,109.7536,107.5679,111.1275,111.4808,119.8873,126.7255,132.9343,148.9607,148.4255,144.6743,146.0804,140.5191,141.8638,158.0546,181.5083,171.2802,164.2177,142.1078,172.1816,167.7462,174.9896,185.711,173.9599,172.8073,153.2144,150.3205,120.1278,143.6358,158.0091,130.07,114.4261,111.3405,124.2349,143.6459,138.2253,147.6297,155.5213,159.7885,160.7404,149.1771,149.0121,138.5853,134.0271,139.6032,147.2373,137.1602,141.5717,150.4283,146.5123,158.8225,158.8562,161.1787,169.7704,158.5403,155.6471,159.5953,165.926,158.7784,153.3424,154.4049,151.0823,136.7856,146.2131,141.3602,151.634,149.3703,153.027,158.7454,145.8703,135.9886,147.1648,149.6759,158.6758,160.4927,153.6882,148.8875,153.6636,162.2464,159.9054,176.9775,186.6347,179.8228,174.1817,182.1884,178.7222,183.6307,197.8069,194.097,206.9213,193.9865,210.7896,218.3191,222.4362,245.2011,276.6486,251.9159,277.249,279.0861,278.8612,291.4222,280.76,286.0723,287.4608,282.0063,278.4457,279.5093,265.9109,272.5894,260.9026,318.1104,337.5756,354.211,361.4853,348.2452,328.1926,371.944,369.8171,383.5455,392.6622,396.6614,398.888,428.0483,404.6966,383.7411,380.9226,377.8301,394.5964,376.2011,376.9086,374.2057,340.8474,351.2694,355.9399,323.7764,320.7227,311.3617,327.1889,334.963,303.9863,301.9295,285.5364,247.0988,274.5363,270.34,270.938,249.6657,259.8147
TGT.N,塔吉特(TARGET),3825.6833,3835.61,3775.2304,3502.7678,4059.4274,4113.0995,4441.1799,4070.5139,3932.6844,4217.4311,4059.8149,4170.5854,4153.8939,4134.7989,3953.1413,4035.9893,3725.8317,3722.0236,3497.3465,3694.5735,4218.334,4518.3893,4444.3202,4364.7524,4694.4997,4716.5708,4542.5644,4550.9964,4795.5592,4885.4327,4652.6833,5076.6427,4894.9215,4724.7504,4629.504,3859.8499,4278.2577,4072.0618,3922.6781,4112.3103,4140.6333,3607.5345,3509.761,4127.0968,3818.0705,3122.956,2641.2309,2701.4722,2440.948,2226.8723,2705.1267,3245.5228,3103.6494,3117.0748,3444.8139,3727.0553,3701.6796,3840.453,3705.0786,3849.112,4079.8836,4113.7395,4199.9747,4540.9232,4367.3262,3938.042,4110.2362,4117.6341,4301.1409,4180.4127,4604.2388,4862.1862,4433.6216,4268.8796,4062.5437,3988.6202,4043.1704,3829.2979,4203.1667,4244.1564,4028.1291,4497.1466,4353.3693,4231.1115,4197.2428,4709.9195,4841.1891,4813.772,4837.4613,4860.8508,5066.3448,5384.5492,5332.4596,5355.9839,5334.6218,4999.9932,5104.7759,5350.7887,5817.368,5996.6908,5937.2525,5882.5785,6086.7516,5442.5782,5500.1762,5569.8095,5531.436,5474.3306,4900.681,5452.4023,5275.4216,5383.528,4985.0412,5089.555,5233.5907,5323.3096,5554.6037,5478.3919,6608.2014,6778.7644,6573.3743,6907.6484,7378.7675,7087.4649,7179.0573,7388.1297,7408.0413,7083.3295,7169.9227,7035.0195,6660.3158,6670.4211,6652.9665,7266.7203,7621.4882,7363.9805,6419.661,6516.7306,7031.0128,6603.5289,6461.4669,6466.171,7328.4249,6853.083,6117.7737,5627.3849,5284.5903,5347.7871,5338.1596,5061.3303,5485.2856,5337.6147,5776.135,5779.0715,5924.0616,6453.1723,7439.1973,7519.5746,6923.2736,7239.373,7330.6363,7655.4813,8114.0861,8869.1543,8941.1211,8476.8842
TIF.N,蒂芙尼(TIFFANY),418.9937,401.93,461.0702,402.7018,415.7912,438.6294,455.6337,501.023,533.6305,528.6659,546.1092,514.8073,506.8748,499.2112,505.7678,470.0649,460.634,446.2068,426.8829,427.018,449.9265,484.0776,520.8035,533.1604,533.4322,591.4494,619.3865,649.4842,715.9443,724.3808,658.7141,700.7626,716.7549,741.8105,635.7007,632.3155,546.5964,517.0618,577.1356,600.5852,676.3136,564.127,523.1499,611.4721,494.0208,381.7813,275.2441,330.8368,290.5148,266.5735,304.4109,408.6109,400.5629,360.4399,423.9717,517.0664,550.0448,560.8944,609.2892,616.3036,582.0486,636.226,683.5419,697.7914,653.8916,548.7466,608.9625,573.6435,684.0778,771.571,904.0483,910.1142,849.6055,899.5909,901.9906,1019.4373,1110.7521,1157.3345,1173.1056,1060.6443,899.9224,1179.724,991.9565,984.8822,948.317,966.3023,1031.8817,1021.8808,826.789,795.1158,824.8481,930.2629,933.7877,954.0087,890.0259,870.0101,997.6136,1019.0073,1060.0049,1123.1113,1185.608,1115.3125,1217.4423,1180.6939,1178.2073,1217.4194,1370.7308,1432.0951,1284.0697,1439.3497,1334.6744,1355.4343,1540.1042,1559.0536,1517.9972,1569.7842,1503.4802,1500.5141,1684.722,1674.281,1357.4743,1382.2297,1385.1333,1376.7919,1475.1567,1451.0504,1512.6963,1300.0969,1226.6141,1309.5321,1265.6904,1218.295,1019.4777,1037.6827,1178.5322,1145.929,995.1193,981.0722,1043.8453,1154.6689,1182.3766,1195.2373,1342.7291,1267.5574,1288.6751,1503.9454,1567.8947,1507.8441,1430.6833,1552.8985,1580.0291,1512.0371,1526.8563,1557.4666,1572.1063,1737.9539,1783.0956,1689.3012,1641.2061,1728.0896,2197.7979,2220.435,2320.9957,2069.4252,2185.6677,1886.2124
TJX.N,TJX公司(TJX),2418.0236,2362.2583,2382.5725,2191.0381,2223.9635,2361.6882,2280.2173,2033.4533,1991.6367,2093.747,2185.2392,2265.1988,2489.4759,2393.7723,2426.0281,2358.5842,2324.15,2240.8296,2388.8459,2629.2769,2755.089,2845.5165,2701.6057,2809.9853,2913.4384,2716.2521,2662.9148,2754.7735,2771.5111,2724.9394,2749.7116,3030.8603,2889.7051,2875.7884,2926.1455,2865.3088,3152.5378,3200.5952,3307.6151,3222.5993,3217.8513,3158.6332,3383.4612,3649.3831,3073.3767,2694.7431,2307.747,2080.2084,1963.9109,2263.191,2605.6675,2842.454,3011.9344,3210.9609,3697.8103,3681.7946,3804.6918,3825.1746,3943.0056,3754.9989,3904.9933,4290.5217,4382.248,4775.9495,4700.6626,4337.721,4293.258,4118.4053,4631.0009,4761.744,4747.8137,4620.8167,4933.1044,5206.949,5192.3315,5598.4881,5555.6985,5504.3538,5794.6082,5744.8537,5834.2555,6198.1733,6509.9356,6810.6376,7189.4167,7746.8488,8402.8235,8826.0329,9009.7087,9109.4393,9395.8997,9741.0672,9528.3337,8856.0958,9458.5083,9055.3378,9637.6952,9617.2595,9997.9293,10429.9254,10854.5005,10736.5401,11161.1975,11338.4152,12127.7168,13074.0186,13555.3731,13738.6121,12365.3976,13281.7549,13106.7106,12572.9336,11801.3662,11519.6072,11549.9505,12961.3821,12865.7101,13768.071,14425.0343,14952.6731,14377.0672,15004.6562,15312.8813,14108.3991,14117.7788,14510.3048,15310.7069,15466.6381,15708.5792,16097.8845,15573.0656,15641.4459,15714.2378,16395.7206,17336.096,16776.2961,16899.165,17145.5927,18142.4036,17247.1817,16654.7552,16425.357,17509.7096,16792.2451,16745.3082,17595.0245,17736.3229,17637.6383,16935.8745,16251.3238,15832.4868,16353.0154,16676.4567,15787.5584,17166.78,17373.554,18250.639,18865.045,18609.4953,19360.1726,20702.5923,21816.5715,22293.3363,25304.3527,25776.0625,25283.6435
TMK.N,托马科金融(TORCHMARK),1181.2061,1127.3379,1131.7144,1158.3813,1143.6386,1131.7144,1135.6252,1145.8365,1147.7918,1150.1866,1178.2718,1210.4936,1223.8006,1192.6056,1245.6152,1313.8024,1286.9187,1327.1349,1324.476,1362.5873,1382.3,1353.7553,1387.5553,1399.4073,1429.3176,1405.7852,1442.5134,1505.1072,1544.9937,1476.4595,1358.7432,1359.1848,1375.9649,1441.6327,1364.6394,1339.1962,1352.0562,1336.0922,1332.7664,1438.5996,1409.0454,1303.2725,1292.9878,1330.6303,1331.9667,932.5553,807.0834,1001.3435,672.0426,461.4693,587.5893,660.5593,904.4686,834.2011,883.0324,963.2875,984.9621,920.7797,986.0961,996.7553,1021.788,1058.1992,1226.4306,1227.1182,1181.0497,1138.0863,1219.92,1134.4083,1225.1571,1320.6059,1324.9864,1377.3219,1440.1407,1508.3335,1540.509,1550.7049,1540.2108,1490.032,1407.446,1331.4808,1214.7454,1431.2168,1489.2627,1517.2366,1601.3556,1698.4818,1747.9215,1721.3321,1648.8884,1786.3547,1763.2967,1813.9804,1820.0057,1798.355,1848.1217,1836.7465,1986.1247,2003.2372,2131.9378,2219.1938,2306.4313,2328.9558,2547.9088,2469.4068,2593.4328,2617.8848,2730.7061,2814.0675,2706.0419,2791.022,2833.8722,2876.8263,2928.1018,2963.9206,2862.2511,2960.4816,2842.1709,2881.1611,2924.1391,2953.7877,2730.2225,2903.6219,3002.0231,3067.0706,3119.5459,3189.8534,3375.5903,3203.0029,3097.5152,3185.9372,3329.2797,3139.2548,2991.4441,2819.6866,2989.1715,3195.0358,3401.452,3420.1038,3422.87,3578.3293,3534.6236,3515.7711,3886.144,4089.6274,4085.1666,4306.8121,4288.029,4269.6613,4202.313,4266.3581,4404.1084,4292.5697,4466.5701,4700.6569,4964.3809,5068.306,5084.5585,4777.862,4710.7022,4863.7818,4756.6821,4564.9121,4948.0246,4939.5972,4870.4922,4765.1824
TMO.N,赛默飞世尔科技,341.0353,312.7866,288.0689,284.5378,299.8012,306.0661,340.1241,317.7984,351.9703,343.883,351.4008,343.1995,383.1806,394.3434,422.4783,438.9947,418.4916,412.7963,421.567,446.5125,447.9933,488.3161,499.2511,515.8814,545.0414,515.5397,532.5117,592.9959,621.9281,589.1231,594.7045,617.7136,657.4669,669.8827,656.5556,657.0113,586.5033,637.0777,647.4431,659.1755,672.2747,634.7995,689.3606,689.8163,626.4844,462.4594,406.4175,388.0786,409.2652,413.0241,406.3036,399.5831,443.2092,464.3958,515.7675,514.9702,497.4286,512.5781,537.9792,543.2189,525.6773,555.5208,585.9337,629.6738,592.9959,558.7102,510.9834,479.7731,545.3831,585.7059,579.3272,630.585,652.3411,635.8247,632.7492,683.3236,745.5164,733.4423,684.4627,625.687,576.8212,572.6067,538.207,512.2364,602.5641,644.9372,643.7143,635.3796,576.3515,594.2138,637.2546,656.4855,674.9059,700.4888,729.0544,733.3815,829.5099,848.5976,881.23,929.5024,1017.2913,976.7467,1051.5349,1025.2205,1065.2978,1130.3833,1165.8739,1289.1697,1333.049,1441.8788,1393.7478,1321.4176,1355.1485,1369.4919,1410.1124,1395.1409,1414.1497,1366.1592,1502.3452,1457.5825,1456.6518,1512.3771,1564.7018,1463.836,1509.8429,1513.1005,1627.0261,1461.9097,1427.6328,1526.8712,1615.8356,1657.9552,1543.5288,1509.984,1656.7175,1687.8416,1775.8317,1730.6218,1860.395,1782.5076,1864.8824,1723.8379,1642.7051,1656.0232,1788.5285,1850.6147,1804.4287,1942.2278,2029.8648,2051.3754,2063.8386,2200.3461,2226.311,2280.7921,2268.2014,2236.0645,2639.1638,2456.2795,2433.2368,2479.0824,2454.5686,2443.1707,2766.2297,2820.1318,2880.877,2757.7717
TPR.N,TAPESTRY,224.4,222.12,226.52,214.4,232.32,268.56,280.88,265.52,250.88,257.44,275.44,266.72,287.6,285.76,276.64,264.16,232.64,239.2,229.68,241.52,275.2,317.12,345.68,343.68,366.88,377.52,400.4,390.64,410.88,379.12,363.68,356.24,378.16,292.48,297.12,244.64,256.48,242.56,241.2,284.56,290.4,231.04,204.08,231.92,200.32,164.8,143.2,166.16,116.8,111.84,133.6,196,210.16,215.624,237.3629,226.9346,264.7787,265.1808,279.4975,294.4311,281.1321,293.7057,319.1868,337.1976,332.0286,296.2586,299.663,290.5037,349.6105,406.9023,460.1251,451.3108,441.356,448.1285,425.8028,489.3786,520.8802,524.9828,530.1563,461.6696,427.3298,536.4915,516.0443,505.0805,579.6345,619.2697,641.4335,607.237,562.3023,487.5232,411.2435,484.6054,469.4805,469.7319,484.7332,467.6455,429.6509,407.1574,423.6791,498.8548,493.7696,486.6578,452.9012,450.1734,467.7914,434.7637,496.7013,484.4031,413.2917,421.2313,431.5756,388.0357,353.7947,299.6376,302.8802,322.7743,314.9342,304.0561,328.2886,335.3967,332.0927,388.8851,372.9052,343.9225,318.3601,314.4808,283.4962,274.8641,265.8812,286.7437,291.9823,304.0556,344.1876,361.7454,375.6522,377.3389,369.3742,385.0395,407.4387,360.8445,348.5871,342.1989,346.9662,336.9116,359.3274,366.4466,401.2028,382.3706,448.5744,462.9085,460.9528,407.7584,397.1058,403.7111,411.0065,439.6099,467.539,506.0036,526.4102,538.0171,437.4578,470.8549,474.9878,510.9748,510.1603,429.379
TROW.O,普信金融(PRICE T ROWE),1304.2657,1337.8257,1298.8699,1206.7809,1304.9946,1374.4956,1456.8336,1383.2783,1439.1142,1443.9626,1585.6702,1593.5878,1690.9331,1698.6765,1736.7282,1869.5199,1756.4915,1685.4672,1841.4877,1964.0752,2139.3526,2115.2095,1937.2654,1964.5591,2153.5194,2089.7846,2125.7469,2237.9128,2313.1406,2344.9352,2355.7809,2319.1766,2524.4223,2911.9929,2786.8824,2770.2376,2302.0092,2299.279,2286.1513,2677.5404,2648.2777,2592.9412,2748.1411,2725.6417,2476.4307,1823.0882,1577.3356,1646.6903,1281.4819,1056.5953,1354.4792,1807.8496,1904.0617,1966.8862,2204.7817,2138.2276,2169.0443,2312.8563,2322.3488,2540.1032,2366.9469,2417.9875,2635.4754,2758.6912,2374.1812,2140.4706,2325.6341,2111.5388,2427.6011,2679.9863,2828.3626,3143.0702,3210.2756,3261.8972,3250.276,3144.0866,3097.5981,2968.581,2794.4216,2631.0857,2364.9999,2616.0057,2810.0773,2834.6448,2878.9439,3065.5975,3268.0697,3158.7169,2882.2072,3169.4979,3058.2433,3092.9789,3203.8364,3283.8058,3273.1769,3364.7825,3689.9542,3678.5862,3888.391,3765.3045,3942.4036,3820.9004,3927.3845,3661.1743,3774.5187,4062.0811,4222.1295,4417.1738,4136.1241,4280.0764,4365.5241,4353.8615,4322.0544,4498.4099,4138.6863,4316.4164,4201.1803,4398.9144,4472.8637,4625.1032,4240.486,4449.4937,4390.1769,4510.8802,4483.6527,4347.8419,4314.2808,4020.6211,3916.2098,4261.0617,4290.9263,4058.1486,4027.4954,3923.0473,4201.212,4305.8706,4407.0977,4204.3621,4072.9938,4006.7334,3861.9761,3717.3698,4301.0218,4401.9765,3944.5827,4165.0909,4017.9638,4179.5078,4152.9768,4409.2472,4914.8758,5012.3177,5422.4655,5557.0551,6156.4274,6311.7122,6714.7282,6730.9691,6533.6735,6887.6792,7347.5839,7064.5059,7246.4584,7052.3351,6686.507,5939.9552
TRV.N,旅行者集团(TRAVELERS),646.6437,660.0796,636.3387,620.2266,656.2621,688.9575,767.2124,749.6094,786.2059,789.0094,815.2922,786.6835,799.1873,756.9209,739.956,779.6187,779.4416,794.1897,815.9239,782.0755,840.2615,916.2416,928.4271,966.9606,915.812,914.011,937.093,979.2685,980.5356,973.5458,924.0496,919.6823,921.3242,955.549,972.0208,989.949,885.0659,853.969,885.8755,933.0851,922.1621,808.3166,821.7265,822.4715,847.7173,798.0171,818.6474,853.6166,729.7289,682.7044,774.3441,783.8709,774.7251,787.3646,826.3107,967.3227,950.1796,960.9881,1011.1702,968.6603,984.3966,1021.6976,1054.3754,991.8244,966.9995,969.9329,993.5658,964.8124,1033.4828,1094.976,1070.9738,1112.395,1123.3772,1196.6583,1194.9691,1271.3121,1247.2038,1180.7764,1115.0429,1020.5888,993.9961,1190.2251,1147.3893,1215.9586,1198.0799,1191.2983,1225.3908,1331.3706,1293.4911,1331.509,1306.6892,1350.2802,1433.9184,1490.2164,1487.6956,1518.1394,1658.4965,1699.9272,1789.7243,1815.6593,1779.733,1709.3444,1786.9835,1708.9166,1824.3863,1857.3143,1952.8702,1959.7107,1759.2808,1814.6913,1852.9445,1972.2646,2034.7552,2060.1861,1961.4145,2074.2024,2069.4205,2220.5406,2300.9471,2344.0428,2276.9437,2379.2533,2406.8358,2250.5796,2250.8022,2164.8256,2376.6945,2229.5508,2243.0993,2544.1925,2582.0546,2557.2494,2425.3763,2436.2525,2659.1766,2504.0143,2600.6204,2728.2174,2663.5873,2720.6543,2640.1419,2493.3265,2612.4844,2837.8035,2730.2442,2833.631,2809.6358,2835.7416,2910.0965,2966.4755,3003.0495,2841.0456,2890.137,3124.3768,3197.9748,3216.8837,3555.553,3296.5706,3310.4126,3137.3347,3063.9077,2934.122,3121.192,3156.2077,3129.0536,3018.5682
TSCO.O,拖拉机供应,143.2,170.36,174.6,160.88,177.68,196.4,224.88,205.84,182.6,194,215.44,211.76,204.32,252.72,265.36,259.16,222.44,221.08,182.96,170.32,193.04,193.68,190.4,178.84,201.32,204.68,206,206.96,212.84,208.2,190.08,192.64,184.36,165.76,164.08,143.76,154.16,149.76,158.08,142.24,136.68,116.16,152.04,170.48,168.2,166.24,153.52,144.56,134.84,124.96,144.24,161.52,153.52,165.28,191.88,188.32,193.68,178.8,186.76,211.88,201.88,218.88,232.4816,269.0058,271.6412,244.421,278.6568,272.8033,318.3106,317.6685,341.4415,389.8399,412.5115,419.1755,481.8868,498.0678,509.451,539.4567,531.7133,496.0691,505.4456,573.4258,584.8066,567.966,653.9503,692.9976,734.2677,797.9161,742.1847,674.8315,738.2849,777.4652,805.2318,783.2465,731.4219,721.1386,846.0892,850.3754,851.5203,876.3798,917.7896,963.425,992.947,1005.118,1103.4367,1172.1037,1204.7898,1276.7053,1094.5304,1163.4847,1164.639,1108.7403,1074.8147,998.4437,1027.7028,1109.5959,1019.4361,1213.5118,1277.7663,1309.1582,1348.1904,1466.3904,1415.4694,1432.1102,1453.4457,1500.1481,1543.181,1425.9969,1409.4485,1544.3424,1496.8034,1432.3076,1479.3812,1420.0302,1518.9303,1589.4532,1617.8324,1535.0048,1542.9172,1417.2734,1137.0263,1057.3416,1272.0026,1284.5413,1248.2807,1205.5163,1172.535,1052.5104,941.9917,925.936,958.5598,1021.5965,1086.487,1034.4716,1176.4808,1288.7154,1314.5759,1124.0282,1090.9634,1177.1741,1291.8054,1329.7025,1356.6477,1540.0324,1585.3891,1603.0084
TSN.N,泰森食品(TYSON FOODS),432.1114,429.3372,420.7605,426.0579,466.6515,449.9673,471.2018,450.4804,457.3212,450.9871,427.4353,434.2925,363.9422,344.6013,349.9499,371.8536,408.7649,379.4033,361.2757,377.0897,406.5299,369.9217,407.8384,422.2115,455.5778,469.4232,499.2605,539.1293,574.3627,593.6885,548.8526,556.3614,460.8377,407.9123,386.0293,396.9034,368.1648,374.1291,414.1123,462.1442,490.2346,388.7529,387.7121,378.8178,311.5072,228.0212,176.1837,230.0103,232.3734,222.4306,247.7607,278.1042,352.486,333.6974,302.4711,318.3462,335.3389,332.4183,320.1739,326.8331,368.1201,454.9822,511.321,523.0693,470.5257,438.6755,468.6521,439.4662,429.8076,417.1977,425.7626,463.1479,442.438,502.1694,517.2641,536.4021,513.7933,524.3212,474.373,473.0217,470.8523,516.8971,540.4956,553.9141,500.2402,508.549,515.0033,490.7995,521.9928,507.4406,404.4972,423.0972,432.8236,454.1676,522.0187,528.2818,602.3502,618.7083,677.386,672.2005,683.6736,702.2695,755.3226,793.0557,774.7017,757.9914,870.1818,918.7846,1026.9738,1085.3561,1210.8117,1154.6868,1170.2807,1034.6759,1025.5805,1051.1262,1087.3053,1114.3705,1172.1602,1109.8701,1080.8015,1146.4077,1062.8761,1096.1777,1180.8076,1185.8145,1233.6588,1176.0788,1198.8883,1233.937,1395.0193,1487.9276,1488.7646,1810.6347,1864.0449,1840.5556,1787.6266,1871.9909,2062.8616,2122.2639,2096.9888,1989.7102,1601.5958,1738.8916,1770.1849,1770.0547,1746.005,1818.154,1628.6427,1778.8959,1799.6303,1804.4555,2008.2764,2078.4021,2353.2593,2319.4983,2177.5874,2136.6875,2102.5028,2013.7375,1946.4668,1986.2789,1663.166,1820.6891,1725.611,1736.916
TSS.N,完全系统服务,1372.8361,1397.2575,1455.3901,1431.5121,1418.1172,1407.0518,1433.9084,1369.1023,1364.4032,1247.3373,1261.9705,1161.4727,1152.0824,1150.3217,1172.638,1179.1134,1063.7334,1137.4662,1242.054,1317.0972,1353.0862,1427.1711,1539.1874,1568.2636,1836.2768,1852.9162,1896.9621,1849.9103,1976.7715,1761.6075,1679.2281,1655.9469,1662.5105,1792.9738,1678.0703,1870.0752,1542.812,1484.7061,1585.3276,1594.7082,1642.9515,1493.1175,1315.7174,1338.5644,1106.3477,926.9035,962.6575,949.3659,858.498,853.0731,941.595,850.231,930.6859,917.6199,1006.0239,1045.7714,1109.0016,1099.3641,1189.5437,1193.6052,989.0267,984.1887,1087.3652,1111.6677,1013.7632,948.9468,1040.3527,990.8121,1068.5156,1094.4572,1057.9987,1083.2747,1226.2556,1250.2032,1274.22,1332.9105,1315.2327,1319.1009,1321.2308,1288.5727,1206.7823,1417.7731,1428.4652,1401.3136,1536.0002,1567.5226,1660.0767,1692.4579,1674.4683,1729.1928,1708.9599,1674.9975,1719.7746,1631.9718,1592.7871,1561.3611,1694.7547,1731.93,1813.835,1728.9259,1720.8742,1799.5828,2014.974,2034.0872,2170.1533,2200.3967,2290.3895,2462.705,2211.1065,2254.0263,2257.736,2358.7068,2246.5995,2339.7577,2383.7073,2343.4822,2313.5074,2524.9812,2465.2006,2545.5555,2651.2456,2863.3752,2867.0977,2973.0638,3096.3152,3146.7977,3482.0443,3452.6631,3429.8732,3959.869,4224.8669,3766.6615,3037.5326,3296.207,3606.6335,3876.4867,4070.5384,4033.4243,3867.1054,3740.2777,3588.4862,3796.2607,3746.0295,3739.1214,3864.9536,4154.7488,4084.6337,4378.7945,4549.9427,4458.1577,4856.9046,5290.0921,5022.9188,5525.2107,5702.3549,6074.9914,6825.436,6755.5379,6635.3191,6466.09,6553.0122,6511.1313,7051.9281,7483.3329,7616.7064,7031.2212
TTWO.O,TAKE-TWO互动软件,35.25,36.67,39.1,35.295,38.64,38.175,36.915,35.7,33.135,30.975,27.375,26.55,23.7899,23.37,27.99,25.575,24.435,16.23,16.02,18.3,21.39,20.985,26.0249,26.64,26.07,26.7,30.21,28.755,30.885,29.955,26.445,23.97,25.62,28.17,22.47,27.675,24.66,39.75,38.28,39.36,40.605,38.355,34.2,37.605,24.6,17.79,18.225,11.34,10.53,9.285,12.525,13.62,12.945,14.205,14.28,15.75,16.815,16.455,16.875,15.075,13.92,14.43,14.8012,16.275,17.355,13.5,15.375,12.45,15.21,16.005,16.5975,18.3975,18.7125,24.105,23.0475,24.27,24.585,22.92,20.235,19.83,19.08,23.67,20.925,20.325,23.4,23.175,23.0775,21.1575,17.28,14.19,13.17,15.375,15.66,16.725,18.555,16.515,18.255,21.96,24.225,22.89,24.96,22.455,26.3325,27.54,27.255,26.865,24.54,26.055,28.77,29.655,32.895,30.57,30.945,33.36,33.57,35.265,34.605,39.675,41.49,42.045,44.58,39.735,38.1825,35.55,41.055,41.355,47.37,43.695,43.095,49.8,53.055,52.26,52.05,53.985,56.505,51.27,58.365,56.88,60.27,65.205,67.62,66.585,73.845,73.935,80.475,85.47,88.905,94.275,115.11,110.07,119.22,146.685,153.345,165.975,167.325,164.67,190.005,167.805,146.67,149.565,168.12,177.54,169.53,200.34,206.985,193.305
TXN.O,德州仪器,1510.6312,1722.8094,1659.0258,1626.1756,1800.781,1828.7961,2070.8323,2130.8187,2210.3658,1863.5126,2120.0312,2093.2697,1909.7971,1950.306,2121.4886,2269.7984,2042.23,1980.7604,1949.3949,2133.3371,2176.5407,1978.1563,1936.8628,1887.7039,2046.9965,2031.9016,1975.4599,2260.8177,2325.9387,2475.2566,2319.9159,2257.2867,2412.2115,2155.9658,2087.8478,2208.8729,2053.6179,1987.9287,1875.7925,1941.4143,2162.4533,1874.8363,1629.9715,1638.6629,1437.4236,1315.1477,1046.8737,1043.5118,1012.4614,971.8275,1118.1095,1230.8304,1322.1544,1451.6438,1646.55,1683.5203,1621.903,1613.6075,1740.2189,1793.2031,1556.1739,1686.2009,1692.4256,1807.1078,1696.6387,1617.4344,1723.4826,1606.9085,1894.5046,2073.2856,2229.6409,2278.7211,2386.623,2506.2708,2432.3707,2509.7283,2493.4818,2319.0087,2110.4753,1859.3465,1890.5602,2192.0176,2147.0788,2076.4605,2321.9125,2391.4694,2410.1136,2302.6049,2053.1681,2068.3073,1976.1941,2106.7796,1999.0466,2052.7656,2153.6135,2257.3845,2432.889,2532.0285,2609.3985,2683.8977,2661.6616,2583.0941,2924.976,2851.8143,3007.8428,3165.0012,3233.8138,3302.2503,3211.1462,3405.0268,3571.6428,3464.5659,3581.1949,3642.9396,3548.028,3696.0863,3658.4963,3836.5184,4204.2556,4130.4764,4155.083,4570.98,4445.4335,4240.1111,4373.8611,4028.9268,3935.9776,3767.4504,3899.7521,4496.0047,4606.978,4344.6054,4227.2866,4234.4745,4585.8832,4584.6087,4870.7449,5035.5143,5636.2307,5619.2614,5670.9774,5725.1175,6017.7086,5939.5672,6187.7929,6276.2601,6599.0018,6526.1906,6799.0082,6340.7407,6748.4045,6867.8159,7433.3617,8069.2922,8119.3653,8716.0707,9203.1941,9092.4235,8718.153,8511.7168,9447.7092,9307.5681,9449.9335,9541.6145,9107.8276,7948.1863
TXT.N,德事隆(TEXTRON),644.472,692.5522,671.0627,677.6277,695.0742,685.2463,670.0688,644.1405,651.1124,654.0175,716.2963,701.9986,770.2104,803.4956,855.4094,823.9006,832.8769,848.0126,827.1297,771.4726,808.6493,840.3483,900.6042,870.1433,864.5755,856.224,836.9084,947.5331,1000.003,1029.9843,1055.9888,1091.441,1168.659,1300.1589,1297.1532,1343.8499,1057.5514,1020.9866,1048.9555,1154.7595,1183.9077,910.8629,826.1049,781.0654,559.9014,338.465,291.2329,269.2906,175.3204,109.6966,111.9371,209.2483,224.2643,188.6978,262.5361,300.0412,371.1665,347.6997,392.091,368.2177,382.3122,389.9467,415.9756,447.5216,405.0031,332.8573,407.196,334.8187,403.7158,408.8212,439.0606,464.5961,516.6764,532.3988,538.689,513.3181,449.9892,464.7775,455.3284,332.0964,347.7146,382.8015,382.9986,364.8571,502.7885,542.8458,549.594,526.0936,466.6514,491.5401,514.8621,528.1042,517.616,498.6281,464.6083,490.7262,569.3136,571.0952,590.4839,510.0624,534.0304,516.3924,542.7572,534.035,547.6878,571.095,659.1694,729.6451,704.6355,788.0009,780.2607,812.2337,778.8705,760.7748,722.6268,755.0128,715.459,825.5908,861.1749,837.5212,846.4712,881.2768,882.0849,875.1205,899.7942,888.4532,869.9396,772.3949,749.6751,839.899,849.8575,837.1188,681.8902,680.4953,726.9731,771.2375,758.8754,729.3321,778.0075,814.913,793.3589,799.9453,918.6997,969.6021,945.8413,944.4436,950.6313,932.0542,954.8262,941.2442,981.8116,981.0123,1077.147,1054.3566,1113.7316,1131.7386,1173.3363,1196.935,1179.7356,1243.1537,1331.9789,1318.9641,1366.1914,1381.4003,1430.6389,1073.5296
UDR.N,UDR不动产信托(UDR),22.22,22.1,20.87,22.15,23.05,24.05,25.45,23.68,23.7,22.13,22.39,23.44,25.41,26.75,28.54,27.19,27.01,28.01,27.85,30.51,30.2,32.37,33.58,31.79,32.79,32.65,30.62,30.04,30.36,26.3,23.09,25.11,24.32,23.74,22.03,19.85,22.83,22.35,24.52,25.28,24.74,22.38,25.54,24.78,26.15,19.76,15.13,13.79,11.73,7.91,8.61,10.07,11,10.33,10.45,12.79,15.74,14.38,14.97,16.44,15.56,16.8,17.64,20.31,20.33,19.13,21.11,20.58,21.12,22.48,22.3,23.52,23.6727,24.5196,24.57,26.3025,26.4752,24.9411,26.9394,27.349,22.6697,25.7595,24.282,25.9352,27.1222,26.0798,27.8414,27.6718,27.2199,27.1568,28.2031,26.7616,26.3059,25.9595,24.6117,25.4353,25.7879,25.7555,26.1118,26.7874,26.5585,27.7791,27.5398,24.8452,26.0661,27.5591,25.8485,25.9373,27.3075,28.9567,28.9791,29.3076,31.1889,32.4468,33.2604,34.2211,31.1673,34.9062,35.5413,35.5875,38.7185,37.1819,39.6149,38.4741,38.2275,37.6053,40.0279,38.2402,40.8211,41.1237,44.0475,44.8351,42.7917,41.2767,46.3266,42.3129,43.6579,44.7363,45.4718,44.1894,43.9573,43.0857,41.9399,44.9461,43.4126,45.3379,45.0398,46.7826,48.3737,48.8248,49.364,49.0231,48.0254,49.3823,50.0697,49.0385,46.8916,43.1562,45.7235,46.8223,47.2367,48.6226,50.2689,52.2154,52.8163,51.6103
UHS.N,环球健康服务,222.8235,244.797,271.7661,294.275,303.456,322.9316,270.2695,265.8444,247.7434,245.1948,249.6674,243.5195,247.5312,262.1159,265.0381,265.0381,265.2966,262.6833,292.6834,296.3383,313.6622,277.1302,289.3981,290.5512,303.6557,303.7009,300.5515,318.7127,324.7551,323.2309,275.6135,277.9381,286.4658,256.619,268.6262,269.9443,248.4858,282.0896,283.5153,330.7767,343.6694,334.2582,320.5114,327.0616,296.6213,222.5586,197.1143,199.3427,200.8284,195.8189,203.8473,267.9683,292.4754,260.1024,296.0961,313.2901,330.1916,296.7085,298.4925,325.7835,311.4704,331.8837,375.4287,397.1477,453.9607,408.6503,385.2989,336.8791,416.9147,442.7707,441.7007,466.4067,452.2276,491.5674,531.3573,589.1066,586.5295,554.6681,534.3242,448.3464,366.437,430.779,434.0356,419.3591,445.5826,481.9585,452.7882,461.4312,419.1771,466.8822,422.7469,432.6991,495.3023,448.2957,488.7155,533.5369,625.0161,639.3737,705.4206,735.462,764.192,740.0968,773.1448,749.3716,829.4521,891.0609,912.3004,899.3513,907.7627,889.0443,908.8673,905.7665,992.4799,1061.0682,1181.1808,1269.171,1158.9337,1150.1724,1161.3813,1235.0916,1138.1803,1259.446,1307.8905,1299.4461,1440.8735,1580.0905,1614.8947,1526.0198,1388.8182,1358.5515,1353.3025,1330.6955,1254.4108,1230.2365,1390.1885,1490.0609,1504.3327,1495.855,1444.8777,1345.5951,1375.6263,1347.6047,1374.5132,1188.593,1258.4248,1404.4545,1391.5953,1350.3338,1272.0378,1366.2711,1240.3655,1211.281,1242.7588,1150.4537,1214.8759,1270.9385,1362.3204,1281.5589,1328.8038,1281.5589,1291.416,1251.656,1371.3854,1463.0445,1436.9669,1366.3775
UNH.N,联合健康集团(UNITEDHEALTH),1435.588,1472.0832,1540.7255,1526.6719,1569.4788,1684.4921,1689.6612,1663.8156,1815.6589,1870.2579,1933.9029,2007.5631,1919.6878,1881.2423,1805.6424,1607.8169,1420.9817,1447.4877,1546.0772,1679.2539,1590.3617,1576.7854,1586.4828,1736.7913,1689.2744,1686.6885,1713.1624,1716.0731,1771.3782,1653.9763,1566.3291,1617.4297,1566.3291,1589.6154,1778.8169,1882.3117,1644.2736,1503.262,1112.2454,1056.2446,1107.3898,849.7218,908.9595,985.6773,821.8833,768.1485,680.1011,861.0514,917.0521,636.0775,678.5025,762.4643,862.3109,809.7942,909.6407,907.6956,811.7393,841.2394,929.4155,988.0915,1069.7842,1097.6634,1059.0863,983.4837,943.2488,925.3763,992.1728,1033.5541,1148.2318,1178.9734,1194.3442,1184.8278,1346.9173,1397.1191,1487.3537,1619.9651,1610.7514,1702.8971,1638.5185,1568.8575,1527.8994,1589.8502,1615.6906,1684.6427,1721.54,1853.1735,1964.9389,1871.926,1859.2576,1957.4617,1709.5166,1816.926,1861.5597,1881.3814,1827.2917,1829.4986,1862.2164,1802.8522,1937.1837,2029.2854,2120.7099,2226.9827,2477.6373,2439.886,2444.6364,2330.2735,2542.6131,2580.4058,2476.9154,2647.9144,2819.8121,2580.7867,2738.6467,2824.7712,2800.5835,2995.1213,2992.9363,3296.9145,3422.5311,3521.1214,3700.8523,3957.9091,4134.0091,3893.2168,4201.1094,4281.7251,4260.6674,4060.6196,4089.1113,4151.5001,3972.7932,4164.4759,4076.6835,4216.1602,4581.9125,4680.7311,4751.4682,5041.9879,5113.4042,4858.0911,5022.2234,5069.9345,5702.0312,5763.9785,5838.1712,5956.3032,5928.9793,6321.9309,6332.776,6730.6348,6962.588,7219.9507,7136.2171,7659.8191,8341.9364,8060.0574,8656.7196,8268.4505,7849.7837,8671.4434,8858.8844,9031.2072,9321.2778,9882.2772,9826.2375,9653.0115
UNM.N,UNUM保险,96.4968,95.0918,95.6538,94.407,103.667,103.4412,108.5434,109.507,116.1953,115.4511,125.1811,129.4486,116.0622,118.1174,116.9185,116.3975,102.9296,103.9038,93.4332,109.0918,111.6248,114.2922,118.3369,120.0704,127.5886,124.1669,133.562,144.7177,154.3733,151.8722,141.7663,142.7581,142.7581,136.6083,145.3877,139.2421,132.8878,134.5915,129.3042,136.8013,141.9292,120.5337,142.8664,150.258,148.4249,93.5561,88.507,110.4853,84.5009,60.7499,74.5947,98.0186,102.6376,95.1392,113.1048,135.7619,129.1937,120.6825,115.1776,118.0813,118.8391,126.369,150.4162,149.0739,140.7277,132.1988,139.5863,122.6426,135.488,137.7115,131.9991,148.7678,153.7451,163.5468,161.8207,163.8324,162.7807,157.6454,151.5352,146.2542,130.2246,148.7665,140.467,131.4811,143.1107,144.4898,153.4538,149.4729,125.6101,120.4472,119.7769,123.7081,121.8693,129.414,130.116,132.86,149.5896,157.0338,181.2915,179.8373,183.6417,189.3805,204.9587,191.2905,197.1853,206.5678,218.4776,228.3049,210.5062,227.3729,230.8377,218.104,222.6342,228.2148,226.4593,239.2565,226.7891,221.7776,220.1868,231.1895,206.9424,223.5991,224.7318,228.7172,234.0736,239.363,241.1764,225.6991,215.8744,234.4847,248.2222,225.2812,195.1115,194.3622,210.6442,234.3318,252.8947,217.7552,230.2611,245.4235,243.3559,245.3655,292.9831,304.4889,316.2605,339.9296,326.4243,323.9001,314.462,325.9974,352.1458,338.4477,359.1704,367.1583,399.4716,387.2659,376.8469,361.0476,337.3131,344.4051,276.2787,263.3226,284.738,264.3125,280.0078,261.8207
UNP.N,联合太平洋(UNION PACIFIC),234.514,249.6629,275.5348,252.7251,264.7031,257.3229,279.2033,271.1023,285.9875,275.936,305.2926,322.4033,354.2392,354.5996,375.074,366.4757,374.0792,374.7242,342.6372,325.1021,356.0546,366.6958,367.4651,373.5543,410.0085,401.5374,413.6349,465.3647,493.0271,470.4348,486.7355,457.2704,463.3772,524.7728,518.8669,516.7279,513.1904,513.1904,517.6441,599.4317,679.6505,625.1443,682.6079,697.0167,591.1765,554.7056,417.9738,399.2636,365.7689,315.5326,345.7234,413.2535,416.6956,440.2917,486.469,508.1085,495.7053,468.4351,539.6799,545.1399,516.134,577.0899,627.8861,648.1018,614.8266,598.3004,642.7146,630.6982,707.3089,758.1521,782.4402,804.5823,821.6881,831.877,857.3363,902.1519,919.488,914.495,897.6767,811.6713,719.2058,876.8375,916.4317,938.8529,1013.0288,982.2819,957.6023,1001.7938,997.8795,1068.7343,1098.2944,1093.1247,1068.461,1107.4368,1111.4598,1138.074,1190.0351,1247.6455,1295.8733,1346.3761,1413.1609,1410.0535,1449.445,1410.5454,1427.0817,1390.8856,1495.8906,1550.911,1608.5163,1673.7215,1741.2716,1766.9741,1848.9992,1859.4132,1832.5705,1971.649,2030.6468,2181.0443,2195.9418,2240.3233,2204.2164,2271.7579,2046.0178,2006.7258,1916.4724,1811.2573,1853.4193,1639.0846,1690.1268,1708.0967,1615.3423,1504.7024,1385.4037,1527.8943,1541.2629,1690.0611,1642.0547,1701.7375,1814.8615,1874.068,1913.3032,1729.8787,1999.6995,2046.0756,2103.3057,2142.2916,2102.2005,2222.0768,2201.2709,2173.5305,2054.7856,2113.7166,2327.8985,2324.2854,2553.5641,2706.9798,2694.868,2643.1651,2727.9899,2711.7555,2911.7866,2889.7585,3057.2127,3088.4845,3338.8523,2998.2619
UPS.N,联合包裹服务,80.2413,83.6104,78.4852,76.9423,79.8238,74.9574,79.0868,77.1847,75.2684,79.4167,85.1694,82.1628,81.9004,82.0905,87.2219,89.0788,88.9153,90.8801,76.0664,77.7343,79.8317,83.6157,86.8828,83.6046,80.5941,78.7043,78.6034,78.9734,81.1782,82.34,85.408,85.5659,85.1834,85.1834,84.0542,80.6774,83.2442,80.6355,83.827,83.1267,82.0466,71.0139,72.8739,74.6077,73.1765,61.4129,67.6155,64.7512,49.8782,48.8549,58.3933,62.0948,61.1966,59.8205,64.2959,64.523,68.1558,64.7885,69.9045,69.7829,70.2694,72.0426,78.9967,84.7979,77.5069,70.2576,80.2732,79.3633,82.9583,83.7669,87.8359,90.9044,89.702,93.0814,93.7373,94.5571,93.3406,92.6293,87.9172,86.2823,80.8537,89.9313,92.5371,94.3943,97.567,100.0384,104.8851,101.5327,98.0995,103.1,98.9765,97.3448,94.3906,96.6063,97.2098,98.0342,105.427,110.7136,115.0672,114.9868,115.8741,116.6565,117.0882,116.2668,124.1329,133.4663,139.9496,143.6404,130.1758,131.8421,134.0585,135.6003,143.9519,142.2613,134.5427,135.817,137.1566,146.3943,154.3375,156.0926,138.7802,143.8614,137.0876,142.1644,141.3496,138.0588,145.8229,140.1077,141.5999,147.8126,148.8349,139.0388,134.6609,140.617,153.6082,153.0256,151.2938,158.0887,158.6464,161.4254,161.6323,159.2676,172.5291,170.624,162.4232,158.615,160.9247,161.1646,160.1951,167.1791,166.7256,174.1642,182.8907,178.992,186.336,182.8072,195.3421,161.5495,161.9363,175.6141,181.0814,165.6586,186.9604,193.0738,183.4422,167.3998
URI.N,美国联合租赁,17.01,18.92,20.21,18.39,20.08,20.21,18.6,18.05,19.71,19.57,21.16,23.39,29.31,32.6,34.5,35.67,32.58,31.98,27.92,21.66,23.25,23.69,25.06,25.43,25.75,28.56,27.5,33.5,33.55,32.54,32.14,32.6,32.17,34.19,23.27,18.36,18.23,20.1,18.84,18.84,20.59,19.61,16.18,16.19,15.24,10.25,8.07,9.12,5.58,4.05,4.21,6.06,4.75,6.49,7.47,9.19,10.3,9.49,9.22,9.81,8.01,7.55,9.38,14.36,12.15,9.32,13.18,11.25,14.84,18.79,19.62,22.75,26.65,30.98,33.28,29.42,27.34,25.4,23.01,16.68,16.84,23.41,28.14,29.55,38.24,41.68,42.89,46.68,34.55,34.04,28.91,32.31,32.71,40.66,41.53,45.52,50.62,53.41,54.97,52.61,56.84,49.91,57.32,54.77,58.29,64.59,68.73,77.95,80.94,88.34,94.94,93.83,101.05,104.73,105.9,117.65,111.1,110.06,113.31,102.01,82.85,93.06,91.16,96.58,88.91,87.62,66.99,69.33,60.05,74.86,78.67,72.54,47.91,51.57,62.19,66.93,69.67,67.1,79.67,82.31,78.49,75.66,101.11,105.58,126.51,128.03,125.05,109.66,108.73,112.71,118.96,118.06,138.74,141.48,159.48,171.91,181.11,175.09,172.73,150,159.57,147.62,148.8,155.87,163.6,120.07
USB.N,美国合众银行(US BANCORP),2124.2366,2103.0296,2058.9996,1993.2716,2095.4357,2107.7289,2169.8058,2109.1725,2048.1902,2157.6021,2208.6609,2203.7645,2205.2391,2278.9682,2273.158,2343.216,2300.734,2326.2425,2410.614,2415.8872,2527.5895,2574.7631,2559.5458,2783.9167,2738.5309,2743.1464,2720.637,2672.4015,2690.2953,2594.4613,2358.2433,2547.2177,2592.9546,2643.1717,2637.592,2563.4649,2741.9544,2586.0789,2646.7205,2771.859,2714.6061,2313.9667,2539.6386,2643.3482,3024.9017,2503.3959,2265.7371,2137.7656,1268.4703,1223.1678,1252.57,1562.0688,1646.0878,1540.6788,1754.7575,1944.7631,1883.6913,2000.8835,2079.2988,1944.028,2165.9806,2125.39,2239.3691,2316.3799,2073.2335,1938.0703,2072.4778,1803.6627,1879.0665,2103.303,2066.7994,2348.373,2350.9852,2414.5488,2312.1092,2258.7461,2239.5004,2243.0386,2291.3989,2040.8047,2080.6259,2261.8189,2290.9865,2401.8572,2505.7453,2610.5214,2830.3863,2874.1644,2779.4608,2891.281,3011.751,3003.6597,3101.3981,3002.8405,2916.9418,2905.5706,3011.0954,3091.1487,3104.5805,3045.1058,3207.975,3329.0137,3436.7577,3327.1719,3389.8214,3462.103,3634.4668,3765.1877,3702.7452,3834.154,4015.975,3821.0793,3953.1961,4082.1426,3960.5829,3984.141,3964.9371,4037.9231,4189.5821,4283.6168,3993.9128,4251.2157,4185.345,4108.6727,4131.6744,4183.4084,4357.8778,4082.1969,3977.3711,4090.8441,4256.6891,4163.0261,3908.3858,3758.1384,3985.0683,4191.2433,4204.0065,3985.8118,4167.6589,4363.3422,4266.6643,4452.6905,4936.1595,5137.749,5265.7676,5500.8019,5178.258,5156.1373,5116.9233,5249.0715,5336.0168,5181.335,5448.0908,5528.4042,5606.6843,5477.4652,5841.4028,5557.2043,5193.8483,5188.7058,5141.3955,5175.6408,5485.0204,5598.839,5502.3014,5446.0385
UTX.N,联合技术,1623.9967,1618.0199,1646.8552,1647.8272,1735.7996,1670.7275,1649.579,1633.7898,1693.9133,1675.6148,1766.5414,1834.4601,1915.175,1926.7324,1909.2765,2068.6848,2067.5381,2097.3011,2056.6249,2082.8655,2104.1227,2182.8404,2152.0075,2084.9761,2268.3953,2197.6913,2176.2634,2247.5779,2371.2563,2384.0285,2452.595,2519.4668,2716.9595,2585.6353,2534.9615,2594.9706,2484.1063,2401.0841,2343.5344,2467.8282,2429.5092,2110.089,2188.0631,2253.9682,2063.9324,1888.6734,1680.1976,1855.7303,1661.5018,1425.625,1500.6946,1705.303,1850.4192,1827.5572,1915.8399,2102.0787,2157.6761,2176.0905,2394.31,2471.5803,2402.856,2460.2817,2638.0384,2686.0613,2428.8832,2339.8457,2562.98,2364.9145,2583.2366,2711.6187,2745.4858,2871.3251,2965.431,3062.4604,3103.1514,3283.8784,3235.2089,3262.4854,3053.4888,2755.0887,2610.748,2893.4925,2859.5892,2728.5558,2924.9192,3148.8462,3113.9299,3065.1223,2800.0583,2853.7094,2812.5266,3037.8249,2978.476,2973.5303,3069.0402,3141.8298,3354.8352,3489.7494,3600.7431,3518.2686,3715.8669,3639.122,4133.6573,3939.209,4243.0121,4181.2284,4386.7314,4503.0673,4511.7727,4654.7952,4647.6352,4706.9041,4646.0584,4615.2765,4203.5195,4341.0663,4245.3843,4301.6678,4449.742,4648.6222,4639.7292,4954.5005,4763.083,4622.8728,4787.9744,4532.9862,4099.016,3767.9585,3660.1968,4047.6455,3976.1114,3976.9394,3630.0386,4029.5281,4174.6611,4352.7411,4222.5314,4305.2356,4519.3428,4495.3046,4291.2989,4316.6412,4577.8493,4658.5949,4660.7198,4811.5765,4797.0413,5086.8901,5213.1307,5248.8076,5096.6433,5177.3283,5019.9153,5179.0581,5283.6008,5549.8473,6004.0325,5894.3384,5504.1239,5256.084,5491.1829,5500.4214,5971.5845,5824.8011,6183.4885,5493.5348
VAR.N,瓦里安医疗系统(VARIAN),715.373,681.2444,649.9599,639.7213,713.0978,707.7889,744.3823,755.0001,749.1224,863.8323,963.5636,954.4627,1141.6011,1097.4235,1064.8118,993.1417,889.2392,897.7713,859.2819,1010.5852,1012.2917,1040.1633,933.2271,901.9426,874.6397,871.2269,904.2178,800.3152,764.101,806.0033,773.5812,765.8075,794.2479,924.695,947.2578,988.9705,985.7472,994.469,888.1015,888.86,901.3738,983.0928,1137.6194,1197.534,1083.2033,862.8843,765.2386,664.3697,703.9968,578.4795,577.1522,632.706,678.0212,666.2658,668.7306,816.6211,798.7984,776.9941,886.2055,888.2911,953.5147,928.487,1049.0747,1068.983,949.7226,991.2457,1046.6098,1009.4476,1147.0996,1198.6716,1248.1581,1313.5712,1281.149,1313.5712,1282.4763,1331.0147,1280.5802,1327.6018,1189.9499,1079.98,988.9705,1113.3502,1179.9009,1272.8065,1248.9165,1237.1611,1307.5039,1202.4637,1112.2126,1152.2188,1034.8544,1114.6774,1143.6867,1265.7912,1311.296,1331.7731,1339.5468,1339.1676,1365.1433,1235.0755,1270.5313,1278.8738,1374.6234,1335.7548,1416.905,1376.1403,1479.8532,1473.0275,1541.6639,1589.4439,1592.4776,1508.2937,1563.2787,1576.3613,1557.5906,1612.0067,1519.1011,1594.9424,1678.1782,1640.2576,1754.9675,1762.7413,1783.9768,1684.6247,1641.964,1598.9241,1631.915,1540.5263,1398.8927,1488.9542,1531.6149,1531.9941,1462.4097,1483.0765,1517.2051,1539.199,1569.7252,1559.1074,1796.301,1822.6559,1887.121,1720.2701,1703.2058,1702.2578,1662.5654,1796.1702,1951.1859,1942.8356,2120.1189,2209.4028,2079.4379,2274.9205,2142.3863,2230.8138,2392.6811,2379.8345,2729.9046,2555.1907,2626.0612,2474.8994,2523.7165,2434.8608,2471.9019,2398.4621,2396.5351,2555.833
VFC.N,威富公司(VF),1771.5516,1991.8707,1980.194,1894.8119,1889.4546,1924.9294,1986.1558,1995.2388,1959.062,1765.758,1914.4534,1879.5691,1884.324,1861.2285,1942.9643,2089.4549,2148.8707,2339.2235,2335.7794,2407.072,2532.2528,2638.472,2721.087,2869.0637,2651.9963,2786.2215,2907.9562,3090.6273,3300.752,3242.2092,3037.2257,2826.9317,2878.2879,3105.6994,2665.8471,2466.9282,2777.3601,2732.0888,2805.9895,2692.6783,2740.4645,2596.9293,2611.5229,2891.355,2840.3816,2024.3827,1921.1429,2034.8038,2081.2435,1928.1781,2148.1043,2229.3494,2137.1964,2102.7061,2457.5258,2642.5336,2775.3874,2722.1251,2786.4997,2829.5518,2782.8047,2989.4965,3120.526,3364.6395,3011.512,2792.7441,3112.509,2768.8108,3204.5106,3292.3163,3278.0775,3433.86,3295.9955,3811.991,3951.6963,4033.1126,3997.4178,4383.3804,4716.0909,4726.5891,4934.3566,5612.4652,5631.5497,5183.2759,5366.9498,5961.2367,5988.1442,6237.1375,5785.5039,5502.8724,6156.4545,6295.8304,6602.7043,6483.3783,6650.3518,6290.4284,6149.1781,6719.1792,7026.8138,7465.3875,7701.6393,8125.1523,8290.9718,7878.9484,8415.123,9089.4321,9917.2045,10589.7725,9928.9735,9952.7554,10557.9304,10423.141,10752.4365,10793.3075,10496.9199,10985.1886,11358.0305,11641.8523,12930.231,12939.5842,11984.2317,13243.6385,13065.3772,12565.7319,12218.756,12154.1935,13435.1416,12623.0031,11940.9371,11820.1448,11326.4717,10961.1188,11022.7476,11464.714,11467.0507,11164.2611,11035,10952.5094,11119.9408,11052.2558,10045.7207,9715.9414,9769.7098,9633.2259,9295.5664,9470.716,10005.6061,9943.7195,9792.6434,10566.9325,11408.985,11533.7335,11739.9607,12862.801,13474.0842,13754.4169,15081.5323,13860.3631,13863.4857,15126.0131,15180.255,15331.4185,17315.5508,17326.8349,17664.0934,15666.1322
VLO.N,瓦莱罗能源(VALERO ENERGY),112.9934,154.9135,159.3277,149.0205,149.4578,172.3055,180.299,232.2253,246.5295,229.4778,209.9652,225.2433,272.5182,235.0815,261.2599,282.9369,268.465,291.0887,295.0708,251.4903,225.5088,229.2768,241.6542,224.4966,238.1876,253.0388,283.6023,308.8446,328.6843,325.3367,295.164,302.3571,296.4874,310.8307,287.8033,309.5986,261.1008,255.9193,217.5558,216.404,225.8999,182.9771,148.4523,155.1572,135.2492,91.8623,82.5721,97.3766,108.5362,87.7615,81.0593,89.8445,102.0388,77.0423,82.1054,86.1789,89.168,83.2357,73.6965,77.6851,85.4305,81.4827,91.6215,96.6909,87.094,83.8303,79.2145,73.7452,81.8819,83.9395,91.3229,108.3873,118.8885,132.3453,140.0475,132.9089,129.3943,120.3131,118.1958,107.1596,83.8599,116.0266,105.6771,99.8878,113.8389,116.9184,123.0293,117.921,101.4439,116.1075,132.2136,151.2001,153.2315,140.7525,156.9726,166.023,212.7839,222.8004,222.3117,197.0457,199.5292,170.7514,175.6623,175.5475,168.7291,203.4137,227.0527,250.2943,253.7706,239.5026,265.0602,285.3765,281.061,251.225,254.7351,272.9133,233.2415,252.4977,246.4058,250.9173,268.0506,315.0056,324.8607,290.5466,304.5569,321.8309,339.3676,306.9828,310.9145,341.023,374.4017,368.41,353.6132,316.0954,337.4561,309.7293,290.8995,271.2226,278.0297,297.6519,285.0145,318.5709,334.1472,370.8404,356.9447,372.6988,363.5939,354.3793,340.7478,373.9523,382.3227,381.3958,430.8485,441.8255,483.6015,519.1289,542.0607,515.3867,528.7815,632.292,695.6317,636.1128,679.2741,681.3004,657.4307,526.4647
VMC.N,火神材料(VULCAN),1371.6614,1412.5461,1387.4006,1294.8746,1470.1814,1594.3115,1723.1026,1770.2072,1828.3518,1601.44,1650.422,1676.4031,1778.5957,1964.1694,2154.3706,2112.3523,1949.7689,1948.5199,1672.9792,1973.285,1964.2482,2045.3283,2236.3676,2265.3557,2567.0839,2952.6206,2948.3176,3130.3094,3041.4786,2910.6104,2432.3697,2299.4052,2277.4356,2184.4477,2281.3076,2031.8538,2010.2739,1813.8248,1718.088,1780.705,2003.1353,1556.5765,1671.4059,1961.5665,1952.655,1422.6861,1591.3082,1846.0024,1312.2058,1111.6247,1188.9365,1276.4491,1202.8505,1170.5319,1289.4862,1365.8812,1475.8832,1256.4251,1329.9804,1444.9272,1212.2903,1197.5185,1303.1737,1580.1395,1399.6435,1215.261,1254.3556,1025.9282,1030.3936,1018.951,1127.4883,1246.6446,1196.0594,1295.8457,1288.78,1277.4749,1151.604,1095.8583,975.2656,1004.1822,790.0445,896.97,930.2254,1128.3714,1257.6968,1278.0466,1225.5595,1227.854,993.8132,1139.2833,1111.4539,1116.8951,1357.3777,1319.2104,1516.6746,1493.9991,1623.4504,1462.131,1484.2366,1431.9869,1538.4944,1390.0432,1354.725,1372.8123,1487.9792,1537.9519,1619.2326,1706.8441,1773.199,1952.7985,1910.2526,1855.0579,1754.2002,1834.185,1816.3467,1825.2871,1734.57,1777.1926,1905.2868,1894.6218,2032.402,2395.3848,2432.9029,2468.1121,2598.2109,2424.862,2629.7026,2707.72,2579.8828,2793.3305,2972.3056,2749.3899,2553.3978,2858.4779,3062.717,3122.4802,3392.8342,3497.7433,3602.9429,3314.8205,3310.745,3295.3164,3663.4581,3648.8801,3741.5964,3523.773,3519.9749,3531.6614,3649.0498,3708.4767,3604.26,3557.6135,3508.9112,3571.9894,3693.8655,3773.8282,3980.4965,3468.9919,3364.0942,3291.0194,3772.1818,3811.1616,3307.3772,3280.2878,3292.13,2994.2988
VNO.N,沃那多房产信托,1811.5444,1818.5293,1833.6175,2023.6764,2103.2226,2148.6543,2368.8646,2318.0246,2334.1931,2182.7481,2322.3576,2291.419,2446.4577,2464.4585,2658.5911,2648.6213,2510.3145,2724.2316,2919.7172,2979.4961,3066.425,3354.7815,3572.8151,3442.2095,3489.261,3627.5767,3403.4198,3406.1055,3474.44,3153.7269,3073.0462,3083.8858,3163.7387,3256.3776,2623.2902,2563.5375,2658.0593,2459.6616,2537.6666,2740.1854,2903.3921,2614.3304,2824.368,2980.8368,2725.7903,2114.3981,1625.1949,1834.9955,1544.9233,1002.4117,1018.0314,1497.3391,1439.1053,1388.8322,1573.5781,1785.991,1999.9249,1849.3328,2052.9683,2193.4709,2049.0244,2081.971,2398.1316,2641.1126,2480.3969,2329.3635,2643.2448,2608.3049,2752.1381,2811.9882,2644.1656,2700.8865,2877.9532,3049.1472,2858.6776,3158.5937,3237.6366,3066.5072,3078.6837,2851.613,2476.8637,2748.7146,2491.745,2572.4046,2729.9086,2758.5983,2841.9671,2897.3214,2786.9056,2856.9865,2840.657,2784.3746,2780.2583,2751.4437,2644.482,2807.7503,2987.035,2836.7284,2958.0347,3096.6704,2851.3403,2954.766,3024.6675,2924.6787,3023.9667,3203.8362,3188.8683,3220.057,3356.5682,3519.5901,3602.5631,3750.2331,3941.3355,3928.453,3902.3197,3924.138,3705.0802,4057.945,4162.2186,4391.6705,4574.8611,4558.2915,4639.4824,4286.9646,4163.6869,3956.9406,4066.1494,3658.5349,3794.0673,4219.127,4085.8946,4221.0213,3761.4073,3672.1132,4015.2577,4070.535,4088.6458,4285.5446,4597.1583,4448.8464,4358.4139,3995.3922,4239.8347,4526.9723,4641.727,4797.1643,4379.7538,4202.0487,4056.0632,4130.8496,4319.4419,4086.0137,4217.1128,4106.3093,4292.494,4323.4628,3998.8826,3708.2272,3754.5313,3795.2565,3924.6123,4161.6317,4049.0334,4373.4663,4146.2732,3866.8258
VRSN.O,威瑞信(VERISIGN),103.36,109.68,114.8,105.8,128.88,115.04,105.24,87.2,85.48,94.52,88.92,87.6,95,94.64,95.96,94.08,89.8,92.68,71.72,80.96,80.8,82.72,104.36,96.2,95.6,101.2,100.48,109.4,119.32,126.92,118.76,128.8,134.96,136.36,163.6,150.44,135.68,139.2,132.96,144.2,160.16,151.2,130.16,127.88,104.32,84.8,86.36,76.32,77.24,77.32,75.48,82.32,93.64,74.08,81.76,84.76,94.76,91.24,89.76,96.96,91.64,99.68,104.08,109.12,111.64,106.2,112.6,116.36,126.96,139,137.24,142.2072,146.473,153.6116,157.6162,160.9679,164.9648,157.6162,147.0174,146.7348,134.7699,151.1627,158.1815,168.2622,174.4801,174.0562,180.651,193.6522,180.0857,205.2403,209.2443,224.6008,229.3585,174.6215,160.8665,182.865,204.4866,215.792,222.6694,217.0167,221.586,210.3748,225.3545,226.0611,239.7218,255.6907,267.844,281.5989,276.747,259.6005,253.9477,222.2455,235.9062,229.9238,254.6072,268.8568,259.6476,281.5047,283.1063,268.5035,256.6328,301.5718,315.468,299.1694,297.662,290.7374,334.169,324.7479,332.379,379.6733,421.3149,411.5169,356.1204,397.9975,417.0754,406.9947,402.5668,407.2774,407.9839,350.7032,368.5563,395.7835,371.4298,358.3344,377.8362,388.4821,410.3392,418.8654,424.7065,437.8962,476.5701,488.7234,501.1594,506.4823,542.1886,539.0796,541.3407,546.5223,558.4872,553.1171,614.449,647.3289,684.1186,747.1462,754.2592,671.4471
VRTX.O,福泰制药(VERTEX),10.17,11.54,9.36,9.53,13.92,16.85,15.95,18.4,22.35,22.75,25.5,27.67,35.72,43.24,36.59,36.37,34.5,36.71,33.52,34.45,33.65,40.6,44.3,37.42,35.35,30.69,28.04,30.74,29.8999,28.56,32.3,38.96,38.41,32.34,25.39,23.23,20.36,17.5,23.89,25.52,28.63,33.47,34.5,26.86,33.24,26.21,24.59,30.38,33.05,30.14,28.73,30.82,29.77,35.97,36.01,37.41,37.9,33.56,38.82,42.85,38.4,40.54,40.87,38.77,34.59,32.9,33.66,33.31,34.57,38.3,33.13,35.03,38.89,46.67,47.93,55.05,53.99,51.99,51.86,45.27,44.46,39.59,28.99,33.21,36.95,38.92,41.01,38.48,60.04,55.92,48.51,53.33,55.89,48.28,39.79,41.9,44.78,46.82,54.97,76.82,80.33,80.06,79.8,75.15,75.82,71.35,69.42,74.3,79.04,80.86,70.72,67.7,72.26,94.68,88.91,93.57,112.31,112.64,117.88,118.8,110.14,119.43,117.97,123.28,128.29,123.48,135,127.52,104.14,124.74,129.36,125.83,90.75,85.49,79.49,84.34,93.15,86.02,97,94.51,87.21,75.86,81.61,73.67,85.87,90.62,109.35,118.3,123.6,128.87,151.82,160.54,152.04,146.23,144.29,149.86,166.87,166.03,162.98,153.16,154,169.96,175.05,184.4,192.74,169.46
VTR.N,芬塔公司(VENTAS),117.6701,118.6813,116.2964,125.7082,132.9767,142.4892,152.3502,146.9714,153.687,146.1936,150.4892,154.5445,147.6909,149.6215,162.2375,159.7438,158.6192,167.6653,176.8206,198.1994,192.6587,194.8582,194.7082,213.5772,233.4108,231.2912,214.9613,215.1144,216.1349,187.2592,168.5075,196.7126,216.5011,224.2931,228.006,239.3093,233.7563,221.1694,240.4123,259.9515,255.1336,230.363,242.7551,245.7855,270.4871,197.3647,125.7749,186.9395,155.1982,120.1158,128.4701,162.7325,172.5056,172.4121,203.8228,226.3992,225.3306,234.8706,251.2583,259.0257,249.9059,261.6906,284.5051,283.0071,281.3293,284.6296,307.4849,306.2118,315.8278,328.0151,313.9905,324.9255,343.3759,343.1283,339.8764,350.0789,353.0207,333.4837,343.2751,339.153,315.9161,355.6294,337.4035,356.5019,377.0656,361.6105,373.3577,384.408,384.6042,417.2599,444.5616,432.9269,415.3791,422.1853,424.7209,436.0152,446.5922,476.8411,497.789,541.5155,485.3443,476.8319,451.2946,427.405,426.8516,452.8098,394.4387,402.7455,438.6748,438.9561,430.7833,469.9713,475.0921,461.0444,456.7288,473.1279,450.626,498.3436,520.4566,527.234,588.4591,549.0859,542.6123,511.9965,494.3107,466.9216,504.522,413.7546,427.4881,409.6443,406.7466,436.022,427.4453,430.1496,492.6347,486.062,519.0035,576.1014,602.5252,574.9147,564.678,541.6527,483.0503,506.3572,499.4729,526.848,533.1333,524.6904,545.019,576.2061,558.5417,567.5812,546.2246,526.2643,536.8315,509.9514,475.6204,410.6124,427.589,443.9053,471.8759,498.5015,493.5121,524.0612,483.078,515.5912
VZ.N,威瑞森电信(VERIZON),771.4392,779.6759,769.4883,784.8777,775.6696,757.4727,759.2629,725.5475,725.1039,707.8273,718.3852,676.6029,720.4213,766.8414,775.0332,760.5392,718.6324,771.1311,788.3201,820.0207,865.4738,871.7792,823.2423,877.434,917.534,890.8559,903.2422,938.9181,1070.4847,1012.4478,1058.3161,1039.9408,1099.5362,1154.9184,1083.2217,1095.2547,983.1728,919.6198,922.9113,985.6431,985.387,906.7507,882.6271,910.6306,832.0654,781.7645,860.2835,893.2193,798.5274,762.7046,807.3494,822.5476,793.2677,833.1209,883.1558,854.7912,833.5867,827.8951,880.2156,926.9404,835.0356,821.1278,880.4488,832.9575,793.1831,807.5941,852.7917,866.5843,956.3827,967.2003,953.2045,1065.4688,1074.6112,1113.8306,1162.7039,1154.4393,1128.4659,1137.633,1092.4341,1119.5205,1139.1775,1160.6932,1184.2335,1259.2485,1197.4115,1211.7194,1215.5348,1328.4237,1369.8752,1461.9898,1501.7453,1428.5544,1516.0508,1528.4461,1510.6416,1481.5381,1510.5872,1611.7317,1702.4847,1886.9726,1696.9102,1762.0145,1749.4756,1675.2254,1650.2986,1806.1356,1774.311,1757.1472,1735.7586,1719.8541,1719.4926,1707.941,1825.9947,1788.3491,1862.6505,1840.4849,1846.7652,1877.152,1889.8531,1747.5258,1727.7558,1869.1211,1838.1266,1928.0643,1889.8394,1781.6629,1809.6075,1779.4409,1682.7532,1836.6404,1780.6166,1810.7832,1981.7784,2011.9195,2144.7783,2041.5733,2039.9702,2237.9555,2243.1416,2118.4551,2104.2862,1969.4011,2043.1001,2185.5848,2028.0767,2053.7328,2017.3176,1922.4242,1952.992,1870.082,2053.2464,2035.0048,2099.4869,2055.125,2184.7778,2272.3578,2347.7391,2072.8882,2076.3618,2169.7569,2095.8928,2211.9649,2296.7634,2418.1841,2374.5972,2567.2731
WAT.N,沃特世(WATERS),196.32,195.4,143.16,158.52,155.4,148.68,181.12,181.88,166.4,144.8,156.92,151.2,167.8,170.92,172.6,181.28,166.6,177.6,162.72,170.6,181.12,199.2,200.16,195.88,226.76,216.96,232,237.72,241.2,237.44,233.04,246.28,267.68,307.92,312.16,316.28,229.2,238.44,222.8,245.84,246.08,258,271.76,273,232.72,175.2,164.92,146.6,144.68,140.88,147.8,176.68,173.28,205.88,201,201.12,223.44,229.72,235.12,247.84,227.92,238.64,270.16,287.96,273.76,258.8,256.64,242.08,283.12,296.52,307.48,310.84,305.56,332.2,347.6,392,394.24,382.96,351.56,319.48,301.96,320.48,320,296.2,346.28,358.4,370.64,336.44,319.12,317.88,309.92,320.76,333.32,327.24,338.2,348.48,366.28,370.88,375.64,369.6,386.84,400.2,403.76,395.4,424.84,403.68,398.12,400,433.08,445.6,433.64,394.16,400.64,417.76,413.76,413.72,396.48,443.2,463.6,450.88,476.2,481.52,497.28,500.76,534.48,513.52,533.96,485.52,472.84,511.2,531.28,538.32,484.84,481.24,527.68,520.64,550.2,562.6,635.72,629.24,633.96,556.56,538.28,537.56,566.6,619.96,625.24,679.56,718.48,735.36,693.76,733.92,718.08,784.2,788.68,772.76,862.44,818.56,794.6,753.64,770.48,774.36,789.08,757.92,778.72,758.76
WBA.O,沃尔格林联合博姿,7899.6629,7950.3005,8245.4435,7992.9941,8425.9384,8546.7337,8894.2526,8621.7446,8085.7933,8454.2599,8512.729,8248.1039,8065.4753,8372.0564,8049.1928,7825.2413,7589.367,8381.9511,8744.5958,9260.0114,8310.7947,8177.867,7594.2265,8607.0401,8496.3808,8398.2942,8621.8729,8247.9892,8493.8852,8194.6325,8315.0864,8500.6961,8909.9818,7478.4246,6918.3105,7200.0346,6625.2419,6921.348,7220.875,6606.6551,6846.3398,6179.1923,6527.0213,6945.2331,5902.3996,4853.8467,4739.7651,4726.3543,5251.2919,4590.3056,4994.3141,6046.6599,5752.2274,5676.9213,5995.524,6571.2932,7267.602,7337.4268,7569.4653,7147.1012,7016.6939,6887.3143,7248.8787,6869.7247,6286.11,5238.425,5601.3871,5306.6836,6613.6124,6688.6324,6914.4679,7729.9188,8023.5605,8634.628,7997.092,8511.1054,8726.8788,8492.8552,7808.7863,7085.4962,6618.6302,6681.0132,6831.9701,6698.2483,6759.0309,6762.4466,6829.7447,7149.9209,6267.0782,6074.0555,7466.2832,7400.0648,7540.7819,7290.3882,7074.5529,7721.2977,8336.7483,8597.5637,10012.9906,10397.2979,10086.2713,9334.447,10612.1259,10259.8247,11482.8078,12643.8947,12701.39,12323.7811,12304.4716,14649.2438,14235.3138,14638.4644,15575.3696,16056.2112,14895.2603,13180.0141,12907.7898,13985.7982,15017.0022,16678.2622,16142.0189,18261.1985,18612.8826,18228.2281,18941.8804,18632.9495,21322.8554,19173.498,18409.2164,18759.2352,18697.5071,18947.8308,17738.4895,17647.3528,18832.189,17723.3612,17382.6846,18700.9839,17798.1623,18208.5189,18188.2145,18664.2394,19203.5278,18757.0395,18571.1916,19666.0119,18907.8755,19702.4388,18527.4849,17907.7677,18447.4476,18729.5944,17746.0034,15229.5733,16817.7841,16785.4244,17395.6354,16017.0879,15221.9298,15449.7822,14594.6247,14039.0512,15818.0562,16139.9515,17161.6462,18778.9372
WCG.N,WELLCARE HEALTH PLANS,35.2,31.39,30.46,29.5,34.7,35.51,38.32,37.6,37.05,31.5,39.48,40.85,40.43,38.95,45.44,41.88,49.75,49.05,49.06,56.08,56.63,58.75,64.57,68.9,77.48,82.09,85.25,80.59,92.04,90.51,101.26,98.7,105.43,24.19,38.91,42.41,46.9,47.74,38.95,43.78,55.18,36.15,39.33,41.76,36,24.17,8.96,12.86,14.78,9.03,11.25,15.01,19,18.49,22.26,24.27,24.65,26.13,32.99,36.76,31.18,26.7,29.8,28.63,27.26,23.74,25.79,24.81,28.96,27.78,28.15,30.22,29.9,37.55,41.95,43.81,49.25,51.41,43.85,45.83,37.98,49.01,58.45,52.5,59.76,67.86,71.88,61.18,56.47,53,64.82,56.69,56.55,47.6,48.27,48.69,50.71,57.19,57.96,58.31,52.14,55.55,61.03,63.67,69.74,66.68,74.3,70.42,65.11,61.82,63.52,67.47,77.45,74.66,62.38,65.86,60.34,67.87,73.74,82.06,72.85,90.81,91.46,77.43,85.67,84.83,80.8,90.67,86.18,88.6,82.48,78.21,75.98,89.87,92.75,89.99,101.42,107.28,106.8,112.7,117.09,113.51,137.02,137.08,145.54,141.2,140.21,153.41,171.8,179.56,176.99,174.68,171.74,197.74,212.99,201.11,210.38,193.91,193.63,205.16,221.67,246.24,267.42,302.57,320.49,275.99
WDC.O,西部数据,21.54,22.52,25.5,25.38,30.02,26.84,29.98,27.7,25.86,24.2,29.84,37.22,43.72,44.5,38.86,42.08,40.7,39.62,35.08,36.6,36.2,36.56,41.04,40.92,39.2,38.34,33.62,35.36,37.62,38.7,42.7,46.72,50.64,51.84,55.26,60.42,52.9,61.74,54.08,57.98,75.06,69.06,57.58,54.52,42.64,32.94,24.4,22.9,29.36,27.32,38.68,47.04,49.7,53,60.5,68.56,73.06,67.36,73.68,88.3,75.98,77.26,77.98,82.18,69.62,60.32,52.78,48.315,56.78,64.02,67,67.8,68.04,61.16,74.58,79.6,73.3,72.76,68.92,58.98,51.44,53.28,58.14,61.9,72.7,78.5,82.78,77.62,62.78,60.96,79.54,83.64,77.9514,68.8943,67.2842,86.0831,95.2202,95.5444,102.4244,112.5874,128.9623,126.9857,131.6692,126.8017,130.1622,142.9526,154.0595,172.877,177.5544,179.244,189.8301,182.098,181.6225,191.6685,207.4296,213.9087,202.093,205.1164,215.3336,231.6461,203.4593,223.8617,191.4739,205.6329,204.8335,165.9988,182.171,173.4922,169.3787,142.4709,133.068,129.1067,103.1563,93.5889,102.6273,88.7778,101.1066,103.8479,104.3972,102.5514,129.5812,129.5147,141.0833,151.6715,177.9657,171.6042,185.3661,200.0552,202.2788,200.0888,192.2298,199.3436,196.2263,202.7445,179.1019,181.746,203.3416,198.9082,212.0101,181.0369,191.8821,179.024,162.234,146.2534,136.5422,100.459
WEC.N,WEC能源(WEC ENERGY),582.6611,595.5941,608.9744,604.8573,626.5852,673.1907,693.0412,680.0282,693.0489,656.7645,662.7412,682.1257,724.9114,717.8284,702.3724,685.8625,704.2792,711.8749,745.4372,763.7998,766.2866,816.0224,835.1435,847.2832,831.2159,860.5082,870.7374,875.5828,873.5774,797.818,774.3687,803.9101,816.973,868.6802,872.5634,888.4316,830.4309,800.3078,807.0963,870.7613,886.3876,834.3557,832.5106,867.9526,833.2493,807.2683,811.8321,784.1857,832.7536,749.6912,775.1077,752.327,749.3886,773.1275,816.0473,870.0652,864.3247,835.6223,869.4731,960.6618,943.5037,941.501,960.5527,1020.8181,959.9422,994.0299,1063.3808,1099.8223,1140.4687,1174.8012,1196.2078,1169.1928,1197.5983,1186.3407,1222.4119,1250.868,1263.6602,1266.8931,1238.6052,1290.2646,1275.9917,1322.4804,1363.7579,1436.9192,1397.4614,1412.962,1458.5681,1527.392,1581.7821,1654.0993,1703.0075,1598.9858,1586.7701,1620.4685,1593.8452,1564.9665,1674.5354,1768.9352,1837.037,1924.8413,1761.8366,1769.6075,1877.105,1787.5495,1758.8024,1834.1547,1836.1355,1817.2335,1875.698,1950.0205,2064.9103,2150.5231,2036.3624,2098.9922,1949.5754,2046.3193,1941.1368,2241.7872,2247.6772,2399.6457,2537.5093,2337.93,2270.0576,2252.6309,2233.8162,2080.6693,2267.1291,2214.9194,2427.3471,2396.6683,2314.0685,2407.4383,2591.3626,2666.9151,2842.9741,2754.9446,2869.9522,3116.1935,3097.5823,2880.3645,2880.3645,2872.6681,2717.0001,2845.0644,2864.4681,2950.1214,2967.7428,2962.3585,3098.442,3030.3118,3108.8096,3246.0736,3124.632,3354.0769,3485.2799,3331.8052,3224.9748,3032.6623,3173.3633,3253.33,3224.8142,3301.4131,3389.2465,3479.6925,3437.4707,3521.9143
WELL.N,WELLTOWER信托,344.1724,352.3914,328.7617,350.5901,375.079,394.44,415.862,394.803,394.4839,381.4546,372.3621,366.9498,409.352,401.2068,419.3684,390.1696,379.9669,391.8513,412.9294,455.7171,456.5158,478.2896,485.8208,502.6292,550.4539,526.9352,516.2342,531.9917,522.4156,481.7156,438.1512,484.944,537.6923,546.309,552.7231,551.2429,536.1447,515.36,565.0679,615.0887,613.1844,564.9422,641.9256,667.6695,685.1754,572.9318,497.4525,552.4341,494.9653,410.3597,407.9591,454.3697,466.0503,464.0092,545.1087,590.3182,575.2527,613.262,625.476,622.2468,603.7142,604.3439,645.2898,641.0097,624.3696,610.456,656.6895,675.8103,696.5569,751.8812,690.416,710.7048,732.1871,790.0793,793.4079,813.5305,815.8451,804.188,809.5564,793.6375,728.8508,820.5801,792.0211,860.8513,903.1598,870.6888,879.0054,906.7542,898.8353,944.6926,1008.3742,958.3647,946.8853,974.5998,977.9335,1017.7881,1043.5276,1078.2418,1141.6184,1260.3023,1155.3296,1138.347,1095.211,1056.1212,1072.2793,1114.7373,974.2179,932.1102,1007.7996,1036.5474,1051.7233,1113.3091,1129.8968,1119.8898,1137.0446,1222.7953,1128.5254,1286.6673,1347.7782,1384.5557,1499.4627,1425.3088,1429.9299,1331.2248,1313.859,1227.2782,1297.216,1199.086,1281.8012,1227.8565,1211.4526,1304.2431,1192.8561,1239.5006,1347.5537,1349.1084,1355.002,1497.758,1559.8942,1526.0512,1486.6821,1362.6097,1264.7654,1348.3713,1335.6793,1436.7165,1445.6985,1458.355,1499.4837,1547.234,1517.0542,1531.7807,1470.2752,1400.8199,1429.5293,1351.3354,1270.8104,1130.239,1171.7888,1150.4757,1260.6321,1370.8418,1368.8738,1478.7489,1425.7701,1464.5621
WFC.N,富国银行(WELLS FARGO),1884.4082,1839.6746,1852.6868,1857.0242,1886.6057,1923.1448,1915.6496,1877.7544,1844.6842,1896.0217,1996.822,1996.1865,1981.2541,2056.8647,2046.292,2200.7171,2142.8008,2165.7236,2335.5463,2261.3119,2354.3673,2361.5254,2311.029,2332.0146,2374.1401,2293.504,2275.6582,2372.1573,2404.0538,2342.7701,2249.5122,2455.85,2394.0169,2285.809,2200.3183,2048.3382,2312.2679,2003.5884,1994.6774,2039.2321,1908.725,1644.259,2095.6513,2118.4885,2626.5898,2383.0371,2041.6787,2083.3745,1335.6777,871.0998,1025.1621,1440.5544,1839.742,1750.28,1764.7094,1989.2245,2036.9312,1989.2245,2030.4715,1954.4374,2058.7127,1983.2263,2257.4251,2401.7785,2084.3185,1859.8311,2014.5748,1713.9467,1827.8459,1896.6221,1984.1382,2259.7737,2364.0485,2355.904,2320.9038,2130.6058,2084.9223,2062.1403,2053.3214,1926.6052,1780.449,1912.5801,1918.182,2044.2805,2166.6703,2330.5299,2550.299,2496.1407,2409.7247,2514.2338,2542.0527,2575.277,2613.1153,2549.5469,2514.2034,2603.3163,2671.7614,2690.9386,2837.4521,2913.3936,3135.0274,3190.6925,3363.0997,3197.7912,3216.4735,3323.1184,3450.935,3559.1197,3554.416,3663.6321,3925.6583,3917.766,4036.518,4178.0107,4046.0568,4117.5759,4151.9958,4249.6521,4389.7587,4417.1544,4183.4851,4443.8359,4412.2043,4468.979,4569.4838,4592.3475,4725.4472,4383.1554,4220.4206,4449.7287,4559.7596,4498.5214,4156.7463,3912.8793,4032.9676,4168.0671,4262.4218,3977.532,4031.3165,4303.428,3751.0983,3897.652,4520.3702,4707.4377,4811.6488,4977.627,4786.709,4630.1907,4428.8503,4798.6429,4671.3373,4454.915,4810.8197,4897.1789,4960.3819,5329.3141,5778.1817,5161.3946,4631.2051,4591.4409,4806.7412,4935.835,5100.5409,5244.5873,4713.6714,4773.7582
WHR.N,惠而浦(WHIRLPOOL),309.399,290.9353,309.0988,283.2227,316.2062,322.227,367.5897,351.4611,350.1671,362.7837,380.3538,389.2295,374.9168,417.2506,427.1029,419.0717,421.9038,387.793,362.1748,381.68,396.7755,410.0784,404.3319,393.5244,433.3888,420.1341,404.4166,505.0087,533.8315,531.6799,488.2179,463.0952,427.9824,380.3327,390.9833,394.2189,411.8943,409.4213,421.1163,353.1786,359.6582,301.326,369.5186,399.3137,389.1541,228.9575,195.307,205.0773,165.7977,112.1593,149.2934,227.8503,214.7578,216.8982,290.9474,329.4725,358.9767,367.3405,382.7056,416.2491,387.9693,436.5749,452.6041,564.7566,544.0154,457.4438,433.8997,388.5124,424.1365,397.2612,384.6648,468.0791,450.5321,437.0263,452.1766,456.5204,446.5596,433.344,368.9179,337.0155,268.3115,273.1498,266.2324,257.4955,294.7767,412.8039,419.8506,349.7116,340.8172,336.8517,372.101,418.44,459.7517,541.6541,567.6496,567.148,643.1207,632.4483,663.3008,639.8955,728.6292,652.2075,763.8744,737.2842,839.2375,836.7732,879.3062,902.9064,767.292,836.2227,864.1489,886.8135,834.1063,808.9466,828.8187,893.5509,850.5143,1004.6755,1091.7487,1136.1411,1167.4563,1247.2946,1189.0934,1033.3802,1089.5434,1023.3133,1050.988,999.4457,875.5406,952.1192,971.8311,878.2478,803.6204,934.3778,1084.8937,1047.5956,1056.7082,1008.4175,1164.0614,1086.8709,986.6043,911.526,994.3242,1112.6466,1070.5328,1093.1812,1054.6468,1142.9803,1148.8789,1186.5267,1101.4475,1069.6345,1149.5361,1021.706,1057.827,1058.2663,1138.4646,1019.2967,967.362,978.9873,921.1821,930.6007,834.3141,802.4737,762.472,704.7489
WLTW.O,韦莱韬悦,40.199,41.1032,38.5468,34.9713,35.8286,34.438,34.9011,36.8377,39.7492,39.3152,39.474,39.3315,36.9571,36.6696,36.7326,37.6868,37.258,34.6694,35.1339,39.1192,41.3017,41.3343,43.7581,43.4129,44.6701,43.3582,43.5486,45.133,50.9534,48.7475,44.9084,43.0386,45.5718,47.119,44.4587,42.5422,39.2146,36.8057,37.939,39.2259,40.445,35.6885,35.5747,39.1584,37.0027,30.0977,26.4616,28.8563,28.7171,25.3885,25.8052,32.2683,31.2361,30.484,29.5243,30.555,33.7529,32.2937,32.4731,31.8633,31.6822,35.9701,38.1051,41.9533,37.2892,36.9036,37.5791,35.6633,38.1706,39.3844,39.4215,43.2139,46.8952,48.5299,50.6972,51.9031,52.1292,51.9792,51.7642,49.4757,43.7831,46.2544,44.9168,49.7566,49.8464,46.012,45.2038,47.1164,45.5786,47.5187,48.1568,48.5996,48.4367,44.1729,46.0227,44.3462,47.2295,50.364,52.6087,52.8618,52.0359,54.6985,57.408,55.3692,58.4911,60.8399,60.4484,60.8699,58.4927,55.9117,60.3723,56.0766,57.3763,59.6486,56.1358,57.8164,57.4485,56.2413,59.2663,62.5953,60.4859,66.6603,67.7399,68.3726,66.7276,66.3802,65.7999,60.9877,58.4271,63.6181,66.0106,69.7592,62.0644,61.4409,64.5973,67.9943,69.6928,67.9608,67.5835,67.7968,72.8571,69.0872,68.2477,67.361,68.931,70.7489,72.3949,73.3517,81.1006,80.7488,82.6473,82.4197,85.9095,89.7251,89.5691,84.2321,89.6989,88.2623,85.409,83.3438,84.8254,85.4189,89.825,82.9791,79.752,81.0082
WM.N,美国废物管理,29.8411,30.294,29.89,29.517,30.7614,29.5618,29.3323,28.8752,30.1173,31.0647,31.6957,32.162,33.4654,35.2457,37.6533,39.9573,39.0613,38.5033,36.8936,37.0266,39.6189,40.483,39.7794,39.9532,41.268,36.9977,37.6565,40.9396,42.5801,42.9985,41.8754,41.7456,41.8232,40.3271,38.297,36.4558,36.1657,36.6343,37.75,40.6072,42.9761,42.7268,40.2681,40.171,35.9575,35.6606,33.6461,38.1861,35.9391,31.1112,29.8497,31.0974,32.5063,33.1778,33.1189,35.2632,35.4825,35.5539,39.4218,40.5862,38.4735,39.6379,41.7286,42.0316,39.7906,38.2974,41.5531,40.5005,44.153,44.1283,42.6974,45.9636,47.2103,46.2005,46.9754,49.6425,49.3444,47.3011,39.9654,41.9326,41.7531,42.2276,40.5927,42.4213,45.0799,45.3652,45.8077,44.8118,42.5057,44.2515,45.5764,45.8149,42.9412,43.8246,44.0807,45.6642,49.2372,50.5094,53.5927,56.012,57.3105,55.6095,57.9536,55.7612,57.386,60.5864,63.5643,62.94,58.6056,58.2129,59.5526,62.9217,63.2473,63.8541,64.0825,67.0518,68.3939,70.3509,70.1207,74.4193,74.5788,79.0017,79.1928,72.3293,72.5045,68.2154,75.2504,73.6756,73.8751,79.7334,79.7483,79.7243,79.0969,83.4289,88.772,88.456,91.706,100.3858,100.1586,96.8563,97.2001,100.0966,106.602,108.7334,106.5713,112.4289,112.4731,112.2571,112.4576,113.7951,116.5876,119.6284,122.1096,128.1941,128.9824,135.3335,138.6737,135.3649,132.638,128.1757,130.4147,128.9703,142.7014,144.1284,144.0037,142.5853
WMB.N,威廉姆斯(WILLIAMS),236.1568,264.5349,264.9556,239.7419,259.3213,268.3506,299.9878,318.0525,355.0452,316.0682,304.7294,329.4739,339.0012,306.7222,305.3376,313.046,322.6101,334.8132,347.5693,354.2871,343.355,351.4103,399.3102,376.9375,389.4925,389.2039,412.1169,427.1767,461.3735,459.3397,468.4916,451.7923,496.3886,531.8033,505.8617,522.9452,467.2599,526.453,483.4204,520.3585,557.5898,592.5403,471.1217,455.7931,348.9643,309.4199,239.332,215.3582,210.4502,168.0627,170.9685,211.8326,252.0959,236.0492,252.3806,250.1864,271.9484,286.8622,302.689,322.6242,318.9511,329.6644,355.2537,363.097,303.7343,282.9666,300.4585,282.5973,297.8729,335.2823,355.5458,387.3666,422.9379,475.7464,490.6382,521.9522,493.9427,479.217,502.1877,430.9525,388.6396,480.7699,515.4185,531.3674,463.7798,480.8376,500.1579,552.4302,495.6125,472.6929,521.4055,534.4522,579.1693,579.5006,543.8925,547.7581,586.4057,580.7173,633.0872,644.4104,594.5544,554.4258,583.4534,618.7986,627.1959,615.9836,607.5313,672.5203,705.9981,720.1216,714.4803,742.475,826.8111,1034.1121,1006.043,1055.9632,992.9811,995.8515,928.397,816.0742,796.4623,890.5269,929.984,941.0136,939.3592,1068.0688,976.6902,897.0363,695.4027,744.279,689.93,496.658,372.9766,309.0102,322.0317,388.5622,444.0711,446.5789,494.8912,576.8569,638.8417,607.0347,638.218,651.5162,603.3952,592.9342,625.4648,647.448,604.5385,646.6825,678.7176,634.9362,647.3662,614.7929,626.6574,664.6708,684.2904,605.1578,548.7331,567.9365,592.8789,606.2678,665.3068,661.7286,615.1539,550.4485
WMT.N,WALMART,15691.7691,15455.1947,15050.2437,14158.2216,14230.6694,14522.9359,14869.4375,13589.5565,13244.9815,14299.8648,14677.6883,14188.7351,13979.5422,13752.1586,14375.006,13702.5089,14794.7578,14709.2566,13588.5805,13707.2969,15117.2603,15104.9998,14130.2859,14206.9357,14671.476,14862.2144,14512.9588,14812.8006,14782.1765,14940.557,14269.7691,13617.6609,13623.9032,14110.8056,14950.4001,14901.782,15908.1932,15547.6409,16594.8624,18264.429,18265.4027,17778.2409,18543.7808,18761.3372,19021.779,17725.9223,17748.1551,17882.1939,15030.4848,15706.729,16712.5934,16167.2689,16041.4354,15622.1779,16086.5862,16495.6966,15918.4932,16109.8134,17689.0161,17419.5586,17413.0405,17621.6189,18222.2162,17579.8503,16666.522,15845.7222,16874.1942,16624.3754,17745.0453,17960.5588,17934.034,17979.712,18693.1661,17329.6019,17474.5676,18458.2464,18661.4834,17958.5518,17813.2342,18105.4877,17666.3811,19307.074,20049.13,20468.9708,21017.0022,20236.0575,21102.3289,20312.7156,22849.1595,24203.0295,25838.0878,25338.9398,25757.7653,26183.5712,25136.5075,23945.6962,24549.3397,24840.6328,26431.4367,27452.2419,26593.5243,26469.1558,27695.0733,26090.0671,26440.4134,27437.8275,28960.761,28295.1258,26853.2214,26860.413,27659.788,28846.8101,27954.8415,27335.8076,26793.2426,27673.5057,28029.0461,27955.7388,32086.6051,31654.0109,31322.2851,30935.2717,30498.1384,28940.7866,27712.9752,26466.6935,26858.4887,24318.163,24359.4885,21504.2739,22105.3717,23222.4559,25139.3503,25131.7736,26138.3449,25520.0923,27210.0715,28071.1984,28051.9768,27651.8017,27915.0047,27102.1718,27260.8678,26945.2955,26017.4916,27650.8942,28305.8147,29523.1846,31072.7762,29918.4186,31622.2821,31057.3863,31085.2333,34733.1932,38679.5141,39491.2274,42630.53,35996.0038,35792.2226,35587.052,33414.657,34673.6779,36122.9688,39032.3853,38238.382,40832.126
WY.N,惠好公司(WEYERHAEUSER),226.0009,243.9617,249.6843,250.0853,235.5665,233.7304,253.3028,240.5197,254.3176,234.3051,247.2549,247.3668,260.1192,256.4762,272.0248,264.6636,241.9576,235.4887,221.9079,237.0062,235.2096,243.0843,249.6265,272.6672,291.7953,334.2418,290.7837,308.2137,321.3171,309.4382,279.2902,269.5245,285.8534,300.1263,291.716,293.9483,272.085,246.1798,261.6264,259.3647,253.0714,207.638,219.6519,227.9926,248.906,157.0351,157.0305,127.7699,115.123,101.7327,116.0915,149.554,142.4283,129.0677,148.8343,158.8161,155.6729,154.3561,165.6251,183.4892,169.9127,172.042,192.7807,211.0898,181.5065,150.0477,460.0751,445.3254,447.0273,460.0751,474.8533,538.5844,659.5027,698.8749,704.3147,658.7919,620.8291,630.0521,576.1547,524.1587,452.0614,522.7051,492.3968,547.5311,587.1223,616.9754,647.3959,601.3221,592.5044,665.4143,694.8759,745.848,782.6763,829.0859,830.3453,838.1787,907.4746,891.2455,950.9448,924.5801,909.4667,868.9036,866.1588,841.8267,880.2593,941.8358,933.0105,977.6017,925.2689,920.5804,915.5891,931.1869,987.3422,1039.8203,984.1998,1075.9471,1009.7106,1082.291,1128.6384,1147.1773,1145.8988,1131.5843,1068.4141,1015.5574,1049.3986,1024.3984,998.0567,908.6251,899.1941,975.0561,1069.47,996.6649,851.3872,863.6876,1041.7562,1080.0906,1059.2421,1011.1174,1111.3121,1081.7631,1095.3753,1036.7605,1067.936,1042.3028,1085.2558,1168.0442,1187.9719,1184.1262,1152.3117,1182.1596,1165.2212,1150.7529,1212.1706,1279.1374,1271.7643,1267.4508,1349.4074,1259.1833,1269.7037,1334.2772,1354.2297,1333.798,1250.3899,1269.7786,1192.2707,983.8912
WYNN.O,永利度假(WYNN RESORTS),65.56,71.57,67.74,52.94,46.85,47.27,56.3,47.72,45.15,46.63,55.83,54.85,64.58,66.45,76.85,76.11,71.2,73.3,64.01,77.41,68.01,73.54,93.8309,100.2394,119.3474,104.6933,101.3182,109.1686,103.0698,95.7534,103.1339,132.1537,168.2868,172.4203,142.111,125.531,128.7216,112.735,112.6678,117.9295,111.9849,91.0724,109.1301,106.8239,91.397,67.6186,44.579,47.3106,33.675,23.4538,22.3567,43.9185,41.4892,39.5188,57.2855,60.5992,79.3623,60.7,76.7335,69.2313,73.5709,75.5802,90.1565,104.9111,100.0523,90.9751,104.585,96.4089,103.7762,128.1625,130.4969,134.0337,150.1554,158.6745,164.1344,190.5909,189.7749,185.9152,199.6551,201.0062,149.5074,173.1558,163.9278,150.2355,156.6805,161.9134,170.5732,182.2107,141.4151,142.3483,129.36,142.3581,159.2887,167.0434,166.0938,166.2268,185.038,174.1467,186.4517,204.5368,203.9066,192.0224,199.7652,213.1679,238.8163,251.2702,256.8416,300.7247,336.6642,377.6064,345.9329,317.4983,336.8193,325.2092,334.046,304.1561,295.01,299.6304,285.6499,237.911,236.6155,230.1315,203.2909,179.3734,163.3284,160.0518,167.4486,122.3455,86.5955,114.0315,103.023,113.56,110.5236,136.2409,154.3281,145.8544,159.7255,150.5252,162.6649,149.0781,162.5973,157.8072,171.2379,145.2475,170.2977,162.2532,193.4045,207.5795,218.0886,227.2731,219.1731,236.4333,253.325,250.8924,269.785,287.7218,282.6018,286.7322,312.17,318.7264,336.8598,287.588,286.6256,256.2709,219.5077,173.7957
XEC.N,CIMAREX能源,36.25,40.67,39,35.5,37.63,38.91,41.94,42.74,45.33,39.26,38.91,43.01,45.56,42.7013,43.3018,42.9915,40.6359,43.0805,40.9064,38.4103,35.2914,36.1238,37.7599,36.6455,37.6294,35.0269,37.2079,39.6,42.287,39.651,38.0815,36.0678,37.5182,40.8016,38.9472,42.8793,41.1451,53.2041,55.2636,62.896,68.8529,70.3989,52.6552,56.1887,49.4812,40.9325,28.7573,27.1456,25.1791,19.965,18.6747,27.3313,33.2106,28.8531,36.4278,39.8092,44.1736,39.9316,47.8245,54.0834,50.2443,61.0836,60.6951,69.5878,75.1957,73.2513,70.478,67.0227,67.8013,78.6302,82.5939,90.7876,106.7854,119.1817,118.2683,113.4961,98.5529,92.3786,90.5294,73.1447,57.3099,65.8498,69.1275,63.7894,60.1619,83.2567,77.8899,71.326,55.0794,56.9922,58.6155,59.2666,60.6548,59.2356,62.4066,59.9257,66.2888,69.9955,78.4498,76.0997,73.0834,67.7173,79.6374,87.4809,100.6223,109.9643,98.8593,109.6567,102.4131,121.1042,124.6627,124.6731,135.3193,150.3362,145.6834,152.2953,132.7496,119.2574,110.261,111.3641,108.4224,115.4033,121.0956,130.8914,121.7027,116.2239,109.7021,116.5974,108.1251,124.5633,125.7477,94.4323,98.2569,88.9536,102.9693,115.2596,123.1803,126.4007,127.1422,140.1124,142.4338,136.8793,146.2475,144.1474,143.4155,133.4307,126.8186,123.8362,114.233,99.8424,105.1738,105.9615,121.0025,124.4728,123.6811,129.9658,119.5161,102.4378,99.6767,107.2351,99.2195,108.6375,105.2846,90.3744,99.4247,85.0149
XEL.O,埃克西尔能源(XCEL ENERGY),366.2598,356.7962,350.2181,350.2181,375.6997,402.3535,400.0861,396.582,408.6871,382.0109,385.7622,389.1518,409.3893,391.2598,387.1429,401.8607,400.3676,413.9171,432.4765,448.8778,450.4593,481.4352,500.8497,507.8979,513.8447,520.4522,548.7278,535.393,510.0568,460.0487,456.2281,463.1951,489.2462,512.1867,524.9062,517.7741,476.0218,454.6868,462.9614,482.6866,494.5217,471.2052,470.9705,481.5356,474.7557,413.7191,446.7311,446.4336,444.2676,426.9397,454.1048,449.4736,418.0299,454.8587,492.6606,487.9662,481.2491,471.7442,508.2631,536.8161,525.6852,526.4441,542.492,556.5661,524.3237,533.6647,569.3978,577.6837,601.3351,624.6345,615.21,623.1412,623.6704,633.4607,638.9479,650.7159,661.6815,656.8559,648.7466,666.8574,674.3585,706.0416,718.0593,762.1534,733.4761,730.443,737.1989,753.6306,780.3669,798.6592,823.6788,784.041,786.6069,801.9359,767.8714,765.8188,796.4974,822.8753,859.5776,920.0663,831.2144,828.0815,875.125,815.8093,815.0806,851.9821,827.1843,833.1123,862.0356,903.1844,914.1964,959.6654,926.2412,980.0172,936.5352,974.544,933.3094,1027.5613,1041.9908,1112.1375,1161.9855,1092.3221,1087.8753,1059.7487,1064.1239,1015.6836,1094.2745,1064.6056,1128.5212,1135.5326,1136.4887,1154.893,1229.1844,1271.6366,1356.2821,1298.2299,1341.688,1463.933,1437.7796,1352.1274,1356.0668,1369.5813,1285.8572,1352.8064,1373.4143,1452.8543,1489.78,1509.8896,1605.7449,1549.5311,1597.8273,1671.7914,1609.9548,1684.8047,1755.9122,1649.246,1564.5726,1483.67,1572.8243,1619.8568,1574.2076,1593.993,1635.1688,1676.6936,1660.3668,1723.6724
XLNX.O,赛灵思(XILINX),352.0027,364.7954,353.0785,325.4169,336.3172,308.8257,343.3415,340.9555,338.1628,290.8079,321.9565,306.9789,342.9007,333.0377,310.8189,337.7989,318.3947,277.3707,248.7152,281.3359,270.0185,313.812,331.0337,293.8819,299.9299,317.3779,318.7405,365.1951,354.228,332.9594,310.9445,319.5149,326.6375,304.895,275.0835,274.7067,274.7067,282.3136,299.8635,312.7419,345.3,320.5451,315.2132,331.6817,299.3817,235.1646,210.4646,229.2469,216.7683,229.3515,248.5506,265.1552,271.0742,267.4145,283.4908,292.5677,308.0907,286.1218,300.0369,332.108,312.4943,344.6471,340.2439,344.1133,328.4187,339.2989,375.0287,326.1243,359.8986,362.0602,368.6454,393.7834,437.5371,451.295,445.8813,473.856,487.1634,497.9498,438.2832,427.892,377.0507,459.771,452.08,443.0965,495.4775,513.0443,506.7928,505.4035,447.0974,469.4733,453.1109,477.3763,470.3374,461.3277,491.0487,508.2106,517.1246,531.3241,544.1546,540.448,583.2914,568.3683,669.96,626.4055,675.9033,655.3886,644.535,666.1501,673.4035,761.4811,791.6777,688.3964,689.3274,694.465,603.7486,624.5694,626.0477,657.5349,676.1345,644.1431,573.9852,635.2293,634.1798,650.0718,715.9625,666.742,630.355,637.1831,644.9406,724.3413,760.7668,719.1229,769.6467,727.6117,730.8476,663.8185,735.8471,716.2825,793.1435,847.1655,849.1971,794.9697,849.099,949.6129,915.4791,930.5058,915.7937,998.3717,1061.0727,1023.058,1006.1979,1056.5273,1132.816,1178.5573,1117.1103,1083.5214,1173.5202,1151.09,1167.0841,1037.8389,1106.1156,1059.8312,1170.4265,1270.2237,1308.4137,1393.2802
XOM.N,埃克森美孚(EXXON MOBIL),2690.9789,3317.8341,3123.4073,2988.7234,2960.2265,3027.1213,3094.5428,3170.5806,3363.2503,2971.5592,3087.2788,2988.3242,3338.3896,3175.3501,3255.0414,3373.7761,3274.1014,3297.7528,3641.2351,3654.3493,3623.5679,3856.8587,4165.9152,4156.1526,4018.934,3904.238,4109.5808,4323.6385,4549.6281,4588.4671,4656.8455,4708.4151,5083.5285,5052.2233,4915.8324,5165.5937,4763.6599,4817.9982,4683.442,5153.5581,4936.8595,4901.8187,4473.5423,4472.9101,4341.5348,4143.6333,4506.5027,4488.5105,4300.1538,3836.9737,3848.2756,3767.4674,3942.2985,3974.1324,4001.4187,3954.9401,3924.0555,4099.068,4318.5164,3922.7339,3706.4342,3763.6181,3878.2637,3924.0062,3524.5181,3326.8979,3479.048,3470.4768,3627.8254,3903.7727,4109.7342,4320.0656,4766.7244,5079.9027,4996.7522,5225.4161,4985.6697,4860.8339,4765.8631,4450.4178,4366.8447,4695.1246,4865.2346,5126.5201,5064.8277,5260.3958,5274.3829,5250.6655,4814.7329,5239.6884,5318.0663,5380.3607,5636.1281,5618.8715,5466.1409,5367.5346,5579.6312,5589.0645,5624.0157,5554.1134,5685.5452,5678.0038,5891.6752,5515.3886,5444.5162,5671.0547,5955.5601,6447.3971,5871.4636,6176.7497,6267.2162,6570.6963,6493.8659,6503.5553,6391.1577,6469.5038,6117.6033,6290.6265,5931.8102,6056.9456,5727.4006,5844.4412,5610.7691,5767.2106,5670.4867,5537.3767,5271.8222,5054.4527,4994.6646,5558.2857,5533.5559,5282.1538,5275.3775,5480.5284,5715.75,6044.6501,6138.2018,6463.6602,6133.375,6059.8088,6069.5445,5794.1619,6124.6919,6332.3561,5885.4571,5757.3229,5806.1737,5780.6863,5753.0876,5769.525,5720.2128,5507.9457,5915.6477,6014.5064,6065.7999,6091.2895,6357.838,5572.357,5489.2205,5720.2371,6037.5869,6148.3206,6057.6528,6019.5209,6383.6806,5982.7296
XRAY.O,登士柏西诺德,366.2525,359.0672,355.8135,357.2522,373.0778,353.5245,364.9813,346.7814,354.0542,361.3948,364.5408,352.3363,352.4019,373.9923,382.0728,392.0599,392.914,398.6327,411.7889,428.6289,396.5712,411.981,420.5419,393.6763,406.7329,415.9648,432.4469,441.1619,477.3408,505.7457,482.3487,520.5506,550.9577,548.8407,566.0416,596.2687,547.1315,517.0664,511.8503,515.4306,537.5754,488.5588,534.3612,520.2886,498.9774,403.8075,346.6524,376.0684,358.357,307.8861,358.2456,381.8618,390.401,408.5778,445.7334,450.6786,462.3068,441.159,445.9775,471.4022,449.4204,443.5228,468.1921,491.9507,435.3059,402.1233,403.6022,373.4866,430.5,422.6899,416.361,460.7907,478.4564,503.9435,499.5174,507.0797,529.9016,514.9288,512.3595,475.9846,415.6725,500.5949,489.0823,474.6475,511.9519,525.1102,545.1207,557.7537,502.6032,514.3783,494.38,493.4277,519.6244,501.913,540.878,540.3932,569.7254,565.0868,579.8723,578.6426,570.5812,560.5211,586.7955,574.6162,594.9634,645.5316,651.7669,665.2256,633.117,622.6885,632.6657,613.29,649.8428,651.5749,638.7774,656.46,628.4036,699.6503,757.6674,735.0018,690.2284,731.4145,703.1479,704.6677,718.9684,713.241,787.4014,725.1398,700.6492,843.0789,840.4465,844.0981,816.9094,845.624,856.0237,827.8276,863.3853,862.7732,890.5867,854.7073,827.5536,801.6534,810.1476,804.9375,790.576,885.6683,871.8217,882.9917,886.9012,906.563,867.2749,790.9356,837.4618,855.1044,938.2765,922.9771,852.5936,785.9957,706.613,707.0344,615.3193,615.9836,677.0612,561.8018,532.3471,488.4785
XRX.N,施乐公司(XEROX),244.2872,239.9799,233.0574,203.8291,208.7517,212.1361,203.2137,206.2904,209.9824,208.7517,218.4432,225.3657,220.1354,229.2116,233.8265,215.9819,211.2131,213.9821,216.7511,227.8271,239.3645,261.5165,253.8249,260.7474,264.5932,265.67,259.8244,284.5915,290.2834,284.2839,268.5929,263.5164,266.7469,268.2852,259.6705,249.6996,237.9781,226.7192,231.5395,216.0726,210.0405,210.3753,211.6165,216.1156,179.5111,124.8637,108.8276,124.7758,103.9537,81.0964,71.8081,96.428,107.3176,102.9251,130.0859,137.3923,123.5203,120.0094,122.882,135.6906,139.8608,150.2862,157.0693,175.5954,149.981,130.1546,157.6749,136.7109,168.2307,190.1576,186.2728,187.9379,173.2552,175.376,174.4414,165.2689,167.2345,171.2448,153.4787,136.5352,115.304,135.3209,134.8246,132.3709,128.8787,136.8609,134.9686,130.0379,120.6778,132.2829,116.4829,123.8787,124.0864,108.8714,115.1265,116.0101,136.2523,137.9533,147.2835,146.941,150.5375,156.3349,167.1939,172.0201,178.3475,172.2813,197.2396,211.9283,188.9419,191.3798,197.9078,211.7438,216.2974,218.9555,233.3882,243.0688,233.963,234.8472,246.8725,246.1923,233.9359,242.4621,229.5001,205.3892,203.9604,191.2456,198.0758,182.7977,176.112,169.9581,190.9539,193.6749,177.6416,175.0909,204.8204,176.1896,182.9803,175.6904,190.6861,182.3552,188.9992,182.2826,174.4465,164.2565,197.9648,212.5337,211.4923,207.1703,203.7126,207.4051,221.4101,232.9607,242.107,220.4345,215.7072,213.8114,250.339,222.3932,212.9331,232.6875,201.0952,179.3974,194.1229,208.2505,203.5503,210.2649
YUM.N,百胜餐饮(YUM BRANDS),93.3737,98.269,104.373,94.7874,103.5274,105.122,105.8995,95.8456,97.9292,103.1447,98.9273,95.0545,100.5403,96.9431,99.3006,105.2853,102.6777,102.4128,91.9512,99.8794,106.3568,121.8309,125.3756,120.4786,123.2752,119.0229,119.2817,127.7487,139.8503,135.1418,132.9384,135.7599,140.3654,167.7461,154.7496,159.415,142.8783,144.0913,155.6353,170.8139,166.6989,147.3417,151.2009,150.6099,137.6511,123.2683,114.4725,133.8487,122.3891,112.3824,117.514,143.5298,149.0386,143.4867,153.4152,148.1802,146.0603,143.4183,153.5164,152.2106,149.7765,147.6312,167.8145,186.6736,180.2047,171.7995,182.6646,184.4337,203.7174,220.3475,222.6595,218.08,208.9588,224.9122,229.6044,240.9117,248.4571,248.0978,238.3076,245.3007,222.8325,243.0264,254.2318,267.7056,288.6752,301.9397,324.4576,332.9084,322.0602,294.8709,298.141,292.9911,305.0382,324.0167,310.0134,306.8707,301.6771,304.1856,334.1954,318.0449,316.3174,323.741,342.0252,328.423,334.8489,318.8119,366.2423,356.4828,318.2037,351.0429,357.2506,366.61,368.1338,386.6572,331.9605,346.4538,344.3013,345.6736,371.7567,350.5823,349.8145,392.5491,380.9822,418.2119,438.4024,438.2565,428.8807,389.8338,390.7135,348.8282,356.6991,359.3555,358.38,358.8752,405.3255,396.2065,408.8058,412.9392,447.6972,454.1559,454.6565,434.4609,443.9148,443.4946,461.0295,459.5521,449.5618,464.7514,513.4531,521.3697,535.7001,545.2105,522.4283,528.39,594.6443,581.3936,602.6232,582.4408,609.2798,623.3791,584.6004,562.2457,569.9368,627.2475,656.2674,652.658
ZBH.N,齐默尔(ZIMMER BIOMET),78.85,85.9,77.81,81.42,76.58,76.17,82.36,82.17,68.89,63.77,62.67,67.44,68.95,69.18,67.6,62.9,60.55,56.72,63.24,68,67.5,72.01,72.96,78.38,84.22,84.27,85.41,90.48,88.06,84.89,77.76,78.33,80.99,69.49,64.73,66.15,78.14,75.29,77.86,74.16,72.8,68.05,68.91,72.39,64.56,46.43,37.32,40.42,36.4,35.02,36.5,43.99,44.55,42.6,46.6,47.35,53.45,52.57,59.17,59.11,56.32,57.33,59.2,60.91,55.93,54.05,52.99,47.17,52.33,47.44,49.26,53.68,59.16,62.34,60.53,65.25,67.76,63.1795,60.0505,56.9189,53.5072,53.462,51.3491,54.2645,61.7103,61.7103,65.4796,64.1044,61.7818,65.7524,60.2049,63.1165,69.2675,65.7744,67.5773,68.4663,76.6214,76.9912,77.4707,78.7375,80.8592,77.3888,86.2079,81.6744,85.027,90.5443,94.6228,96.6723,97.4815,97.3466,98.3469,100.6553,108.506,108.2251,104.2758,103.4839,105.0015,116.1648,117.2613,118.6715,117.2903,125.9642,123.1886,115.1381,119.828,114.7236,109.3041,108.7685,98.8844,110.0857,106.3379,108.2341,104.7209,102.1361,112.7557,122.4208,129.125,127.5537,138.9549,137.3337,138.0336,111.8962,108.138,109.8162,125.9161,124.586,130.1964,127.5735,127.1043,137.1616,129.5985,122.0674,125.3388,130.1879,125.3495,129.4295,136.3478,124.6887,117.2146,123.8042,119.8698,120.0563,135.2249,133.1888,141.8969,122.5988
ZION.O,齐昂银行(ZIONS),969.4275,949.7259,991.6805,1006.1922,1023.092,1061.9417,1032.335,1014.0651,1033.8064,1066.4667,1103.2036,1102.1825,1153.3823,1209.2089,1212.2862,1216.6822,1192.6348,1147.1548,1208.9723,1167.6707,1179.7923,1188.514,1162.4101,1224.8094,1260.169,1274.3035,1261.4679,1220.8717,1207.0972,1153.8385,1118.4327,1065.5296,1036.4011,892.1169,830.0963,710.229,832.6823,732.0403,698.3128,710.5773,666.431,487.0251,452.6905,421.0264,607.0686,597.8136,504.4793,387.7325,236.0248,148.642,155.9393,173.3892,217.4414,183.7443,215.8519,281.1855,285.7977,225.2029,209.291,204.198,301.9202,295.2405,347.7914,457.5113,381.529,343.6151,353.4918,293.5676,340.4237,330.7417,310.124,386.3395,375.9755,372.6189,367.8336,389.8462,380.2759,383.1483,349.4772,278.4903,224.8362,277.2128,257.0873,260.1231,268.911,303.7364,343.0623,325.9571,304.3797,310.6177,291.1041,308.0565,330.6207,343.7431,321.342,342.6367,373.3779,386.825,400.2798,394.3533,450.2642,463.8989,475.4482,449.2862,440.4514,456.113,471.801,481.9351,462.4711,502.5323,498.9888,465.8088,461.1453,475.3393,464.8551,470.6779,469.3857,467.932,453.8618,461.1404,387.5456,433.0885,437.3813,459.0074,468.8003,515.1447,506.2979,471.6798,447.9331,467.9389,488.2879,444.9352,369.6385,348.4693,395.7055,449.8065,459.0284,411.684,456.7349,502.5349,509.599,529.1484,655.0907,708.5978,694.6036,740.5643,692.7328,660.2403,662.2068,725.6676,748.9696,723.4658,781.7937,769.863,823.9676,845.2527,898.4656,917.6289,880.236,913.9564,918.771,883.2338,866.6385,898.3222,845.3904,793.133
